135 ta PDF topildi

[1/135] 3-sinf/3-sinf 3-Sinf Ingliz tili.pdf
  ! matn topilmadi (skaner PDF?) - o'tkazildi
[2/135] 3-sinf/3-sinf 3-Sinf Matematika.pdf
  83 ta mavzu (model: haiku)
[3/135] 3-sinf/3-sinf 3-Sinf Musiqa.pdf
  ! mavzular aniqlanmadi - o'tkazildi (keyingi safar qayta urinadi)
[4/135] 3-sinf/3-sinf 3-Sinf Odobnoma.pdf
  24 ta mavzu (model: haiku)
[5/135] 3-sinf/3-sinf 3-Sinf Ona tili.pdf
  ! mavzular aniqlanmadi - o'tkazildi (keyingi safar qayta urinadi)
[6/135] 3-sinf/3-sinf 3-Sinf O‘qish.pdf
  77 ta mavzu (model: haiku)
    [39/77] Jaloliddin Mangubardi - 30 ta
    [41/77] So'nggi damgacha - 29 ta
    [40/77] Ona va Amir Temur - 29 ta
    [42/77] Bolari bilan Pashsha - 30 ta
    [44/77] Baxilning yomonligi - 30 ta
    [43/77] Alisher Naviy - 30 ta
    [45/77] Zog'cha va Tulki - 29 ta
    [46/77] O'yin qo'shiqlari - 30 ta

Limit tugadi.
You've hit your session limit · resets 8:40pm (Asia/Tashkent)

Limit tiklanishi kutilmoqda: 1 daqiqa. To'xtatish uchun Ctrl+C.
Qaytadan urinilmoqda - ish to'xtagan joydan davom etadi.

[1/135] 3-sinf/3-sinf 3-Sinf Ingliz tili.pdf
  ! matn topilmadi (skaner PDF?) - o'tkazildi
[2/135] 3-sinf/3-sinf 3-Sinf Matematika.pdf
  83 ta mavzu (model: haiku)
[3/135] 3-sinf/3-sinf 3-Sinf Musiqa.pdf

Limit tugadi.
You've hit your session limit · resets 8:40pm (Asia/Tashkent)

Limit tiklanishi kutilmoqda: 1 daqiqa. To'xtatish uchun Ctrl+C.
Qaytadan urinilmoqda - ish to'xtagan joydan davom etadi.

[1/135] 3-sinf/3-sinf 3-Sinf Ingliz tili.pdf
  ! matn topilmadi (skaner PDF?) - o'tkazildi
[2/135] 3-sinf/3-sinf 3-Sinf Matematika.pdf
  83 ta mavzu (model: haiku)
[3/135] 3-sinf/3-sinf 3-Sinf Musiqa.pdf

Limit tugadi.
You've hit your session limit · resets 8:40pm (Asia/Tashkent)

Limit tiklanishi kutilmoqda: 1 daqiqa. To'xtatish uchun Ctrl+C.
Qaytadan urinilmoqda - ish to'xtagan joydan davom etadi.

[1/135] 3-sinf/3-sinf 3-Sinf Ingliz tili.pdf
  ! matn topilmadi (skaner PDF?) - o'tkazildi
[2/135] 3-sinf/3-sinf 3-Sinf Matematika.pdf
  83 ta mavzu (model: haiku)
[3/135] 3-sinf/3-sinf 3-Sinf Musiqa.pdf

Limit tugadi.
You've hit your session limit · resets 8:40pm (Asia/Tashkent)

Limit tiklanishi kutilmoqda: 1 daqiqa. To'xtatish uchun Ctrl+C.
Qaytadan urinilmoqda - ish to'xtagan joydan davom etadi.

[1/135] 3-sinf/3-sinf 3-Sinf Ingliz tili.pdf
  ! matn topilmadi (skaner PDF?) - o'tkazildi
[2/135] 3-sinf/3-sinf 3-Sinf Matematika.pdf
  83 ta mavzu (model: haiku)
[3/135] 3-sinf/3-sinf 3-Sinf Musiqa.pdf

Limit tugadi.
You've hit your session limit · resets 8:40pm (Asia/Tashkent)

Limit tiklanishi kutilmoqda: 1 daqiqa. To'xtatish uchun Ctrl+C.
Qaytadan urinilmoqda - ish to'xtagan joydan davom etadi.

[1/135] 3-sinf/3-sinf 3-Sinf Ingliz tili.pdf
  ! matn topilmadi (skaner PDF?) - o'tkazildi
[2/135] 3-sinf/3-sinf 3-Sinf Matematika.pdf
  83 ta mavzu (model: haiku)
[3/135] 3-sinf/3-sinf 3-Sinf Musiqa.pdf

Limit tugadi.
You've hit your session limit · resets 8:40pm (Asia/Tashkent)

Limit tiklanishi kutilmoqda: 1 daqiqa. To'xtatish uchun Ctrl+C.
Qaytadan urinilmoqda - ish to'xtagan joydan davom etadi.

[1/135] 3-sinf/3-sinf 3-Sinf Ingliz tili.pdf
  ! matn topilmadi (skaner PDF?) - o'tkazildi
[2/135] 3-sinf/3-sinf 3-Sinf Matematika.pdf
  83 ta mavzu (model: haiku)
[3/135] 3-sinf/3-sinf 3-Sinf Musiqa.pdf

Limit tugadi.
You've hit your session limit · resets 8:40pm (Asia/Tashkent)

Limit tiklanishi kutilmoqda: 1 daqiqa. To'xtatish uchun Ctrl+C.
Qaytadan urinilmoqda - ish to'xtagan joydan davom etadi.

[1/135] 3-sinf/3-sinf 3-Sinf Ingliz tili.pdf
  ! matn topilmadi (skaner PDF?) - o'tkazildi
[2/135] 3-sinf/3-sinf 3-Sinf Matematika.pdf
  83 ta mavzu (model: haiku)
[3/135] 3-sinf/3-sinf 3-Sinf Musiqa.pdf

Limit tugadi.
You've hit your session limit · resets 8:40pm (Asia/Tashkent)

Limit tiklanishi kutilmoqda: 1 daqiqa. To'xtatish uchun Ctrl+C.
Qaytadan urinilmoqda - ish to'xtagan joydan davom etadi.

[1/135] 3-sinf/3-sinf 3-Sinf Ingliz tili.pdf
  ! matn topilmadi (skaner PDF?) - o'tkazildi
[2/135] 3-sinf/3-sinf 3-Sinf Matematika.pdf
  83 ta mavzu (model: haiku)
[3/135] 3-sinf/3-sinf 3-Sinf Musiqa.pdf

Limit tugadi.
You've hit your session limit · resets 8:40pm (Asia/Tashkent)

Limit tiklanishi kutilmoqda: 1 daqiqa. To'xtatish uchun Ctrl+C.
Qaytadan urinilmoqda - ish to'xtagan joydan davom etadi.

[1/135] 3-sinf/3-sinf 3-Sinf Ingliz tili.pdf
  ! matn topilmadi (skaner PDF?) - o'tkazildi
[2/135] 3-sinf/3-sinf 3-Sinf Matematika.pdf
  83 ta mavzu (model: haiku)
[3/135] 3-sinf/3-sinf 3-Sinf Musiqa.pdf

Limit tugadi.
You've hit your session limit · resets 8:40pm (Asia/Tashkent)

Limit tiklanishi kutilmoqda: 1 daqiqa. To'xtatish uchun Ctrl+C.
Qaytadan urinilmoqda - ish to'xtagan joydan davom etadi.

[1/135] 3-sinf/3-sinf 3-Sinf Ingliz tili.pdf
  ! matn topilmadi (skaner PDF?) - o'tkazildi
[2/135] 3-sinf/3-sinf 3-Sinf Matematika.pdf
  83 ta mavzu (model: haiku)
[3/135] 3-sinf/3-sinf 3-Sinf Musiqa.pdf

Limit tugadi.
You've hit your session limit · resets 8:40pm (Asia/Tashkent)

Limit tiklanishi kutilmoqda: 1 daqiqa. To'xtatish uchun Ctrl+C.
Qaytadan urinilmoqda - ish to'xtagan joydan davom etadi.

[1/135] 3-sinf/3-sinf 3-Sinf Ingliz tili.pdf
  ! matn topilmadi (skaner PDF?) - o'tkazildi
[2/135] 3-sinf/3-sinf 3-Sinf Matematika.pdf
  83 ta mavzu (model: haiku)
[3/135] 3-sinf/3-sinf 3-Sinf Musiqa.pdf

Limit tugadi.
You've hit your session limit · resets 8:40pm (Asia/Tashkent)

Limit tiklanishi kutilmoqda: 1 daqiqa. To'xtatish uchun Ctrl+C.
Qaytadan urinilmoqda - ish to'xtagan joydan davom etadi.

[1/135] 3-sinf/3-sinf 3-Sinf Ingliz tili.pdf
  ! matn topilmadi (skaner PDF?) - o'tkazildi
[2/135] 3-sinf/3-sinf 3-Sinf Matematika.pdf
  83 ta mavzu (model: haiku)
[3/135] 3-sinf/3-sinf 3-Sinf Musiqa.pdf

Limit tugadi.
You've hit your session limit · resets 8:40pm (Asia/Tashkent)

Limit tiklanishi kutilmoqda: 1 daqiqa. To'xtatish uchun Ctrl+C.
Qaytadan urinilmoqda - ish to'xtagan joydan davom etadi.

[1/135] 3-sinf/3-sinf 3-Sinf Ingliz tili.pdf
  ! matn topilmadi (skaner PDF?) - o'tkazildi
[2/135] 3-sinf/3-sinf 3-Sinf Matematika.pdf
  83 ta mavzu (model: haiku)
[3/135] 3-sinf/3-sinf 3-Sinf Musiqa.pdf

Limit tugadi.
You've hit your session limit · resets 8:40pm (Asia/Tashkent)

Limit tiklanishi kutilmoqda: 1 daqiqa. To'xtatish uchun Ctrl+C.
Qaytadan urinilmoqda - ish to'xtagan joydan davom etadi.

[1/135] 3-sinf/3-sinf 3-Sinf Ingliz tili.pdf
  ! matn topilmadi (skaner PDF?) - o'tkazildi
[2/135] 3-sinf/3-sinf 3-Sinf Matematika.pdf
  83 ta mavzu (model: haiku)
[3/135] 3-sinf/3-sinf 3-Sinf Musiqa.pdf

Limit tugadi.
You've hit your session limit · resets 8:40pm (Asia/Tashkent)

Limit tiklanishi kutilmoqda: 1 daqiqa. To'xtatish uchun Ctrl+C.
Qaytadan urinilmoqda - ish to'xtagan joydan davom etadi.

[1/135] 3-sinf/3-sinf 3-Sinf Ingliz tili.pdf
  ! matn topilmadi (skaner PDF?) - o'tkazildi
[2/135] 3-sinf/3-sinf 3-Sinf Matematika.pdf
  83 ta mavzu (model: haiku)
[3/135] 3-sinf/3-sinf 3-Sinf Musiqa.pdf

Limit tugadi.
You've hit your session limit · resets 8:40pm (Asia/Tashkent)

Limit tiklanishi kutilmoqda: 1 daqiqa. To'xtatish uchun Ctrl+C.
Qaytadan urinilmoqda - ish to'xtagan joydan davom etadi.

[1/135] 3-sinf/3-sinf 3-Sinf Ingliz tili.pdf
  ! matn topilmadi (skaner PDF?) - o'tkazildi
[2/135] 3-sinf/3-sinf 3-Sinf Matematika.pdf
  83 ta mavzu (model: haiku)
[3/135] 3-sinf/3-sinf 3-Sinf Musiqa.pdf

Limit tugadi.
You've hit your session limit · resets 8:40pm (Asia/Tashkent)

Limit tiklanishi kutilmoqda: 1 daqiqa. To'xtatish uchun Ctrl+C.
Qaytadan urinilmoqda - ish to'xtagan joydan davom etadi.

[1/135] 3-sinf/3-sinf 3-Sinf Ingliz tili.pdf
  ! matn topilmadi (skaner PDF?) - o'tkazildi
[2/135] 3-sinf/3-sinf 3-Sinf Matematika.pdf
  83 ta mavzu (model: haiku)
[3/135] 3-sinf/3-sinf 3-Sinf Musiqa.pdf

Limit tugadi.
You've hit your session limit · resets 8:40pm (Asia/Tashkent)

Limit tiklanishi kutilmoqda: 1 daqiqa. To'xtatish uchun Ctrl+C.
Qaytadan urinilmoqda - ish to'xtagan joydan davom etadi.

[1/135] 3-sinf/3-sinf 3-Sinf Ingliz tili.pdf
  ! matn topilmadi (skaner PDF?) - o'tkazildi
[2/135] 3-sinf/3-sinf 3-Sinf Matematika.pdf
  83 ta mavzu (model: haiku)
[3/135] 3-sinf/3-sinf 3-Sinf Musiqa.pdf

Limit tugadi.
You've hit your session limit · resets 8:40pm (Asia/Tashkent)

Limit tiklanishi kutilmoqda: 1 daqiqa. To'xtatish uchun Ctrl+C.
Qaytadan urinilmoqda - ish to'xtagan joydan davom etadi.

[1/135] 3-sinf/3-sinf 3-Sinf Ingliz tili.pdf
  ! matn topilmadi (skaner PDF?) - o'tkazildi
[2/135] 3-sinf/3-sinf 3-Sinf Matematika.pdf
  83 ta mavzu (model: haiku)
[3/135] 3-sinf/3-sinf 3-Sinf Musiqa.pdf

Limit tugadi.
You've hit your session limit · resets 8:40pm (Asia/Tashkent)

Limit tiklanishi kutilmoqda: 1 daqiqa. To'xtatish uchun Ctrl+C.
Qaytadan urinilmoqda - ish to'xtagan joydan davom etadi.

[1/135] 3-sinf/3-sinf 3-Sinf Ingliz tili.pdf
  ! matn topilmadi (skaner PDF?) - o'tkazildi
[2/135] 3-sinf/3-sinf 3-Sinf Matematika.pdf
  83 ta mavzu (model: haiku)
[3/135] 3-sinf/3-sinf 3-Sinf Musiqa.pdf

Limit tugadi.
You've hit your session limit · resets 8:40pm (Asia/Tashkent)

Limit tiklanishi kutilmoqda: 1 daqiqa. To'xtatish uchun Ctrl+C.
Qaytadan urinilmoqda - ish to'xtagan joydan davom etadi.

[1/135] 3-sinf/3-sinf 3-Sinf Ingliz tili.pdf
  ! matn topilmadi (skaner PDF?) - o'tkazildi
[2/135] 3-sinf/3-sinf 3-Sinf Matematika.pdf
  83 ta mavzu (model: haiku)
[3/135] 3-sinf/3-sinf 3-Sinf Musiqa.pdf

Limit tugadi.
You've hit your session limit · resets 8:40pm (Asia/Tashkent)

Limit tiklanishi kutilmoqda: 1 daqiqa. To'xtatish uchun Ctrl+C.
Qaytadan urinilmoqda - ish to'xtagan joydan davom etadi.

[1/135] 3-sinf/3-sinf 3-Sinf Ingliz tili.pdf
  ! matn topilmadi (skaner PDF?) - o'tkazildi
[2/135] 3-sinf/3-sinf 3-Sinf Matematika.pdf
  83 ta mavzu (model: haiku)
[3/135] 3-sinf/3-sinf 3-Sinf Musiqa.pdf

Limit tugadi.
You've hit your session limit · resets 8:40pm (Asia/Tashkent)

Limit tiklanishi kutilmoqda: 1 daqiqa. To'xtatish uchun Ctrl+C.
Qaytadan urinilmoqda - ish to'xtagan joydan davom etadi.

[1/135] 3-sinf/3-sinf 3-Sinf Ingliz tili.pdf
  ! matn topilmadi (skaner PDF?) - o'tkazildi
[2/135] 3-sinf/3-sinf 3-Sinf Matematika.pdf
  83 ta mavzu (model: haiku)
[3/135] 3-sinf/3-sinf 3-Sinf Musiqa.pdf

Limit tugadi.
You've hit your session limit · resets 8:40pm (Asia/Tashkent)

Limit tiklanishi kutilmoqda: 1 daqiqa. To'xtatish uchun Ctrl+C.
Qaytadan urinilmoqda - ish to'xtagan joydan davom etadi.

[1/135] 3-sinf/3-sinf 3-Sinf Ingliz tili.pdf
  ! matn topilmadi (skaner PDF?) - o'tkazildi
[2/135] 3-sinf/3-sinf 3-Sinf Matematika.pdf
  83 ta mavzu (model: haiku)
[3/135] 3-sinf/3-sinf 3-Sinf Musiqa.pdf

Limit tugadi.
You've hit your session limit · resets 8:40pm (Asia/Tashkent)

Limit tiklanishi kutilmoqda: 1 daqiqa. To'xtatish uchun Ctrl+C.
Qaytadan urinilmoqda - ish to'xtagan joydan davom etadi.

[1/135] 3-sinf/3-sinf 3-Sinf Ingliz tili.pdf
  ! matn topilmadi (skaner PDF?) - o'tkazildi
[2/135] 3-sinf/3-sinf 3-Sinf Matematika.pdf
  83 ta mavzu (model: haiku)
[3/135] 3-sinf/3-sinf 3-Sinf Musiqa.pdf

Limit tugadi.
You've hit your session limit · resets 8:40pm (Asia/Tashkent)

Limit tiklanishi kutilmoqda: 1 daqiqa. To'xtatish uchun Ctrl+C.
Qaytadan urinilmoqda - ish to'xtagan joydan davom etadi.

[1/135] 3-sinf/3-sinf 3-Sinf Ingliz tili.pdf
  ! matn topilmadi (skaner PDF?) - o'tkazildi
[2/135] 3-sinf/3-sinf 3-Sinf Matematika.pdf
  83 ta mavzu (model: haiku)
[3/135] 3-sinf/3-sinf 3-Sinf Musiqa.pdf

Limit tugadi.
You've hit your session limit · resets 8:40pm (Asia/Tashkent)

Limit tiklanishi kutilmoqda: 1 daqiqa. To'xtatish uchun Ctrl+C.
Qaytadan urinilmoqda - ish to'xtagan joydan davom etadi.

[1/135] 3-sinf/3-sinf 3-Sinf Ingliz tili.pdf
  ! matn topilmadi (skaner PDF?) - o'tkazildi
[2/135] 3-sinf/3-sinf 3-Sinf Matematika.pdf
  83 ta mavzu (model: haiku)
[3/135] 3-sinf/3-sinf 3-Sinf Musiqa.pdf

Limit tugadi.
You've hit your session limit · resets 8:40pm (Asia/Tashkent)

Limit tiklanishi kutilmoqda: 1 daqiqa. To'xtatish uchun Ctrl+C.
Qaytadan urinilmoqda - ish to'xtagan joydan davom etadi.

[1/135] 3-sinf/3-sinf 3-Sinf Ingliz tili.pdf
  ! matn topilmadi (skaner PDF?) - o'tkazildi
[2/135] 3-sinf/3-sinf 3-Sinf Matematika.pdf
  83 ta mavzu (model: haiku)
[3/135] 3-sinf/3-sinf 3-Sinf Musiqa.pdf

Limit tugadi.
You've hit your session limit · resets 8:40pm (Asia/Tashkent)

Limit tiklanishi kutilmoqda: 1 daqiqa. To'xtatish uchun Ctrl+C.
Qaytadan urinilmoqda - ish to'xtagan joydan davom etadi.

[1/135] 3-sinf/3-sinf 3-Sinf Ingliz tili.pdf
  ! matn topilmadi (skaner PDF?) - o'tkazildi
[2/135] 3-sinf/3-sinf 3-Sinf Matematika.pdf
  83 ta mavzu (model: haiku)
[3/135] 3-sinf/3-sinf 3-Sinf Musiqa.pdf

Limit tugadi.
You've hit your session limit · resets 8:40pm (Asia/Tashkent)

Limit tiklanishi kutilmoqda: 1 daqiqa. To'xtatish uchun Ctrl+C.
Qaytadan urinilmoqda - ish to'xtagan joydan davom etadi.

[1/135] 3-sinf/3-sinf 3-Sinf Ingliz tili.pdf
  ! matn topilmadi (skaner PDF?) - o'tkazildi
[2/135] 3-sinf/3-sinf 3-Sinf Matematika.pdf
  83 ta mavzu (model: haiku)
[3/135] 3-sinf/3-sinf 3-Sinf Musiqa.pdf

Limit tugadi.
You've hit your session limit · resets 8:40pm (Asia/Tashkent)

Limit tiklanishi kutilmoqda: 1 daqiqa. To'xtatish uchun Ctrl+C.
Qaytadan urinilmoqda - ish to'xtagan joydan davom etadi.

[1/135] 3-sinf/3-sinf 3-Sinf Ingliz tili.pdf
  ! matn topilmadi (skaner PDF?) - o'tkazildi
[2/135] 3-sinf/3-sinf 3-Sinf Matematika.pdf
  83 ta mavzu (model: haiku)
[3/135] 3-sinf/3-sinf 3-Sinf Musiqa.pdf

Limit tugadi.
You've hit your session limit · resets 8:40pm (Asia/Tashkent)

Limit tiklanishi kutilmoqda: 1 daqiqa. To'xtatish uchun Ctrl+C.
Qaytadan urinilmoqda - ish to'xtagan joydan davom etadi.

[1/135] 3-sinf/3-sinf 3-Sinf Ingliz tili.pdf
  ! matn topilmadi (skaner PDF?) - o'tkazildi
[2/135] 3-sinf/3-sinf 3-Sinf Matematika.pdf
  83 ta mavzu (model: haiku)
[3/135] 3-sinf/3-sinf 3-Sinf Musiqa.pdf

Limit tugadi.
You've hit your session limit · resets 8:40pm (Asia/Tashkent)

Limit tiklanishi kutilmoqda: 1 daqiqa. To'xtatish uchun Ctrl+C.
Qaytadan urinilmoqda - ish to'xtagan joydan davom etadi.

[1/135] 3-sinf/3-sinf 3-Sinf Ingliz tili.pdf
  ! matn topilmadi (skaner PDF?) - o'tkazildi
[2/135] 3-sinf/3-sinf 3-Sinf Matematika.pdf
  83 ta mavzu (model: haiku)
[3/135] 3-sinf/3-sinf 3-Sinf Musiqa.pdf

Limit tugadi.
You've hit your session limit · resets 8:40pm (Asia/Tashkent)

Limit tiklanishi kutilmoqda: 1 daqiqa. To'xtatish uchun Ctrl+C.
Qaytadan urinilmoqda - ish to'xtagan joydan davom etadi.

[1/135] 3-sinf/3-sinf 3-Sinf Ingliz tili.pdf
  ! matn topilmadi (skaner PDF?) - o'tkazildi
[2/135] 3-sinf/3-sinf 3-Sinf Matematika.pdf
  83 ta mavzu (model: haiku)
[3/135] 3-sinf/3-sinf 3-Sinf Musiqa.pdf

Limit tugadi.
You've hit your session limit · resets 8:40pm (Asia/Tashkent)

Limit tiklanishi kutilmoqda: 1 daqiqa. To'xtatish uchun Ctrl+C.
Qaytadan urinilmoqda - ish to'xtagan joydan davom etadi.

[1/135] 3-sinf/3-sinf 3-Sinf Ingliz tili.pdf
  ! matn topilmadi (skaner PDF?) - o'tkazildi
[2/135] 3-sinf/3-sinf 3-Sinf Matematika.pdf
  83 ta mavzu (model: haiku)
[3/135] 3-sinf/3-sinf 3-Sinf Musiqa.pdf

Limit tugadi.
You've hit your session limit · resets 8:40pm (Asia/Tashkent)

Limit tiklanishi kutilmoqda: 1 daqiqa. To'xtatish uchun Ctrl+C.
Qaytadan urinilmoqda - ish to'xtagan joydan davom etadi.

[1/135] 3-sinf/3-sinf 3-Sinf Ingliz tili.pdf
  ! matn topilmadi (skaner PDF?) - o'tkazildi
[2/135] 3-sinf/3-sinf 3-Sinf Matematika.pdf
  83 ta mavzu (model: haiku)
[3/135] 3-sinf/3-sinf 3-Sinf Musiqa.pdf

Limit tugadi.
You've hit your session limit · resets 8:40pm (Asia/Tashkent)

Limit tiklanishi kutilmoqda: 1 daqiqa. To'xtatish uchun Ctrl+C.
Qaytadan urinilmoqda - ish to'xtagan joydan davom etadi.

[1/135] 3-sinf/3-sinf 3-Sinf Ingliz tili.pdf
  ! matn topilmadi (skaner PDF?) - o'tkazildi
[2/135] 3-sinf/3-sinf 3-Sinf Matematika.pdf
  83 ta mavzu (model: haiku)
[3/135] 3-sinf/3-sinf 3-Sinf Musiqa.pdf

Limit tugadi.
You've hit your session limit · resets 8:40pm (Asia/Tashkent)

Limit tiklanishi kutilmoqda: 1 daqiqa. To'xtatish uchun Ctrl+C.
Qaytadan urinilmoqda - ish to'xtagan joydan davom etadi.

[1/135] 3-sinf/3-sinf 3-Sinf Ingliz tili.pdf
  ! matn topilmadi (skaner PDF?) - o'tkazildi
[2/135] 3-sinf/3-sinf 3-Sinf Matematika.pdf
  83 ta mavzu (model: haiku)
[3/135] 3-sinf/3-sinf 3-Sinf Musiqa.pdf

Limit tugadi.
You've hit your session limit · resets 8:40pm (Asia/Tashkent)

Limit tiklanishi kutilmoqda: 1 daqiqa. To'xtatish uchun Ctrl+C.
Qaytadan urinilmoqda - ish to'xtagan joydan davom etadi.

[1/135] 3-sinf/3-sinf 3-Sinf Ingliz tili.pdf
  ! matn topilmadi (skaner PDF?) - o'tkazildi
[2/135] 3-sinf/3-sinf 3-Sinf Matematika.pdf
  83 ta mavzu (model: haiku)
[3/135] 3-sinf/3-sinf 3-Sinf Musiqa.pdf

Limit tugadi.
You've hit your session limit · resets 8:40pm (Asia/Tashkent)

Limit tiklanishi kutilmoqda: 1 daqiqa. To'xtatish uchun Ctrl+C.
Qaytadan urinilmoqda - ish to'xtagan joydan davom etadi.

[1/135] 3-sinf/3-sinf 3-Sinf Ingliz tili.pdf
  ! matn topilmadi (skaner PDF?) - o'tkazildi
[2/135] 3-sinf/3-sinf 3-Sinf Matematika.pdf
  83 ta mavzu (model: haiku)
[3/135] 3-sinf/3-sinf 3-Sinf Musiqa.pdf

Limit tugadi.
You've hit your session limit · resets 8:40pm (Asia/Tashkent)

Limit tiklanishi kutilmoqda: 1 daqiqa. To'xtatish uchun Ctrl+C.
Qaytadan urinilmoqda - ish to'xtagan joydan davom etadi.

[1/135] 3-sinf/3-sinf 3-Sinf Ingliz tili.pdf
  ! matn topilmadi (skaner PDF?) - o'tkazildi
[2/135] 3-sinf/3-sinf 3-Sinf Matematika.pdf
  83 ta mavzu (model: haiku)
[3/135] 3-sinf/3-sinf 3-Sinf Musiqa.pdf

Limit tugadi.
You've hit your session limit · resets 8:40pm (Asia/Tashkent)

Limit tiklanishi kutilmoqda: 1 daqiqa. To'xtatish uchun Ctrl+C.
Qaytadan urinilmoqda - ish to'xtagan joydan davom etadi.

[1/135] 3-sinf/3-sinf 3-Sinf Ingliz tili.pdf
  ! matn topilmadi (skaner PDF?) - o'tkazildi
[2/135] 3-sinf/3-sinf 3-Sinf Matematika.pdf
  83 ta mavzu (model: haiku)
[3/135] 3-sinf/3-sinf 3-Sinf Musiqa.pdf

Limit tugadi.
You've hit your session limit · resets 8:40pm (Asia/Tashkent)

Limit tiklanishi kutilmoqda: 1 daqiqa. To'xtatish uchun Ctrl+C.
Qaytadan urinilmoqda - ish to'xtagan joydan davom etadi.

[1/135] 3-sinf/3-sinf 3-Sinf Ingliz tili.pdf
  ! matn topilmadi (skaner PDF?) - o'tkazildi
[2/135] 3-sinf/3-sinf 3-Sinf Matematika.pdf
  83 ta mavzu (model: haiku)
[3/135] 3-sinf/3-sinf 3-Sinf Musiqa.pdf

Limit tugadi.
You've hit your session limit · resets 8:40pm (Asia/Tashkent)

Limit tiklanishi kutilmoqda: 1 daqiqa. To'xtatish uchun Ctrl+C.
Qaytadan urinilmoqda - ish to'xtagan joydan davom etadi.

[1/135] 3-sinf/3-sinf 3-Sinf Ingliz tili.pdf
  ! matn topilmadi (skaner PDF?) - o'tkazildi
[2/135] 3-sinf/3-sinf 3-Sinf Matematika.pdf
  83 ta mavzu (model: haiku)
[3/135] 3-sinf/3-sinf 3-Sinf Musiqa.pdf

Limit tugadi.
You've hit your session limit · resets 8:40pm (Asia/Tashkent)

Limit tiklanishi kutilmoqda: 1 daqiqa. To'xtatish uchun Ctrl+C.
Qaytadan urinilmoqda - ish to'xtagan joydan davom etadi.

[1/135] 3-sinf/3-sinf 3-Sinf Ingliz tili.pdf
  ! matn topilmadi (skaner PDF?) - o'tkazildi
[2/135] 3-sinf/3-sinf 3-Sinf Matematika.pdf
  83 ta mavzu (model: haiku)
[3/135] 3-sinf/3-sinf 3-Sinf Musiqa.pdf

Limit tugadi.
You've hit your session limit · resets 8:40pm (Asia/Tashkent)

Limit tiklanishi kutilmoqda: 1 daqiqa. To'xtatish uchun Ctrl+C.
Qaytadan urinilmoqda - ish to'xtagan joydan davom etadi.

[1/135] 3-sinf/3-sinf 3-Sinf Ingliz tili.pdf
  ! matn topilmadi (skaner PDF?) - o'tkazildi
[2/135] 3-sinf/3-sinf 3-Sinf Matematika.pdf
  83 ta mavzu (model: haiku)
[3/135] 3-sinf/3-sinf 3-Sinf Musiqa.pdf

Limit tugadi.
You've hit your session limit · resets 8:40pm (Asia/Tashkent)

Limit tiklanishi kutilmoqda: 1 daqiqa. To'xtatish uchun Ctrl+C.
Qaytadan urinilmoqda - ish to'xtagan joydan davom etadi.

[1/135] 3-sinf/3-sinf 3-Sinf Ingliz tili.pdf
  ! matn topilmadi (skaner PDF?) - o'tkazildi
[2/135] 3-sinf/3-sinf 3-Sinf Matematika.pdf
  83 ta mavzu (model: haiku)
[3/135] 3-sinf/3-sinf 3-Sinf Musiqa.pdf

Limit tugadi.
You've hit your session limit · resets 8:40pm (Asia/Tashkent)

Limit tiklanishi kutilmoqda: 1 daqiqa. To'xtatish uchun Ctrl+C.
Qaytadan urinilmoqda - ish to'xtagan joydan davom etadi.

[1/135] 3-sinf/3-sinf 3-Sinf Ingliz tili.pdf
  ! matn topilmadi (skaner PDF?) - o'tkazildi
[2/135] 3-sinf/3-sinf 3-Sinf Matematika.pdf
  83 ta mavzu (model: haiku)
[3/135] 3-sinf/3-sinf 3-Sinf Musiqa.pdf

Limit tugadi.
You've hit your session limit · resets 8:40pm (Asia/Tashkent)

Limit tiklanishi kutilmoqda: 1 daqiqa. To'xtatish uchun Ctrl+C.
Qaytadan urinilmoqda - ish to'xtagan joydan davom etadi.

[1/135] 3-sinf/3-sinf 3-Sinf Ingliz tili.pdf
  ! matn topilmadi (skaner PDF?) - o'tkazildi
[2/135] 3-sinf/3-sinf 3-Sinf Matematika.pdf
  83 ta mavzu (model: haiku)
[3/135] 3-sinf/3-sinf 3-Sinf Musiqa.pdf

Limit tugadi.
You've hit your session limit · resets 8:40pm (Asia/Tashkent)

Limit tiklanishi kutilmoqda: 1 daqiqa. To'xtatish uchun Ctrl+C.
Qaytadan urinilmoqda - ish to'xtagan joydan davom etadi.

[1/135] 3-sinf/3-sinf 3-Sinf Ingliz tili.pdf
  ! matn topilmadi (skaner PDF?) - o'tkazildi
[2/135] 3-sinf/3-sinf 3-Sinf Matematika.pdf
  83 ta mavzu (model: haiku)
[3/135] 3-sinf/3-sinf 3-Sinf Musiqa.pdf

Limit tugadi.
You've hit your session limit · resets 8:40pm (Asia/Tashkent)

Limit tiklanishi kutilmoqda: 1 daqiqa. To'xtatish uchun Ctrl+C.
Qaytadan urinilmoqda - ish to'xtagan joydan davom etadi.

[1/135] 3-sinf/3-sinf 3-Sinf Ingliz tili.pdf
  ! matn topilmadi (skaner PDF?) - o'tkazildi
[2/135] 3-sinf/3-sinf 3-Sinf Matematika.pdf
  83 ta mavzu (model: haiku)
[3/135] 3-sinf/3-sinf 3-Sinf Musiqa.pdf

Limit tugadi.
You've hit your session limit · resets 8:40pm (Asia/Tashkent)

Limit tiklanishi kutilmoqda: 1 daqiqa. To'xtatish uchun Ctrl+C.
Qaytadan urinilmoqda - ish to'xtagan joydan davom etadi.

[1/135] 3-sinf/3-sinf 3-Sinf Ingliz tili.pdf
  ! matn topilmadi (skaner PDF?) - o'tkazildi
[2/135] 3-sinf/3-sinf 3-Sinf Matematika.pdf
  83 ta mavzu (model: haiku)
[3/135] 3-sinf/3-sinf 3-Sinf Musiqa.pdf

Limit tugadi.
You've hit your session limit · resets 8:40pm (Asia/Tashkent)

Limit tiklanishi kutilmoqda: 1 daqiqa. To'xtatish uchun Ctrl+C.
Qaytadan urinilmoqda - ish to'xtagan joydan davom etadi.

[1/135] 3-sinf/3-sinf 3-Sinf Ingliz tili.pdf
  ! matn topilmadi (skaner PDF?) - o'tkazildi
[2/135] 3-sinf/3-sinf 3-Sinf Matematika.pdf
  83 ta mavzu (model: haiku)
[3/135] 3-sinf/3-sinf 3-Sinf Musiqa.pdf

Limit tugadi.
You've hit your session limit · resets 8:40pm (Asia/Tashkent)

Limit tiklanishi kutilmoqda: 1 daqiqa. To'xtatish uchun Ctrl+C.
Qaytadan urinilmoqda - ish to'xtagan joydan davom etadi.

[1/135] 3-sinf/3-sinf 3-Sinf Ingliz tili.pdf
  ! matn topilmadi (skaner PDF?) - o'tkazildi
[2/135] 3-sinf/3-sinf 3-Sinf Matematika.pdf
  83 ta mavzu (model: haiku)
[3/135] 3-sinf/3-sinf 3-Sinf Musiqa.pdf

Limit tugadi.
You've hit your session limit · resets 8:40pm (Asia/Tashkent)

Limit tiklanishi kutilmoqda: 1 daqiqa. To'xtatish uchun Ctrl+C.
Qaytadan urinilmoqda - ish to'xtagan joydan davom etadi.

[1/135] 3-sinf/3-sinf 3-Sinf Ingliz tili.pdf
  ! matn topilmadi (skaner PDF?) - o'tkazildi
[2/135] 3-sinf/3-sinf 3-Sinf Matematika.pdf
  83 ta mavzu (model: haiku)
[3/135] 3-sinf/3-sinf 3-Sinf Musiqa.pdf

Limit tugadi.
You've hit your session limit · resets 8:40pm (Asia/Tashkent)

Limit tiklanishi kutilmoqda: 1 daqiqa. To'xtatish uchun Ctrl+C.
Qaytadan urinilmoqda - ish to'xtagan joydan davom etadi.

[1/135] 3-sinf/3-sinf 3-Sinf Ingliz tili.pdf
  ! matn topilmadi (skaner PDF?) - o'tkazildi
[2/135] 3-sinf/3-sinf 3-Sinf Matematika.pdf
  83 ta mavzu (model: haiku)
[3/135] 3-sinf/3-sinf 3-Sinf Musiqa.pdf

Limit tugadi.
You've hit your session limit · resets 8:40pm (Asia/Tashkent)

Limit tiklanishi kutilmoqda: 1 daqiqa. To'xtatish uchun Ctrl+C.
Qaytadan urinilmoqda - ish to'xtagan joydan davom etadi.

[1/135] 3-sinf/3-sinf 3-Sinf Ingliz tili.pdf
  ! matn topilmadi (skaner PDF?) - o'tkazildi
[2/135] 3-sinf/3-sinf 3-Sinf Matematika.pdf
  83 ta mavzu (model: haiku)
[3/135] 3-sinf/3-sinf 3-Sinf Musiqa.pdf

Limit tugadi.
You've hit your session limit · resets 8:40pm (Asia/Tashkent)

Limit tiklanishi kutilmoqda: 1 daqiqa. To'xtatish uchun Ctrl+C.
Qaytadan urinilmoqda - ish to'xtagan joydan davom etadi.

[1/135] 3-sinf/3-sinf 3-Sinf Ingliz tili.pdf
  ! matn topilmadi (skaner PDF?) - o'tkazildi
[2/135] 3-sinf/3-sinf 3-Sinf Matematika.pdf
  83 ta mavzu (model: haiku)
[3/135] 3-sinf/3-sinf 3-Sinf Musiqa.pdf

Limit tugadi.
You've hit your session limit · resets 8:40pm (Asia/Tashkent)

Limit tiklanishi kutilmoqda: 1 daqiqa. To'xtatish uchun Ctrl+C.
Qaytadan urinilmoqda - ish to'xtagan joydan davom etadi.

[1/135] 3-sinf/3-sinf 3-Sinf Ingliz tili.pdf
  ! matn topilmadi (skaner PDF?) - o'tkazildi
[2/135] 3-sinf/3-sinf 3-Sinf Matematika.pdf
  83 ta mavzu (model: haiku)
[3/135] 3-sinf/3-sinf 3-Sinf Musiqa.pdf

Limit tugadi.
You've hit your session limit · resets 8:40pm (Asia/Tashkent)

Limit tiklanishi kutilmoqda: 1 daqiqa. To'xtatish uchun Ctrl+C.
Qaytadan urinilmoqda - ish to'xtagan joydan davom etadi.

[1/135] 3-sinf/3-sinf 3-Sinf Ingliz tili.pdf
  ! matn topilmadi (skaner PDF?) - o'tkazildi
[2/135] 3-sinf/3-sinf 3-Sinf Matematika.pdf
  83 ta mavzu (model: haiku)
[3/135] 3-sinf/3-sinf 3-Sinf Musiqa.pdf

Limit tugadi.
You've hit your session limit · resets 8:40pm (Asia/Tashkent)

Limit tiklanishi kutilmoqda: 1 daqiqa. To'xtatish uchun Ctrl+C.
Qaytadan urinilmoqda - ish to'xtagan joydan davom etadi.

[1/135] 3-sinf/3-sinf 3-Sinf Ingliz tili.pdf
  ! matn topilmadi (skaner PDF?) - o'tkazildi
[2/135] 3-sinf/3-sinf 3-Sinf Matematika.pdf
  83 ta mavzu (model: haiku)
[3/135] 3-sinf/3-sinf 3-Sinf Musiqa.pdf

Limit tugadi.
You've hit your session limit · resets 8:40pm (Asia/Tashkent)

Limit tiklanishi kutilmoqda: 1 daqiqa. To'xtatish uchun Ctrl+C.
Qaytadan urinilmoqda - ish to'xtagan joydan davom etadi.

[1/135] 3-sinf/3-sinf 3-Sinf Ingliz tili.pdf
  ! matn topilmadi (skaner PDF?) - o'tkazildi
[2/135] 3-sinf/3-sinf 3-Sinf Matematika.pdf
  83 ta mavzu (model: haiku)
[3/135] 3-sinf/3-sinf 3-Sinf Musiqa.pdf

Limit tugadi.
You've hit your session limit · resets 8:40pm (Asia/Tashkent)

Limit tiklanishi kutilmoqda: 1 daqiqa. To'xtatish uchun Ctrl+C.
Qaytadan urinilmoqda - ish to'xtagan joydan davom etadi.

[1/135] 3-sinf/3-sinf 3-Sinf Ingliz tili.pdf
  ! matn topilmadi (skaner PDF?) - o'tkazildi
[2/135] 3-sinf/3-sinf 3-Sinf Matematika.pdf
  83 ta mavzu (model: haiku)
[3/135] 3-sinf/3-sinf 3-Sinf Musiqa.pdf

Limit tugadi.
You've hit your session limit · resets 8:40pm (Asia/Tashkent)

Limit tiklanishi kutilmoqda: 1 daqiqa. To'xtatish uchun Ctrl+C.
Qaytadan urinilmoqda - ish to'xtagan joydan davom etadi.

[1/135] 3-sinf/3-sinf 3-Sinf Ingliz tili.pdf
  ! matn topilmadi (skaner PDF?) - o'tkazildi
[2/135] 3-sinf/3-sinf 3-Sinf Matematika.pdf
  83 ta mavzu (model: haiku)
[3/135] 3-sinf/3-sinf 3-Sinf Musiqa.pdf

Limit tugadi.
You've hit your session limit · resets 8:40pm (Asia/Tashkent)

Limit tiklanishi kutilmoqda: 1 daqiqa. To'xtatish uchun Ctrl+C.
Qaytadan urinilmoqda - ish to'xtagan joydan davom etadi.

[1/135] 3-sinf/3-sinf 3-Sinf Ingliz tili.pdf
  ! matn topilmadi (skaner PDF?) - o'tkazildi
[2/135] 3-sinf/3-sinf 3-Sinf Matematika.pdf
  83 ta mavzu (model: haiku)
[3/135] 3-sinf/3-sinf 3-Sinf Musiqa.pdf

Limit tugadi.
You've hit your session limit · resets 8:40pm (Asia/Tashkent)

Limit tiklanishi kutilmoqda: 1 daqiqa. To'xtatish uchun Ctrl+C.
Qaytadan urinilmoqda - ish to'xtagan joydan davom etadi.

[1/135] 3-sinf/3-sinf 3-Sinf Ingliz tili.pdf
  ! matn topilmadi (skaner PDF?) - o'tkazildi
[2/135] 3-sinf/3-sinf 3-Sinf Matematika.pdf
  83 ta mavzu (model: haiku)
[3/135] 3-sinf/3-sinf 3-Sinf Musiqa.pdf

Limit tugadi.
You've hit your session limit · resets 8:40pm (Asia/Tashkent)

Limit tiklanishi kutilmoqda: 1 daqiqa. To'xtatish uchun Ctrl+C.
Qaytadan urinilmoqda - ish to'xtagan joydan davom etadi.

[1/135] 3-sinf/3-sinf 3-Sinf Ingliz tili.pdf
  ! matn topilmadi (skaner PDF?) - o'tkazildi
[2/135] 3-sinf/3-sinf 3-Sinf Matematika.pdf
  83 ta mavzu (model: haiku)
[3/135] 3-sinf/3-sinf 3-Sinf Musiqa.pdf

Limit tugadi.
You've hit your session limit · resets 8:40pm (Asia/Tashkent)

Limit tiklanishi kutilmoqda: 1 daqiqa. To'xtatish uchun Ctrl+C.
Qaytadan urinilmoqda - ish to'xtagan joydan davom etadi.

[1/135] 3-sinf/3-sinf 3-Sinf Ingliz tili.pdf
  ! matn topilmadi (skaner PDF?) - o'tkazildi
[2/135] 3-sinf/3-sinf 3-Sinf Matematika.pdf
  83 ta mavzu (model: haiku)
[3/135] 3-sinf/3-sinf 3-Sinf Musiqa.pdf

Limit tugadi.
You've hit your session limit · resets 8:40pm (Asia/Tashkent)

Limit tiklanishi kutilmoqda: 1 daqiqa. To'xtatish uchun Ctrl+C.
Qaytadan urinilmoqda - ish to'xtagan joydan davom etadi.

[1/135] 3-sinf/3-sinf 3-Sinf Ingliz tili.pdf
  ! matn topilmadi (skaner PDF?) - o'tkazildi
[2/135] 3-sinf/3-sinf 3-Sinf Matematika.pdf
  83 ta mavzu (model: haiku)
[3/135] 3-sinf/3-sinf 3-Sinf Musiqa.pdf

Limit tugadi.
You've hit your session limit · resets 8:40pm (Asia/Tashkent)

Limit tiklanishi kutilmoqda: 1 daqiqa. To'xtatish uchun Ctrl+C.
Qaytadan urinilmoqda - ish to'xtagan joydan davom etadi.

[1/135] 3-sinf/3-sinf 3-Sinf Ingliz tili.pdf
  ! matn topilmadi (skaner PDF?) - o'tkazildi
[2/135] 3-sinf/3-sinf 3-Sinf Matematika.pdf
  83 ta mavzu (model: haiku)
[3/135] 3-sinf/3-sinf 3-Sinf Musiqa.pdf

Limit tugadi.
You've hit your session limit · resets 8:40pm (Asia/Tashkent)

Limit tiklanishi kutilmoqda: 1 daqiqa. To'xtatish uchun Ctrl+C.
Qaytadan urinilmoqda - ish to'xtagan joydan davom etadi.

[1/135] 3-sinf/3-sinf 3-Sinf Ingliz tili.pdf
  ! matn topilmadi (skaner PDF?) - o'tkazildi
[2/135] 3-sinf/3-sinf 3-Sinf Matematika.pdf
  83 ta mavzu (model: haiku)
[3/135] 3-sinf/3-sinf 3-Sinf Musiqa.pdf

Limit tugadi.
You've hit your session limit · resets 8:40pm (Asia/Tashkent)

Limit tiklanishi kutilmoqda: 1 daqiqa. To'xtatish uchun Ctrl+C.
Qaytadan urinilmoqda - ish to'xtagan joydan davom etadi.

[1/135] 3-sinf/3-sinf 3-Sinf Ingliz tili.pdf
  ! matn topilmadi (skaner PDF?) - o'tkazildi
[2/135] 3-sinf/3-sinf 3-Sinf Matematika.pdf
  83 ta mavzu (model: haiku)
[3/135] 3-sinf/3-sinf 3-Sinf Musiqa.pdf

Limit tugadi.
You've hit your session limit · resets 8:40pm (Asia/Tashkent)

Limit tiklanishi kutilmoqda: 1 daqiqa. To'xtatish uchun Ctrl+C.
Qaytadan urinilmoqda - ish to'xtagan joydan davom etadi.

[1/135] 3-sinf/3-sinf 3-Sinf Ingliz tili.pdf
  ! matn topilmadi (skaner PDF?) - o'tkazildi
[2/135] 3-sinf/3-sinf 3-Sinf Matematika.pdf
  83 ta mavzu (model: haiku)
[3/135] 3-sinf/3-sinf 3-Sinf Musiqa.pdf

Limit tugadi.
You've hit your session limit · resets 8:40pm (Asia/Tashkent)

Limit tiklanishi kutilmoqda: 1 daqiqa. To'xtatish uchun Ctrl+C.
Qaytadan urinilmoqda - ish to'xtagan joydan davom etadi.

[1/135] 3-sinf/3-sinf 3-Sinf Ingliz tili.pdf
  ! matn topilmadi (skaner PDF?) - o'tkazildi
[2/135] 3-sinf/3-sinf 3-Sinf Matematika.pdf
  83 ta mavzu (model: haiku)
[3/135] 3-sinf/3-sinf 3-Sinf Musiqa.pdf

Limit tugadi.
You've hit your session limit · resets 8:40pm (Asia/Tashkent)

Limit tiklanishi kutilmoqda: 1 daqiqa. To'xtatish uchun Ctrl+C.
Qaytadan urinilmoqda - ish to'xtagan joydan davom etadi.

[1/135] 3-sinf/3-sinf 3-Sinf Ingliz tili.pdf
  ! matn topilmadi (skaner PDF?) - o'tkazildi
[2/135] 3-sinf/3-sinf 3-Sinf Matematika.pdf
  83 ta mavzu (model: haiku)
[3/135] 3-sinf/3-sinf 3-Sinf Musiqa.pdf

Limit tugadi.
You've hit your session limit · resets 8:40pm (Asia/Tashkent)

Limit tiklanishi kutilmoqda: 1 daqiqa. To'xtatish uchun Ctrl+C.
Qaytadan urinilmoqda - ish to'xtagan joydan davom etadi.

[1/135] 3-sinf/3-sinf 3-Sinf Ingliz tili.pdf
  ! matn topilmadi (skaner PDF?) - o'tkazildi
[2/135] 3-sinf/3-sinf 3-Sinf Matematika.pdf
  83 ta mavzu (model: haiku)
[3/135] 3-sinf/3-sinf 3-Sinf Musiqa.pdf

Limit tugadi.
You've hit your session limit · resets 8:40pm (Asia/Tashkent)

Limit tiklanishi kutilmoqda: 1 daqiqa. To'xtatish uchun Ctrl+C.
Qaytadan urinilmoqda - ish to'xtagan joydan davom etadi.

[1/135] 3-sinf/3-sinf 3-Sinf Ingliz tili.pdf
  ! matn topilmadi (skaner PDF?) - o'tkazildi
[2/135] 3-sinf/3-sinf 3-Sinf Matematika.pdf
  83 ta mavzu (model: haiku)
[3/135] 3-sinf/3-sinf 3-Sinf Musiqa.pdf

Limit tugadi.
You've hit your session limit · resets 8:40pm (Asia/Tashkent)

Limit tiklanishi kutilmoqda: 1 daqiqa. To'xtatish uchun Ctrl+C.
Qaytadan urinilmoqda - ish to'xtagan joydan davom etadi.

[1/135] 3-sinf/3-sinf 3-Sinf Ingliz tili.pdf
  ! matn topilmadi (skaner PDF?) - o'tkazildi
[2/135] 3-sinf/3-sinf 3-Sinf Matematika.pdf
  83 ta mavzu (model: haiku)
[3/135] 3-sinf/3-sinf 3-Sinf Musiqa.pdf

Limit tugadi.
You've hit your session limit · resets 8:40pm (Asia/Tashkent)

Limit tiklanishi kutilmoqda: 1 daqiqa. To'xtatish uchun Ctrl+C.
Qaytadan urinilmoqda - ish to'xtagan joydan davom etadi.

[1/135] 3-sinf/3-sinf 3-Sinf Ingliz tili.pdf
  ! matn topilmadi (skaner PDF?) - o'tkazildi
[2/135] 3-sinf/3-sinf 3-Sinf Matematika.pdf
  83 ta mavzu (model: haiku)
[3/135] 3-sinf/3-sinf 3-Sinf Musiqa.pdf

Limit tugadi.
You've hit your session limit · resets 8:40pm (Asia/Tashkent)

Limit tiklanishi kutilmoqda: 1 daqiqa. To'xtatish uchun Ctrl+C.
Qaytadan urinilmoqda - ish to'xtagan joydan davom etadi.

[1/135] 3-sinf/3-sinf 3-Sinf Ingliz tili.pdf
  ! matn topilmadi (skaner PDF?) - o'tkazildi
[2/135] 3-sinf/3-sinf 3-Sinf Matematika.pdf
  83 ta mavzu (model: haiku)
[3/135] 3-sinf/3-sinf 3-Sinf Musiqa.pdf

Limit tugadi.
You've hit your session limit · resets 8:40pm (Asia/Tashkent)

Limit tiklanishi kutilmoqda: 1 daqiqa. To'xtatish uchun Ctrl+C.
Qaytadan urinilmoqda - ish to'xtagan joydan davom etadi.

[1/135] 3-sinf/3-sinf 3-Sinf Ingliz tili.pdf
  ! matn topilmadi (skaner PDF?) - o'tkazildi
[2/135] 3-sinf/3-sinf 3-Sinf Matematika.pdf
  83 ta mavzu (model: haiku)
[3/135] 3-sinf/3-sinf 3-Sinf Musiqa.pdf

Limit tugadi.
You've hit your session limit · resets 8:40pm (Asia/Tashkent)

Limit tiklanishi kutilmoqda: 1 daqiqa. To'xtatish uchun Ctrl+C.
Qaytadan urinilmoqda - ish to'xtagan joydan davom etadi.

[1/135] 3-sinf/3-sinf 3-Sinf Ingliz tili.pdf
  ! matn topilmadi (skaner PDF?) - o'tkazildi
[2/135] 3-sinf/3-sinf 3-Sinf Matematika.pdf
  83 ta mavzu (model: haiku)
[3/135] 3-sinf/3-sinf 3-Sinf Musiqa.pdf

Limit tugadi.
You've hit your session limit · resets 8:40pm (Asia/Tashkent)

Limit tiklanishi kutilmoqda: 1 daqiqa. To'xtatish uchun Ctrl+C.
Qaytadan urinilmoqda - ish to'xtagan joydan davom etadi.

[1/135] 3-sinf/3-sinf 3-Sinf Ingliz tili.pdf
  ! matn topilmadi (skaner PDF?) - o'tkazildi
[2/135] 3-sinf/3-sinf 3-Sinf Matematika.pdf
  83 ta mavzu (model: haiku)
[3/135] 3-sinf/3-sinf 3-Sinf Musiqa.pdf

Limit tugadi.
You've hit your session limit · resets 8:40pm (Asia/Tashkent)

Limit tiklanishi kutilmoqda: 1 daqiqa. To'xtatish uchun Ctrl+C.
Qaytadan urinilmoqda - ish to'xtagan joydan davom etadi.

[1/135] 3-sinf/3-sinf 3-Sinf Ingliz tili.pdf
  ! matn topilmadi (skaner PDF?) - o'tkazildi
[2/135] 3-sinf/3-sinf 3-Sinf Matematika.pdf
  83 ta mavzu (model: haiku)
[3/135] 3-sinf/3-sinf 3-Sinf Musiqa.pdf

Limit tugadi.
You've hit your session limit · resets 8:40pm (Asia/Tashkent)

Limit tiklanishi kutilmoqda: 1 daqiqa. To'xtatish uchun Ctrl+C.
Qaytadan urinilmoqda - ish to'xtagan joydan davom etadi.

[1/135] 3-sinf/3-sinf 3-Sinf Ingliz tili.pdf
  ! matn topilmadi (skaner PDF?) - o'tkazildi
[2/135] 3-sinf/3-sinf 3-Sinf Matematika.pdf
  83 ta mavzu (model: haiku)
[3/135] 3-sinf/3-sinf 3-Sinf Musiqa.pdf

Limit tugadi.
You've hit your session limit · resets 8:40pm (Asia/Tashkent)

Limit tiklanishi kutilmoqda: 1 daqiqa. To'xtatish uchun Ctrl+C.
Qaytadan urinilmoqda - ish to'xtagan joydan davom etadi.

[1/135] 3-sinf/3-sinf 3-Sinf Ingliz tili.pdf
  ! matn topilmadi (skaner PDF?) - o'tkazildi
[2/135] 3-sinf/3-sinf 3-Sinf Matematika.pdf
  83 ta mavzu (model: haiku)
[3/135] 3-sinf/3-sinf 3-Sinf Musiqa.pdf

Limit tugadi.
You've hit your session limit · resets 8:40pm (Asia/Tashkent)

Limit tiklanishi kutilmoqda: 1 daqiqa. To'xtatish uchun Ctrl+C.
Qaytadan urinilmoqda - ish to'xtagan joydan davom etadi.

[1/135] 3-sinf/3-sinf 3-Sinf Ingliz tili.pdf
  ! matn topilmadi (skaner PDF?) - o'tkazildi
[2/135] 3-sinf/3-sinf 3-Sinf Matematika.pdf
  83 ta mavzu (model: haiku)
[3/135] 3-sinf/3-sinf 3-Sinf Musiqa.pdf

Limit tugadi.
You've hit your session limit · resets 8:40pm (Asia/Tashkent)

Limit tiklanishi kutilmoqda: 1 daqiqa. To'xtatish uchun Ctrl+C.
Qaytadan urinilmoqda - ish to'xtagan joydan davom etadi.

[1/135] 3-sinf/3-sinf 3-Sinf Ingliz tili.pdf
  ! matn topilmadi (skaner PDF?) - o'tkazildi
[2/135] 3-sinf/3-sinf 3-Sinf Matematika.pdf
  83 ta mavzu (model: haiku)
[3/135] 3-sinf/3-sinf 3-Sinf Musiqa.pdf

Limit tugadi.
You've hit your session limit · resets 8:40pm (Asia/Tashkent)

Limit tiklanishi kutilmoqda: 1 daqiqa. To'xtatish uchun Ctrl+C.
Qaytadan urinilmoqda - ish to'xtagan joydan davom etadi.

[1/135] 3-sinf/3-sinf 3-Sinf Ingliz tili.pdf
  ! matn topilmadi (skaner PDF?) - o'tkazildi
[2/135] 3-sinf/3-sinf 3-Sinf Matematika.pdf
  83 ta mavzu (model: haiku)
[3/135] 3-sinf/3-sinf 3-Sinf Musiqa.pdf

Limit tugadi.
You've hit your session limit · resets 8:40pm (Asia/Tashkent)

Limit tiklanishi kutilmoqda: 1 daqiqa. To'xtatish uchun Ctrl+C.
Qaytadan urinilmoqda - ish to'xtagan joydan davom etadi.

[1/135] 3-sinf/3-sinf 3-Sinf Ingliz tili.pdf
  ! matn topilmadi (skaner PDF?) - o'tkazildi
[2/135] 3-sinf/3-sinf 3-Sinf Matematika.pdf
  83 ta mavzu (model: haiku)
[3/135] 3-sinf/3-sinf 3-Sinf Musiqa.pdf

Limit tugadi.
You've hit your session limit · resets 8:40pm (Asia/Tashkent)

Limit tiklanishi kutilmoqda: 1 daqiqa. To'xtatish uchun Ctrl+C.
Qaytadan urinilmoqda - ish to'xtagan joydan davom etadi.

[1/135] 3-sinf/3-sinf 3-Sinf Ingliz tili.pdf
  ! matn topilmadi (skaner PDF?) - o'tkazildi
[2/135] 3-sinf/3-sinf 3-Sinf Matematika.pdf
  83 ta mavzu (model: haiku)
[3/135] 3-sinf/3-sinf 3-Sinf Musiqa.pdf

Limit tugadi.
You've hit your session limit · resets 8:40pm (Asia/Tashkent)

Limit tiklanishi kutilmoqda: 1 daqiqa. To'xtatish uchun Ctrl+C.
Qaytadan urinilmoqda - ish to'xtagan joydan davom etadi.

[1/135] 3-sinf/3-sinf 3-Sinf Ingliz tili.pdf
  ! matn topilmadi (skaner PDF?) - o'tkazildi
[2/135] 3-sinf/3-sinf 3-Sinf Matematika.pdf
  83 ta mavzu (model: haiku)
[3/135] 3-sinf/3-sinf 3-Sinf Musiqa.pdf

Limit tugadi.
You've hit your session limit · resets 8:40pm (Asia/Tashkent)

Limit tiklanishi kutilmoqda: 1 daqiqa. To'xtatish uchun Ctrl+C.
Qaytadan urinilmoqda - ish to'xtagan joydan davom etadi.

[1/135] 3-sinf/3-sinf 3-Sinf Ingliz tili.pdf
  ! matn topilmadi (skaner PDF?) - o'tkazildi
[2/135] 3-sinf/3-sinf 3-Sinf Matematika.pdf
  83 ta mavzu (model: haiku)
[3/135] 3-sinf/3-sinf 3-Sinf Musiqa.pdf

Limit tugadi.
You've hit your session limit · resets 8:40pm (Asia/Tashkent)

Limit tiklanishi kutilmoqda: 1 daqiqa. To'xtatish uchun Ctrl+C.
Qaytadan urinilmoqda - ish to'xtagan joydan davom etadi.

[1/135] 3-sinf/3-sinf 3-Sinf Ingliz tili.pdf
  ! matn topilmadi (skaner PDF?) - o'tkazildi
[2/135] 3-sinf/3-sinf 3-Sinf Matematika.pdf
  83 ta mavzu (model: haiku)
[3/135] 3-sinf/3-sinf 3-Sinf Musiqa.pdf

Limit tugadi.
You've hit your session limit · resets 8:40pm (Asia/Tashkent)

Limit tiklanishi kutilmoqda: 1 daqiqa. To'xtatish uchun Ctrl+C.
Qaytadan urinilmoqda - ish to'xtagan joydan davom etadi.

[1/135] 3-sinf/3-sinf 3-Sinf Ingliz tili.pdf
  ! matn topilmadi (skaner PDF?) - o'tkazildi
[2/135] 3-sinf/3-sinf 3-Sinf Matematika.pdf
  83 ta mavzu (model: haiku)
[3/135] 3-sinf/3-sinf 3-Sinf Musiqa.pdf

Limit tugadi.
You've hit your session limit · resets 8:40pm (Asia/Tashkent)

Limit tiklanishi kutilmoqda: 1 daqiqa. To'xtatish uchun Ctrl+C.
Qaytadan urinilmoqda - ish to'xtagan joydan davom etadi.

[1/135] 3-sinf/3-sinf 3-Sinf Ingliz tili.pdf
  ! matn topilmadi (skaner PDF?) - o'tkazildi
[2/135] 3-sinf/3-sinf 3-Sinf Matematika.pdf
  83 ta mavzu (model: haiku)
[3/135] 3-sinf/3-sinf 3-Sinf Musiqa.pdf

Limit tugadi.
You've hit your session limit · resets 8:40pm (Asia/Tashkent)

Limit tiklanishi kutilmoqda: 1 daqiqa. To'xtatish uchun Ctrl+C.
Qaytadan urinilmoqda - ish to'xtagan joydan davom etadi.

[1/135] 3-sinf/3-sinf 3-Sinf Ingliz tili.pdf
  ! matn topilmadi (skaner PDF?) - o'tkazildi
[2/135] 3-sinf/3-sinf 3-Sinf Matematika.pdf
  83 ta mavzu (model: haiku)
[3/135] 3-sinf/3-sinf 3-Sinf Musiqa.pdf

Limit tugadi.
You've hit your session limit · resets 8:40pm (Asia/Tashkent)

Limit tiklanishi kutilmoqda: 1 daqiqa. To'xtatish uchun Ctrl+C.
Qaytadan urinilmoqda - ish to'xtagan joydan davom etadi.

[1/135] 3-sinf/3-sinf 3-Sinf Ingliz tili.pdf
  ! matn topilmadi (skaner PDF?) - o'tkazildi
[2/135] 3-sinf/3-sinf 3-Sinf Matematika.pdf
  83 ta mavzu (model: haiku)
[3/135] 3-sinf/3-sinf 3-Sinf Musiqa.pdf

Limit tugadi.
You've hit your session limit · resets 8:40pm (Asia/Tashkent)

Limit tiklanishi kutilmoqda: 1 daqiqa. To'xtatish uchun Ctrl+C.
Qaytadan urinilmoqda - ish to'xtagan joydan davom etadi.

[1/135] 3-sinf/3-sinf 3-Sinf Ingliz tili.pdf
  ! matn topilmadi (skaner PDF?) - o'tkazildi
[2/135] 3-sinf/3-sinf 3-Sinf Matematika.pdf
  83 ta mavzu (model: haiku)
[3/135] 3-sinf/3-sinf 3-Sinf Musiqa.pdf

Limit tugadi.
You've hit your session limit · resets 8:40pm (Asia/Tashkent)

Limit tiklanishi kutilmoqda: 1 daqiqa. To'xtatish uchun Ctrl+C.
Qaytadan urinilmoqda - ish to'xtagan joydan davom etadi.

[1/135] 3-sinf/3-sinf 3-Sinf Ingliz tili.pdf
  ! matn topilmadi (skaner PDF?) - o'tkazildi
[2/135] 3-sinf/3-sinf 3-Sinf Matematika.pdf
  83 ta mavzu (model: haiku)
[3/135] 3-sinf/3-sinf 3-Sinf Musiqa.pdf

Limit tugadi.
You've hit your session limit · resets 8:40pm (Asia/Tashkent)

Limit tiklanishi kutilmoqda: 1 daqiqa. To'xtatish uchun Ctrl+C.
Qaytadan urinilmoqda - ish to'xtagan joydan davom etadi.

[1/135] 3-sinf/3-sinf 3-Sinf Ingliz tili.pdf
  ! matn topilmadi (skaner PDF?) - o'tkazildi
[2/135] 3-sinf/3-sinf 3-Sinf Matematika.pdf
  83 ta mavzu (model: haiku)
[3/135] 3-sinf/3-sinf 3-Sinf Musiqa.pdf

Limit tugadi.
You've hit your session limit · resets 8:40pm (Asia/Tashkent)

Limit tiklanishi kutilmoqda: 1 daqiqa. To'xtatish uchun Ctrl+C.
Qaytadan urinilmoqda - ish to'xtagan joydan davom etadi.

[1/135] 3-sinf/3-sinf 3-Sinf Ingliz tili.pdf
  ! matn topilmadi (skaner PDF?) - o'tkazildi
[2/135] 3-sinf/3-sinf 3-Sinf Matematika.pdf
  83 ta mavzu (model: haiku)
[3/135] 3-sinf/3-sinf 3-Sinf Musiqa.pdf

Limit tugadi.
You've hit your session limit · resets 8:40pm (Asia/Tashkent)

Limit tiklanishi kutilmoqda: 1 daqiqa. To'xtatish uchun Ctrl+C.
Qaytadan urinilmoqda - ish to'xtagan joydan davom etadi.

[1/135] 3-sinf/3-sinf 3-Sinf Ingliz tili.pdf
  ! matn topilmadi (skaner PDF?) - o'tkazildi
[2/135] 3-sinf/3-sinf 3-Sinf Matematika.pdf
  83 ta mavzu (model: haiku)
[3/135] 3-sinf/3-sinf 3-Sinf Musiqa.pdf

Limit tugadi.
You've hit your session limit · resets 8:40pm (Asia/Tashkent)

Limit tiklanishi kutilmoqda: 1 daqiqa. To'xtatish uchun Ctrl+C.
Qaytadan urinilmoqda - ish to'xtagan joydan davom etadi.

[1/135] 3-sinf/3-sinf 3-Sinf Ingliz tili.pdf
  ! matn topilmadi (skaner PDF?) - o'tkazildi
[2/135] 3-sinf/3-sinf 3-Sinf Matematika.pdf
  83 ta mavzu (model: haiku)
[3/135] 3-sinf/3-sinf 3-Sinf Musiqa.pdf

Limit tugadi.
You've hit your session limit · resets 8:40pm (Asia/Tashkent)

Limit tiklanishi kutilmoqda: 1 daqiqa. To'xtatish uchun Ctrl+C.
Qaytadan urinilmoqda - ish to'xtagan joydan davom etadi.

[1/135] 3-sinf/3-sinf 3-Sinf Ingliz tili.pdf
  ! matn topilmadi (skaner PDF?) - o'tkazildi
[2/135] 3-sinf/3-sinf 3-Sinf Matematika.pdf
  83 ta mavzu (model: haiku)
[3/135] 3-sinf/3-sinf 3-Sinf Musiqa.pdf

Limit tugadi.
You've hit your session limit · resets 8:40pm (Asia/Tashkent)

Limit tiklanishi kutilmoqda: 1 daqiqa. To'xtatish uchun Ctrl+C.
Qaytadan urinilmoqda - ish to'xtagan joydan davom etadi.

[1/135] 3-sinf/3-sinf 3-Sinf Ingliz tili.pdf
  ! matn topilmadi (skaner PDF?) - o'tkazildi
[2/135] 3-sinf/3-sinf 3-Sinf Matematika.pdf
  83 ta mavzu (model: haiku)
[3/135] 3-sinf/3-sinf 3-Sinf Musiqa.pdf

Limit tugadi.
You've hit your session limit · resets 8:40pm (Asia/Tashkent)

Limit tiklanishi kutilmoqda: 1 daqiqa. To'xtatish uchun Ctrl+C.
Qaytadan urinilmoqda - ish to'xtagan joydan davom etadi.

[1/135] 3-sinf/3-sinf 3-Sinf Ingliz tili.pdf
  ! matn topilmadi (skaner PDF?) - o'tkazildi
[2/135] 3-sinf/3-sinf 3-Sinf Matematika.pdf
  83 ta mavzu (model: haiku)
[3/135] 3-sinf/3-sinf 3-Sinf Musiqa.pdf

Limit tugadi.
You've hit your session limit · resets 8:40pm (Asia/Tashkent)

Limit tiklanishi kutilmoqda: 1 daqiqa. To'xtatish uchun Ctrl+C.
Qaytadan urinilmoqda - ish to'xtagan joydan davom etadi.

[1/135] 3-sinf/3-sinf 3-Sinf Ingliz tili.pdf
  ! matn topilmadi (skaner PDF?) - o'tkazildi
[2/135] 3-sinf/3-sinf 3-Sinf Matematika.pdf
  83 ta mavzu (model: haiku)
[3/135] 3-sinf/3-sinf 3-Sinf Musiqa.pdf

Limit tugadi.
You've hit your session limit · resets 8:40pm (Asia/Tashkent)

Limit tiklanishi kutilmoqda: 1 daqiqa. To'xtatish uchun Ctrl+C.
Qaytadan urinilmoqda - ish to'xtagan joydan davom etadi.

[1/135] 3-sinf/3-sinf 3-Sinf Ingliz tili.pdf
  ! matn topilmadi (skaner PDF?) - o'tkazildi
[2/135] 3-sinf/3-sinf 3-Sinf Matematika.pdf
  83 ta mavzu (model: haiku)
[3/135] 3-sinf/3-sinf 3-Sinf Musiqa.pdf

Limit tugadi.
You've hit your session limit · resets 8:40pm (Asia/Tashkent)

Limit tiklanishi kutilmoqda: 1 daqiqa. To'xtatish uchun Ctrl+C.
Qaytadan urinilmoqda - ish to'xtagan joydan davom etadi.

[1/135] 3-sinf/3-sinf 3-Sinf Ingliz tili.pdf
  ! matn topilmadi (skaner PDF?) - o'tkazildi
[2/135] 3-sinf/3-sinf 3-Sinf Matematika.pdf
  83 ta mavzu (model: haiku)
[3/135] 3-sinf/3-sinf 3-Sinf Musiqa.pdf

Limit tugadi.
You've hit your session limit · resets 8:40pm (Asia/Tashkent)

Limit tiklanishi kutilmoqda: 1 daqiqa. To'xtatish uchun Ctrl+C.
Qaytadan urinilmoqda - ish to'xtagan joydan davom etadi.

[1/135] 3-sinf/3-sinf 3-Sinf Ingliz tili.pdf
  ! matn topilmadi (skaner PDF?) - o'tkazildi
[2/135] 3-sinf/3-sinf 3-Sinf Matematika.pdf
  83 ta mavzu (model: haiku)
[3/135] 3-sinf/3-sinf 3-Sinf Musiqa.pdf

Limit tugadi.
You've hit your session limit · resets 8:40pm (Asia/Tashkent)

Limit tiklanishi kutilmoqda: 1 daqiqa. To'xtatish uchun Ctrl+C.
Qaytadan urinilmoqda - ish to'xtagan joydan davom etadi.

[1/135] 3-sinf/3-sinf 3-Sinf Ingliz tili.pdf
  ! matn topilmadi (skaner PDF?) - o'tkazildi
[2/135] 3-sinf/3-sinf 3-Sinf Matematika.pdf
  83 ta mavzu (model: haiku)
[3/135] 3-sinf/3-sinf 3-Sinf Musiqa.pdf

Limit tugadi.
You've hit your session limit · resets 8:40pm (Asia/Tashkent)

Limit tiklanishi kutilmoqda: 1 daqiqa. To'xtatish uchun Ctrl+C.
Qaytadan urinilmoqda - ish to'xtagan joydan davom etadi.

[1/135] 3-sinf/3-sinf 3-Sinf Ingliz tili.pdf
  ! matn topilmadi (skaner PDF?) - o'tkazildi
[2/135] 3-sinf/3-sinf 3-Sinf Matematika.pdf
  83 ta mavzu (model: haiku)
[3/135] 3-sinf/3-sinf 3-Sinf Musiqa.pdf

Limit tugadi.
You've hit your session limit · resets 8:40pm (Asia/Tashkent)

Limit tiklanishi kutilmoqda: 1 daqiqa. To'xtatish uchun Ctrl+C.
Qaytadan urinilmoqda - ish to'xtagan joydan davom etadi.

[1/135] 3-sinf/3-sinf 3-Sinf Ingliz tili.pdf
  ! matn topilmadi (skaner PDF?) - o'tkazildi
[2/135] 3-sinf/3-sinf 3-Sinf Matematika.pdf
  83 ta mavzu (model: haiku)
[3/135] 3-sinf/3-sinf 3-Sinf Musiqa.pdf

Limit tugadi.
You've hit your session limit · resets 8:40pm (Asia/Tashkent)

Limit tiklanishi kutilmoqda: 1 daqiqa. To'xtatish uchun Ctrl+C.
Qaytadan urinilmoqda - ish to'xtagan joydan davom etadi.

[1/135] 3-sinf/3-sinf 3-Sinf Ingliz tili.pdf
  ! matn topilmadi (skaner PDF?) - o'tkazildi
[2/135] 3-sinf/3-sinf 3-Sinf Matematika.pdf
  83 ta mavzu (model: haiku)
[3/135] 3-sinf/3-sinf 3-Sinf Musiqa.pdf

Limit tugadi.
You've hit your session limit · resets 8:40pm (Asia/Tashkent)

Limit tiklanishi kutilmoqda: 1 daqiqa. To'xtatish uchun Ctrl+C.
Qaytadan urinilmoqda - ish to'xtagan joydan davom etadi.

[1/135] 3-sinf/3-sinf 3-Sinf Ingliz tili.pdf
  ! matn topilmadi (skaner PDF?) - o'tkazildi
[2/135] 3-sinf/3-sinf 3-Sinf Matematika.pdf
  83 ta mavzu (model: haiku)
[3/135] 3-sinf/3-sinf 3-Sinf Musiqa.pdf

Limit tugadi.
You've hit your session limit · resets 8:40pm (Asia/Tashkent)

Limit tiklanishi kutilmoqda: 1 daqiqa. To'xtatish uchun Ctrl+C.
Qaytadan urinilmoqda - ish to'xtagan joydan davom etadi.

[1/135] 3-sinf/3-sinf 3-Sinf Ingliz tili.pdf
  ! matn topilmadi (skaner PDF?) - o'tkazildi
[2/135] 3-sinf/3-sinf 3-Sinf Matematika.pdf
  83 ta mavzu (model: haiku)
[3/135] 3-sinf/3-sinf 3-Sinf Musiqa.pdf

Limit tugadi.
You've hit your session limit · resets 8:40pm (Asia/Tashkent)

Limit tiklanishi kutilmoqda: 1 daqiqa. To'xtatish uchun Ctrl+C.
Qaytadan urinilmoqda - ish to'xtagan joydan davom etadi.

[1/135] 3-sinf/3-sinf 3-Sinf Ingliz tili.pdf
  ! matn topilmadi (skaner PDF?) - o'tkazildi
[2/135] 3-sinf/3-sinf 3-Sinf Matematika.pdf
  83 ta mavzu (model: haiku)
[3/135] 3-sinf/3-sinf 3-Sinf Musiqa.pdf

Limit tugadi.
You've hit your session limit · resets 8:40pm (Asia/Tashkent)

Limit tiklanishi kutilmoqda: 1 daqiqa. To'xtatish uchun Ctrl+C.
Qaytadan urinilmoqda - ish to'xtagan joydan davom etadi.

[1/135] 3-sinf/3-sinf 3-Sinf Ingliz tili.pdf
  ! matn topilmadi (skaner PDF?) - o'tkazildi
[2/135] 3-sinf/3-sinf 3-Sinf Matematika.pdf
  83 ta mavzu (model: haiku)
[3/135] 3-sinf/3-sinf 3-Sinf Musiqa.pdf

Limit tugadi.
You've hit your session limit · resets 8:40pm (Asia/Tashkent)

Limit tiklanishi kutilmoqda: 1 daqiqa. To'xtatish uchun Ctrl+C.
Qaytadan urinilmoqda - ish to'xtagan joydan davom etadi.

[1/135] 3-sinf/3-sinf 3-Sinf Ingliz tili.pdf
  ! matn topilmadi (skaner PDF?) - o'tkazildi
[2/135] 3-sinf/3-sinf 3-Sinf Matematika.pdf
  83 ta mavzu (model: haiku)
[3/135] 3-sinf/3-sinf 3-Sinf Musiqa.pdf

Limit tugadi.
You've hit your session limit · resets 8:40pm (Asia/Tashkent)

Limit tiklanishi kutilmoqda: 1 daqiqa. To'xtatish uchun Ctrl+C.
Qaytadan urinilmoqda - ish to'xtagan joydan davom etadi.

[1/135] 3-sinf/3-sinf 3-Sinf Ingliz tili.pdf
  ! matn topilmadi (skaner PDF?) - o'tkazildi
[2/135] 3-sinf/3-sinf 3-Sinf Matematika.pdf
  83 ta mavzu (model: haiku)
[3/135] 3-sinf/3-sinf 3-Sinf Musiqa.pdf

Limit tugadi.
You've hit your session limit · resets 8:40pm (Asia/Tashkent)

Limit tiklanishi kutilmoqda: 1 daqiqa. To'xtatish uchun Ctrl+C.
Qaytadan urinilmoqda - ish to'xtagan joydan davom etadi.

[1/135] 3-sinf/3-sinf 3-Sinf Ingliz tili.pdf
  ! matn topilmadi (skaner PDF?) - o'tkazildi
[2/135] 3-sinf/3-sinf 3-Sinf Matematika.pdf
  83 ta mavzu (model: haiku)
[3/135] 3-sinf/3-sinf 3-Sinf Musiqa.pdf

Limit tugadi.
You've hit your session limit · resets 8:40pm (Asia/Tashkent)

Limit tiklanishi kutilmoqda: 1 daqiqa. To'xtatish uchun Ctrl+C.
Qaytadan urinilmoqda - ish to'xtagan joydan davom etadi.

[1/135] 3-sinf/3-sinf 3-Sinf Ingliz tili.pdf
  ! matn topilmadi (skaner PDF?) - o'tkazildi
[2/135] 3-sinf/3-sinf 3-Sinf Matematika.pdf
  83 ta mavzu (model: haiku)
[3/135] 3-sinf/3-sinf 3-Sinf Musiqa.pdf

Limit tugadi.
You've hit your session limit · resets 8:40pm (Asia/Tashkent)

Limit tiklanishi kutilmoqda: 1 daqiqa. To'xtatish uchun Ctrl+C.
Qaytadan urinilmoqda - ish to'xtagan joydan davom etadi.

[1/135] 3-sinf/3-sinf 3-Sinf Ingliz tili.pdf
  ! matn topilmadi (skaner PDF?) - o'tkazildi
[2/135] 3-sinf/3-sinf 3-Sinf Matematika.pdf
  83 ta mavzu (model: haiku)
[3/135] 3-sinf/3-sinf 3-Sinf Musiqa.pdf

Limit tugadi.
You've hit your session limit · resets 8:40pm (Asia/Tashkent)

Limit tiklanishi kutilmoqda: 1 daqiqa. To'xtatish uchun Ctrl+C.
Qaytadan urinilmoqda - ish to'xtagan joydan davom etadi.

[1/135] 3-sinf/3-sinf 3-Sinf Ingliz tili.pdf
  ! matn topilmadi (skaner PDF?) - o'tkazildi
[2/135] 3-sinf/3-sinf 3-Sinf Matematika.pdf
  83 ta mavzu (model: haiku)
[3/135] 3-sinf/3-sinf 3-Sinf Musiqa.pdf

Limit tugadi.
You've hit your session limit · resets 8:40pm (Asia/Tashkent)

Limit tiklanishi kutilmoqda: 1 daqiqa. To'xtatish uchun Ctrl+C.
Qaytadan urinilmoqda - ish to'xtagan joydan davom etadi.

[1/135] 3-sinf/3-sinf 3-Sinf Ingliz tili.pdf
  ! matn topilmadi (skaner PDF?) - o'tkazildi
[2/135] 3-sinf/3-sinf 3-Sinf Matematika.pdf
  83 ta mavzu (model: haiku)
[3/135] 3-sinf/3-sinf 3-Sinf Musiqa.pdf

Limit tugadi.
You've hit your session limit · resets 8:40pm (Asia/Tashkent)

Limit tiklanishi kutilmoqda: 1 daqiqa. To'xtatish uchun Ctrl+C.
Qaytadan urinilmoqda - ish to'xtagan joydan davom etadi.

[1/135] 3-sinf/3-sinf 3-Sinf Ingliz tili.pdf
  ! matn topilmadi (skaner PDF?) - o'tkazildi
[2/135] 3-sinf/3-sinf 3-Sinf Matematika.pdf
  83 ta mavzu (model: haiku)
[3/135] 3-sinf/3-sinf 3-Sinf Musiqa.pdf

Limit tugadi.
You've hit your session limit · resets 8:40pm (Asia/Tashkent)

Limit tiklanishi kutilmoqda: 1 daqiqa. To'xtatish uchun Ctrl+C.
Qaytadan urinilmoqda - ish to'xtagan joydan davom etadi.

[1/135] 3-sinf/3-sinf 3-Sinf Ingliz tili.pdf
  ! matn topilmadi (skaner PDF?) - o'tkazildi
[2/135] 3-sinf/3-sinf 3-Sinf Matematika.pdf
  83 ta mavzu (model: haiku)
[3/135] 3-sinf/3-sinf 3-Sinf Musiqa.pdf

Limit tugadi.
You've hit your session limit · resets 8:40pm (Asia/Tashkent)

Limit tiklanishi kutilmoqda: 1 daqiqa. To'xtatish uchun Ctrl+C.
Qaytadan urinilmoqda - ish to'xtagan joydan davom etadi.

[1/135] 3-sinf/3-sinf 3-Sinf Ingliz tili.pdf
  ! matn topilmadi (skaner PDF?) - o'tkazildi
[2/135] 3-sinf/3-sinf 3-Sinf Matematika.pdf
  83 ta mavzu (model: haiku)
[3/135] 3-sinf/3-sinf 3-Sinf Musiqa.pdf

Limit tugadi.
You've hit your session limit · resets 8:40pm (Asia/Tashkent)

Limit tiklanishi kutilmoqda: 1 daqiqa. To'xtatish uchun Ctrl+C.
Qaytadan urinilmoqda - ish to'xtagan joydan davom etadi.

[1/135] 3-sinf/3-sinf 3-Sinf Ingliz tili.pdf
  ! matn topilmadi (skaner PDF?) - o'tkazildi
[2/135] 3-sinf/3-sinf 3-Sinf Matematika.pdf
  83 ta mavzu (model: haiku)
[3/135] 3-sinf/3-sinf 3-Sinf Musiqa.pdf

Limit tugadi.
You've hit your session limit · resets 8:40pm (Asia/Tashkent)

Limit tiklanishi kutilmoqda: 1 daqiqa. To'xtatish uchun Ctrl+C.
Qaytadan urinilmoqda - ish to'xtagan joydan davom etadi.

[1/135] 3-sinf/3-sinf 3-Sinf Ingliz tili.pdf
  ! matn topilmadi (skaner PDF?) - o'tkazildi
[2/135] 3-sinf/3-sinf 3-Sinf Matematika.pdf
  83 ta mavzu (model: haiku)
[3/135] 3-sinf/3-sinf 3-Sinf Musiqa.pdf

Limit tugadi.
You've hit your session limit · resets 8:40pm (Asia/Tashkent)

Limit tiklanishi kutilmoqda: 1 daqiqa. To'xtatish uchun Ctrl+C.
Qaytadan urinilmoqda - ish to'xtagan joydan davom etadi.

[1/135] 3-sinf/3-sinf 3-Sinf Ingliz tili.pdf
  ! matn topilmadi (skaner PDF?) - o'tkazildi
[2/135] 3-sinf/3-sinf 3-Sinf Matematika.pdf
  83 ta mavzu (model: haiku)
[3/135] 3-sinf/3-sinf 3-Sinf Musiqa.pdf

Limit tugadi.
You've hit your session limit · resets 8:40pm (Asia/Tashkent)

Limit tiklanishi kutilmoqda: 1 daqiqa. To'xtatish uchun Ctrl+C.
Qaytadan urinilmoqda - ish to'xtagan joydan davom etadi.

[1/135] 3-sinf/3-sinf 3-Sinf Ingliz tili.pdf
  ! matn topilmadi (skaner PDF?) - o'tkazildi
[2/135] 3-sinf/3-sinf 3-Sinf Matematika.pdf
  83 ta mavzu (model: haiku)
[3/135] 3-sinf/3-sinf 3-Sinf Musiqa.pdf

Limit tugadi.
You've hit your session limit · resets 8:40pm (Asia/Tashkent)

Limit tiklanishi kutilmoqda: 1 daqiqa. To'xtatish uchun Ctrl+C.
Qaytadan urinilmoqda - ish to'xtagan joydan davom etadi.

[1/135] 3-sinf/3-sinf 3-Sinf Ingliz tili.pdf
  ! matn topilmadi (skaner PDF?) - o'tkazildi
[2/135] 3-sinf/3-sinf 3-Sinf Matematika.pdf
  83 ta mavzu (model: haiku)
[3/135] 3-sinf/3-sinf 3-Sinf Musiqa.pdf

Limit tugadi.
You've hit your session limit · resets 8:40pm (Asia/Tashkent)

Limit tiklanishi kutilmoqda: 1 daqiqa. To'xtatish uchun Ctrl+C.
Qaytadan urinilmoqda - ish to'xtagan joydan davom etadi.

[1/135] 3-sinf/3-sinf 3-Sinf Ingliz tili.pdf
  ! matn topilmadi (skaner PDF?) - o'tkazildi
[2/135] 3-sinf/3-sinf 3-Sinf Matematika.pdf
  83 ta mavzu (model: haiku)
[3/135] 3-sinf/3-sinf 3-Sinf Musiqa.pdf

Limit tugadi.
You've hit your session limit · resets 8:40pm (Asia/Tashkent)

Limit tiklanishi kutilmoqda: 1 daqiqa. To'xtatish uchun Ctrl+C.
Qaytadan urinilmoqda - ish to'xtagan joydan davom etadi.

[1/135] 3-sinf/3-sinf 3-Sinf Ingliz tili.pdf
  ! matn topilmadi (skaner PDF?) - o'tkazildi
[2/135] 3-sinf/3-sinf 3-Sinf Matematika.pdf
  83 ta mavzu (model: haiku)
[3/135] 3-sinf/3-sinf 3-Sinf Musiqa.pdf

Limit tugadi.
You've hit your session limit · resets 8:40pm (Asia/Tashkent)

Limit tiklanishi kutilmoqda: 1 daqiqa. To'xtatish uchun Ctrl+C.
Qaytadan urinilmoqda - ish to'xtagan joydan davom etadi.

[1/135] 3-sinf/3-sinf 3-Sinf Ingliz tili.pdf
  ! matn topilmadi (skaner PDF?) - o'tkazildi
[2/135] 3-sinf/3-sinf 3-Sinf Matematika.pdf
  83 ta mavzu (model: haiku)
[3/135] 3-sinf/3-sinf 3-Sinf Musiqa.pdf

Limit tugadi.
You've hit your session limit · resets 8:40pm (Asia/Tashkent)

Limit tiklanishi kutilmoqda: 1 daqiqa. To'xtatish uchun Ctrl+C.
Qaytadan urinilmoqda - ish to'xtagan joydan davom etadi.

[1/135] 3-sinf/3-sinf 3-Sinf Ingliz tili.pdf
  ! matn topilmadi (skaner PDF?) - o'tkazildi
[2/135] 3-sinf/3-sinf 3-Sinf Matematika.pdf
  83 ta mavzu (model: haiku)
[3/135] 3-sinf/3-sinf 3-Sinf Musiqa.pdf

Limit tugadi.
You've hit your session limit · resets 8:40pm (Asia/Tashkent)

Limit tiklanishi kutilmoqda: 1 daqiqa. To'xtatish uchun Ctrl+C.
Qaytadan urinilmoqda - ish to'xtagan joydan davom etadi.

[1/135] 3-sinf/3-sinf 3-Sinf Ingliz tili.pdf
  ! matn topilmadi (skaner PDF?) - o'tkazildi
[2/135] 3-sinf/3-sinf 3-Sinf Matematika.pdf
  83 ta mavzu (model: haiku)
[3/135] 3-sinf/3-sinf 3-Sinf Musiqa.pdf

Limit tugadi.
You've hit your session limit · resets 8:40pm (Asia/Tashkent)

Limit tiklanishi kutilmoqda: 1 daqiqa. To'xtatish uchun Ctrl+C.
Qaytadan urinilmoqda - ish to'xtagan joydan davom etadi.

[1/135] 3-sinf/3-sinf 3-Sinf Ingliz tili.pdf
  ! matn topilmadi (skaner PDF?) - o'tkazildi
[2/135] 3-sinf/3-sinf 3-Sinf Matematika.pdf
  83 ta mavzu (model: haiku)
[3/135] 3-sinf/3-sinf 3-Sinf Musiqa.pdf

Limit tugadi.
You've hit your session limit · resets 8:40pm (Asia/Tashkent)

Limit tiklanishi kutilmoqda: 1 daqiqa. To'xtatish uchun Ctrl+C.
Qaytadan urinilmoqda - ish to'xtagan joydan davom etadi.

[1/135] 3-sinf/3-sinf 3-Sinf Ingliz tili.pdf
  ! matn topilmadi (skaner PDF?) - o'tkazildi
[2/135] 3-sinf/3-sinf 3-Sinf Matematika.pdf
  83 ta mavzu (model: haiku)
[3/135] 3-sinf/3-sinf 3-Sinf Musiqa.pdf

Limit tugadi.
You've hit your session limit · resets 8:40pm (Asia/Tashkent)

Limit tiklanishi kutilmoqda: 1 daqiqa. To'xtatish uchun Ctrl+C.
Qaytadan urinilmoqda - ish to'xtagan joydan davom etadi.

[1/135] 3-sinf/3-sinf 3-Sinf Ingliz tili.pdf
  ! matn topilmadi (skaner PDF?) - o'tkazildi
[2/135] 3-sinf/3-sinf 3-Sinf Matematika.pdf
  83 ta mavzu (model: haiku)
[3/135] 3-sinf/3-sinf 3-Sinf Musiqa.pdf

Limit tugadi.
You've hit your session limit · resets 8:40pm (Asia/Tashkent)

Limit tiklanishi kutilmoqda: 1 daqiqa. To'xtatish uchun Ctrl+C.
Qaytadan urinilmoqda - ish to'xtagan joydan davom etadi.

[1/135] 3-sinf/3-sinf 3-Sinf Ingliz tili.pdf
  ! matn topilmadi (skaner PDF?) - o'tkazildi
[2/135] 3-sinf/3-sinf 3-Sinf Matematika.pdf
  83 ta mavzu (model: haiku)
[3/135] 3-sinf/3-sinf 3-Sinf Musiqa.pdf

Limit tugadi.
You've hit your session limit · resets 8:40pm (Asia/Tashkent)

Limit tiklanishi kutilmoqda: 1 daqiqa. To'xtatish uchun Ctrl+C.
Qaytadan urinilmoqda - ish to'xtagan joydan davom etadi.

[1/135] 3-sinf/3-sinf 3-Sinf Ingliz tili.pdf
  ! matn topilmadi (skaner PDF?) - o'tkazildi
[2/135] 3-sinf/3-sinf 3-Sinf Matematika.pdf
  83 ta mavzu (model: haiku)
[3/135] 3-sinf/3-sinf 3-Sinf Musiqa.pdf

Limit tugadi.
You've hit your session limit · resets 8:40pm (Asia/Tashkent)

Limit tiklanishi kutilmoqda: 1 daqiqa. To'xtatish uchun Ctrl+C.
Qaytadan urinilmoqda - ish to'xtagan joydan davom etadi.

[1/135] 3-sinf/3-sinf 3-Sinf Ingliz tili.pdf
  ! matn topilmadi (skaner PDF?) - o'tkazildi
[2/135] 3-sinf/3-sinf 3-Sinf Matematika.pdf
  83 ta mavzu (model: haiku)
[3/135] 3-sinf/3-sinf 3-Sinf Musiqa.pdf

Limit tugadi.
You've hit your session limit · resets 8:40pm (Asia/Tashkent)

Limit tiklanishi kutilmoqda: 1 daqiqa. To'xtatish uchun Ctrl+C.
Qaytadan urinilmoqda - ish to'xtagan joydan davom etadi.

[1/135] 3-sinf/3-sinf 3-Sinf Ingliz tili.pdf
  ! matn topilmadi (skaner PDF?) - o'tkazildi
[2/135] 3-sinf/3-sinf 3-Sinf Matematika.pdf
  83 ta mavzu (model: haiku)
[3/135] 3-sinf/3-sinf 3-Sinf Musiqa.pdf

Limit tugadi.
You've hit your session limit · resets 8:40pm (Asia/Tashkent)

Limit tiklanishi kutilmoqda: 1 daqiqa. To'xtatish uchun Ctrl+C.
Qaytadan urinilmoqda - ish to'xtagan joydan davom etadi.

[1/135] 3-sinf/3-sinf 3-Sinf Ingliz tili.pdf
  ! matn topilmadi (skaner PDF?) - o'tkazildi
[2/135] 3-sinf/3-sinf 3-Sinf Matematika.pdf
  83 ta mavzu (model: haiku)
[3/135] 3-sinf/3-sinf 3-Sinf Musiqa.pdf

Limit tugadi.
You've hit your session limit · resets 8:40pm (Asia/Tashkent)

Limit tiklanishi kutilmoqda: 1 daqiqa. To'xtatish uchun Ctrl+C.
Qaytadan urinilmoqda - ish to'xtagan joydan davom etadi.

[1/135] 3-sinf/3-sinf 3-Sinf Ingliz tili.pdf
  ! matn topilmadi (skaner PDF?) - o'tkazildi
[2/135] 3-sinf/3-sinf 3-Sinf Matematika.pdf
  83 ta mavzu (model: haiku)
[3/135] 3-sinf/3-sinf 3-Sinf Musiqa.pdf

Limit tugadi.
You've hit your session limit · resets 8:40pm (Asia/Tashkent)

Limit tiklanishi kutilmoqda: 1 daqiqa. To'xtatish uchun Ctrl+C.
Qaytadan urinilmoqda - ish to'xtagan joydan davom etadi.

[1/135] 3-sinf/3-sinf 3-Sinf Ingliz tili.pdf
  ! matn topilmadi (skaner PDF?) - o'tkazildi
[2/135] 3-sinf/3-sinf 3-Sinf Matematika.pdf
  83 ta mavzu (model: haiku)
[3/135] 3-sinf/3-sinf 3-Sinf Musiqa.pdf

Limit tugadi.
You've hit your session limit · resets 8:40pm (Asia/Tashkent)

Limit tiklanishi kutilmoqda: 1 daqiqa. To'xtatish uchun Ctrl+C.
Qaytadan urinilmoqda - ish to'xtagan joydan davom etadi.

[1/135] 3-sinf/3-sinf 3-Sinf Ingliz tili.pdf
  ! matn topilmadi (skaner PDF?) - o'tkazildi
[2/135] 3-sinf/3-sinf 3-Sinf Matematika.pdf
  83 ta mavzu (model: haiku)
[3/135] 3-sinf/3-sinf 3-Sinf Musiqa.pdf

Limit tugadi.
You've hit your session limit · resets 8:40pm (Asia/Tashkent)

Limit tiklanishi kutilmoqda: 1 daqiqa. To'xtatish uchun Ctrl+C.
Qaytadan urinilmoqda - ish to'xtagan joydan davom etadi.

[1/135] 3-sinf/3-sinf 3-Sinf Ingliz tili.pdf
  ! matn topilmadi (skaner PDF?) - o'tkazildi
[2/135] 3-sinf/3-sinf 3-Sinf Matematika.pdf
  83 ta mavzu (model: haiku)
[3/135] 3-sinf/3-sinf 3-Sinf Musiqa.pdf

Limit tugadi.
You've hit your session limit · resets 8:40pm (Asia/Tashkent)

Limit tiklanishi kutilmoqda: 1 daqiqa. To'xtatish uchun Ctrl+C.
Qaytadan urinilmoqda - ish to'xtagan joydan davom etadi.

[1/135] 3-sinf/3-sinf 3-Sinf Ingliz tili.pdf
  ! matn topilmadi (skaner PDF?) - o'tkazildi
[2/135] 3-sinf/3-sinf 3-Sinf Matematika.pdf
  83 ta mavzu (model: haiku)
[3/135] 3-sinf/3-sinf 3-Sinf Musiqa.pdf

Limit tugadi.
You've hit your session limit · resets 8:40pm (Asia/Tashkent)

Limit tiklanishi kutilmoqda: 1 daqiqa. To'xtatish uchun Ctrl+C.
Qaytadan urinilmoqda - ish to'xtagan joydan davom etadi.

[1/135] 3-sinf/3-sinf 3-Sinf Ingliz tili.pdf
  ! matn topilmadi (skaner PDF?) - o'tkazildi
[2/135] 3-sinf/3-sinf 3-Sinf Matematika.pdf
  83 ta mavzu (model: haiku)
[3/135] 3-sinf/3-sinf 3-Sinf Musiqa.pdf

Limit tugadi.
You've hit your session limit · resets 8:40pm (Asia/Tashkent)

Limit tiklanishi kutilmoqda: 1 daqiqa. To'xtatish uchun Ctrl+C.
Qaytadan urinilmoqda - ish to'xtagan joydan davom etadi.

[1/135] 3-sinf/3-sinf 3-Sinf Ingliz tili.pdf
  ! matn topilmadi (skaner PDF?) - o'tkazildi
[2/135] 3-sinf/3-sinf 3-Sinf Matematika.pdf
  83 ta mavzu (model: haiku)
[3/135] 3-sinf/3-sinf 3-Sinf Musiqa.pdf

Limit tugadi.
You've hit your session limit · resets 8:40pm (Asia/Tashkent)

Limit tiklanishi kutilmoqda: 1 daqiqa. To'xtatish uchun Ctrl+C.
Qaytadan urinilmoqda - ish to'xtagan joydan davom etadi.

[1/135] 3-sinf/3-sinf 3-Sinf Ingliz tili.pdf
  ! matn topilmadi (skaner PDF?) - o'tkazildi
[2/135] 3-sinf/3-sinf 3-Sinf Matematika.pdf
  83 ta mavzu (model: haiku)
[3/135] 3-sinf/3-sinf 3-Sinf Musiqa.pdf

Limit tugadi.
You've hit your session limit · resets 8:40pm (Asia/Tashkent)

Limit tiklanishi kutilmoqda: 1 daqiqa. To'xtatish uchun Ctrl+C.
Qaytadan urinilmoqda - ish to'xtagan joydan davom etadi.

[1/135] 3-sinf/3-sinf 3-Sinf Ingliz tili.pdf
  ! matn topilmadi (skaner PDF?) - o'tkazildi
[2/135] 3-sinf/3-sinf 3-Sinf Matematika.pdf
  83 ta mavzu (model: haiku)
[3/135] 3-sinf/3-sinf 3-Sinf Musiqa.pdf

Limit tugadi.
You've hit your session limit · resets 8:40pm (Asia/Tashkent)

Limit tiklanishi kutilmoqda: 1 daqiqa. To'xtatish uchun Ctrl+C.
Qaytadan urinilmoqda - ish to'xtagan joydan davom etadi.

[1/135] 3-sinf/3-sinf 3-Sinf Ingliz tili.pdf
  ! matn topilmadi (skaner PDF?) - o'tkazildi
[2/135] 3-sinf/3-sinf 3-Sinf Matematika.pdf
  83 ta mavzu (model: haiku)
[3/135] 3-sinf/3-sinf 3-Sinf Musiqa.pdf

Limit tugadi.
You've hit your session limit · resets 8:40pm (Asia/Tashkent)

Limit tiklanishi kutilmoqda: 1 daqiqa. To'xtatish uchun Ctrl+C.
Qaytadan urinilmoqda - ish to'xtagan joydan davom etadi.

[1/135] 3-sinf/3-sinf 3-Sinf Ingliz tili.pdf
  ! matn topilmadi (skaner PDF?) - o'tkazildi
[2/135] 3-sinf/3-sinf 3-Sinf Matematika.pdf
  83 ta mavzu (model: haiku)
[3/135] 3-sinf/3-sinf 3-Sinf Musiqa.pdf

Limit tugadi.
You've hit your session limit · resets 8:40pm (Asia/Tashkent)

Limit tiklanishi kutilmoqda: 1 daqiqa. To'xtatish uchun Ctrl+C.
Qaytadan urinilmoqda - ish to'xtagan joydan davom etadi.

[1/135] 3-sinf/3-sinf 3-Sinf Ingliz tili.pdf
  ! matn topilmadi (skaner PDF?) - o'tkazildi
[2/135] 3-sinf/3-sinf 3-Sinf Matematika.pdf
  83 ta mavzu (model: haiku)
[3/135] 3-sinf/3-sinf 3-Sinf Musiqa.pdf

Limit tugadi.
You've hit your session limit · resets 8:40pm (Asia/Tashkent)

Limit tiklanishi kutilmoqda: 1 daqiqa. To'xtatish uchun Ctrl+C.
Qaytadan urinilmoqda - ish to'xtagan joydan davom etadi.

[1/135] 3-sinf/3-sinf 3-Sinf Ingliz tili.pdf
  ! matn topilmadi (skaner PDF?) - o'tkazildi
[2/135] 3-sinf/3-sinf 3-Sinf Matematika.pdf
  83 ta mavzu (model: haiku)
[3/135] 3-sinf/3-sinf 3-Sinf Musiqa.pdf

Limit tugadi.
You've hit your session limit · resets 8:40pm (Asia/Tashkent)

Limit tiklanishi kutilmoqda: 1 daqiqa. To'xtatish uchun Ctrl+C.
Qaytadan urinilmoqda - ish to'xtagan joydan davom etadi.

[1/135] 3-sinf/3-sinf 3-Sinf Ingliz tili.pdf
  ! matn topilmadi (skaner PDF?) - o'tkazildi
[2/135] 3-sinf/3-sinf 3-Sinf Matematika.pdf
  83 ta mavzu (model: haiku)
[3/135] 3-sinf/3-sinf 3-Sinf Musiqa.pdf

Limit tugadi.
You've hit your session limit · resets 8:40pm (Asia/Tashkent)

Limit tiklanishi kutilmoqda: 1 daqiqa. To'xtatish uchun Ctrl+C.
Qaytadan urinilmoqda - ish to'xtagan joydan davom etadi.

[1/135] 3-sinf/3-sinf 3-Sinf Ingliz tili.pdf
  ! matn topilmadi (skaner PDF?) - o'tkazildi
[2/135] 3-sinf/3-sinf 3-Sinf Matematika.pdf
  83 ta mavzu (model: haiku)
[3/135] 3-sinf/3-sinf 3-Sinf Musiqa.pdf

Limit tugadi.
You've hit your session limit · resets 8:40pm (Asia/Tashkent)

Limit tiklanishi kutilmoqda: 1 daqiqa. To'xtatish uchun Ctrl+C.
Qaytadan urinilmoqda - ish to'xtagan joydan davom etadi.

[1/135] 3-sinf/3-sinf 3-Sinf Ingliz tili.pdf
  ! matn topilmadi (skaner PDF?) - o'tkazildi
[2/135] 3-sinf/3-sinf 3-Sinf Matematika.pdf
  83 ta mavzu (model: haiku)
[3/135] 3-sinf/3-sinf 3-Sinf Musiqa.pdf
  ! mavzular aniqlanmadi - o'tkazildi (keyingi safar qayta urinadi)
[4/135] 3-sinf/3-sinf 3-Sinf Odobnoma.pdf
  24 ta mavzu (model: haiku)
[5/135] 3-sinf/3-sinf 3-Sinf Ona tili.pdf
  ! mavzular aniqlanmadi - o'tkazildi (keyingi safar qayta urinadi)
[6/135] 3-sinf/3-sinf 3-Sinf O‘qish.pdf
  77 ta mavzu (model: haiku)
    [47/77] Maqollar - 29 ta
    [48/77] Topishmoqlar - 30 ta
    [49/77] Qushlar - 29 ta
    [50/77] Halollik - 30 ta
    [51/77] Donishmand yigit - 30 ta
    [53/77] Siz bunga qodirsiz - 28 ta
    [52/77] Ahillik – ulug' baxt - 30 ta
    [54/77] Bàhîr yaqin - 30 ta
    [55/77] Oyijonlar, onalar - 30 ta
    [56/77] Bo'rin, Jala, Daryo va Quyosh - 30 ta
    [57/77] Bahor keldi - 30 ta
    [58/77] Rashid - 28 ta
    [60/77] Terak va o'zgarish - 30 ta
    [61/77] Myunxauzenning boshidan kechirganlari - 29 ta
    [59/77] Sîy suvi haqida ertak - 30 ta
    [62/77] Moychechak - 30 ta
    [63/77] Uch aka va Baxt - 30 ta
    [65/77] Pinokkioning sarguzashtlari - 30 ta
    [66/77] Bahs - 30 ta
    [64/77] Kasblarning rangi - 30 ta
    [68/77] Dog'da qolgan qarg'a - 30 ta
    [67/77] Karlson va Mittivoy - 30 ta
    [70/77] Nikita va Umidjon - 30 ta
    [69/77] Tilak - 29 ta
    [71/77] Do'stlik - 30 ta
    [72/77] Qon berish - 30 ta
    [73/77] Tinchlik ko'chasi - 30 ta
    [76/77] Yoz zavqi - 30 ta
    [74/77] Oq tumshuq jasorati - 30 ta
    [75/77] Vatan haqida qo'shiq - 29 ta
    [77/77] Ilonchaning tug'ilgan kuni - 30 ta
[7/135] 3-sinf/3-sinf 3-Sinf Rus tili.pdf
  24 ta mavzu (model: haiku)
    [3/24] На уроке рисования - 30 ta
    [1/24] В школе - 30 ta
    [2/24] Наш класс - 30 ta
    [5/24] Семья - 30 ta
    [4/24] Школьные принадлежности - 30 ta
    [6/24] Наш дом - 30 ta
    [7/24] Наш двор - 30 ta
    [8/24] Экскурсия в осенний парк - 30 ta
    [10/24] В школьной столовой - 30 ta
    [9/24] В библиотеке - 30 ta
    [12/24] Мои друзья и родственники - 28 ta
    [13/24] Зимой - 30 ta
    [11/24] Читаем сами - 30 ta
    [14/24] Зимние игры - 30 ta
    [15/24] Счёт - 30 ta
    [16/24] Считаем по порядку - 30 ta
    [17/24] В зоопарке - 30 ta
    [18/24] В мире сказок - 30 ta
    [19/24] Выполняем задания - 30 ta
    xato: Expecting ',' delimiter: line 28 column 231 (char 5442)
    [21/24] Наш город - 30 ta
    [22/24] Погода - 29 ta
    [20/24] Чьи это вещи? - 30 ta
    [23/24] Отрицание действия - 30 ta
    [24/24] Каникулы. Читаем сами - 30 ta
[8/135] 3-sinf/3-sinf 3-Sinf Tabiatshunoslik.pdf
  41 ta mavzu (model: haiku)
    [3/41] Suvning xususiyatlari - 30 ta
    [1/41] Tabiatshunoslik nimani o'rganadi? - 29 ta
    [2/41] Yer usti va yer osti suvlari - 30 ta
    xato: Expecting ',' delimiter: line 23 column 1 (char 4048)
    [6/41] Yog'inlar - 30 ta
    [4/41] Suvni muhofaza qilish va tejash - 29 ta
    [5/41] Tabiatda havo - 30 ta
    [8/41] Foydali qazilmalar qanday hosil bo'ladi? - 29 ta
    [7/41] Foydali qazilmalar qayerdan olinadi? - 29 ta
    [9/41] Qora va rangli metallar - 30 ta
    [12/41] Foydali qazilmalardan oqilona foydalanish - 30 ta
    [11/41] Ohaktosh - 30 ta
    [10/41] Granit - 30 ta
    [15/41] O'tlar - 30 ta
    [14/41] Tuproq va jonli tabiat - 30 ta
    [13/41] Tuproq. Uning tuzilishi - 30 ta
    [17/41] G'o'za - 29 ta
    [16/41] Daraxtlar - 30 ta
    [19/41] Kartoshka va sabzavotlar - 30 ta
    [18/41] Bug'doy va qora don - 30 ta
    [20/41] Qulupnay - 30 ta
    [22/41] Poliz ekinlari - 30 ta
    [23/41] Mevali daraxtlar - 30 ta
    [21/41] Begona o'simliklar - 29 ta
    [24/41] Manzarali daraxtlar va butalar - 30 ta
    [25/41] Maktab gulzorida - 30 ta
    [26/41] Dorivor o'simliklar - 30 ta
    [27/41] Tut daraxti - 29 ta
    [28/41] Ipak qurti - 30 ta
    [31/41] Hasharotxo'r qushlar - 29 ta
    [30/41] Chuvalchangsimon hayvonlar - 30 ta
    [29/41] Yovvoyi hayvonlar. Yirtqich hayvonlar - 30 ta
    [33/41] Uy hayvonlari - 30 ta
    [32/41] Uy parrandalari - 30 ta
    [34/41] Suvda yashaydigan hayvonlar - 30 ta
    [35/41] Oziqa zanjiri - 30 ta
    [36/41] Odam tanasi - 30 ta
    [39/41] Odam miyasi, hazm qilish a'zolari va o'pka - 30 ta
    [38/41] Yurak va qonning aylanishi - 30 ta
    [37/41] Odam skeleti - 30 ta
    [40/41] Insonning tabiatga ta'siri - 30 ta
    [41/41] Tabiat muhofazasi - 30 ta
[9/135] 3-sinf/3-sinf 3-Sinf Tarbiya.pdf
  20 ta mavzu (model: haiku)
    [3/20] 2–3-MAVZULAR: MUVAFFAQIYAT – QAT'IYAT VA MEHNAT NATIJASI - 29 ta
    [2/20] 1-MAVZU: MUNOSIB FARZAND - 30 ta
    [1/20] 2-SINFDA O'RGANGANLARIMIZNI TAKRORLAYMIZ - 30 ta
    [6/20] 6-MAVZU: BILIM OLISH ODOBI - 30 ta
    [5/20] 5-MAVZU: ENG BUYUK SHARAF - 30 ta
    [8/20] 8–9-MAVZULAR: VAQNING KETDI – BAXTING KETDI - 30 ta
    [4/20] 4-MAVZU: SERQUYOSH, HUR O'LKA - 29 ta
    [7/20] 7-MAVZU: KIM BO'LSAM EKAN? - 29 ta
    [9/20] 10–11-MAVZULAR: EHTIYOTKORLIK - 30 ta
    [11/20] 14–15-MAVZULAR: ELEKTRON AXBOROTLAR - 29 ta
    [12/20] 16–17-MAVZULAR: KIYINISH MADANIYATI - 29 ta
    [10/20] 12–13-MAVZULAR: KITOB – BILIM MANBAYI - 30 ta
    [13/20] 18–19-MAVZULAR: OZODALIK – INSON KO'RKI - 30 ta
    [16/20] 22-MAVZU: MEHR-OQIBAT – INSONIY FAZILAT - 29 ta
    [15/20] 21-MAVZU: INSON ODOBI BILAN GO'ZAL - 30 ta
    [14/20] 20-MAVZU: OZODALIKNI XONAMIZDAN BOSHLAYMIZ - 30 ta
    [18/20] 25-MAVZU: QULOG'IGA QULOQCHIN TAQQAN «QULOQSIZ» BOLA - 29 ta
    [17/20] 23–24-MAVZULAR: QARI BILGANNI PARI BILMAS - 30 ta
    [19/20] 26-MAVZU: MAHALLA VA QO'NI-QO'SHNICHILIK - 30 ta
    [20/20] III BOB: REJALI ISH – BEJOG'LIQ ISH - 29 ta
[10/135] 3-sinf/3-sinf 3-Sinf Tasviriy san’at.pdf
  28 ta mavzu (model: haiku)
    [3/28] Yoz o'tdi soz mavzusida rasm ishlash - 28 ta
    [2/28] O'zbekiston — mening Vatanim mavzusida rasm ishlash - 30 ta
    [1/28] Rasm ishlash uchun joy hozirlash va narsalarning o'lchamini aniqlash - 30 ta
    [4/28] Atlas matosi uchun naqsh ishlash - 30 ta
    [5/28] Yo'lsimon shaklda naqsh ishlash - 30 ta
    [6/28] Mevalar rasmini ishlash - 30 ta
    [7/28] Haykaltaroshlik. Baliq relyefini yasash - 29 ta
    [10/28] Tabiiy materiallardan applikatsiya ishlash - 30 ta
    [8/28] To'rtburchak shaklda naqsh ishlash - 29 ta
    [9/28] Tog'da kuz mavzusida rasm ishlash - 30 ta
    [13/28] Nasriddin Afandi mavzusida haykal ishlash - 30 ta
    [11/28] Kech kuz mavzusida rasm ishlash - 29 ta
    [12/28] Toshbaqa bilan chayon masali asosida rasm ishlash - 30 ta
    [14/28] Dorboz bola mavzusida rasm ishlash - 30 ta
    [15/28] O'lkamizda qish mavzusida rasm ishlash - 30 ta
    [17/28] Me'moriy naqsh ishlash - 30 ta
    [16/28] Qishki o'yinlar mavzusida rasm ishlash - 30 ta
    [18/28] Hayvonot bog'ida mavzusida rasm ishlash - 30 ta
    [21/28] Tulki va turna ertagi asosida haykal ishlash - 30 ta
    [19/28] Oltin tarvuz ertagi asosida rasm ishlash - 30 ta
    [20/28] Natyurmort rasmini ishlash - 30 ta
    [23/28] Bahor gullari mavzusida rasm ishlash - 30 ta
    [22/28] Tennischi mavzusida rasm ishlash - 30 ta
    [24/28] Navro'z bayrami tabriknomasini ishlash - 30 ta
    [25/28] Doira shaklida naqsh ishlash - 30 ta
    [26/28] Loydan sopol buyum yasash - 29 ta
    [27/28] Oqshom mavzusida rasm ishlash - 29 ta
    [28/28] Hayvon o'rgatuvchi mavzusida haykal ishlash - 29 ta
[11/135] 3-sinf/3-sinf 3-Sinf Texnologiya.pdf
  30 ta mavzu (model: haiku)
    [1/30] «Kuz» manzarasini applikatsiya usulida yasash - 30 ta
    [3/30] Harakatli o'yinchoqlar yasash - 30 ta
    [2/30] Kapalak shaklini qurish-yasash - 30 ta
    [5/30] 1-nazorat ishi. Barglardan jonivonlar shaklini yasash - 30 ta
    [4/30] Somondan applikatsiya usulida hayvonlar, gullar, jonivonlar shaklini yasash - 30 ta
    [6/30] «Ertak qahramonlari»ni applikatsiya usulida yasash - 29 ta
    [7/30] Pape-mashe usulida piyola tayyorlash va bezash - 30 ta
    [9/30] Turli qog'ozlardan girlyandlar va qor parchasi yasash - 30 ta
    [8/30] Sovg'a uchun suvenir yasash - 29 ta
    [10/30] Rangli qog'ozdan archa yasash - 30 ta
    [11/30] 2-nazorat ishi. Rangli qog'ozlardan hajmdor archa o'yinchog'ini tayyorlash - 30 ta
    xato: Expecting ',' delimiter: line 173 column 8 (char 6855)
    [13/30] To'g'ri chok tikish - 30 ta
    [12/30] Qish manzarasini applikatsiya usulida yasash - 30 ta
    [14/30] To'g'ri chok yordamida chovgum ushlagich tiking - 30 ta
    [15/30] Igna uchun yostiqcha tikish - 30 ta
    [17/30] Bahorgi gullar kompozitsiyasini tayyorlash - 30 ta
    [16/30] Turli geometrik shakllardan harakatlanuvchi modellar qurish-yasash - 30 ta
    [18/30] Qog'ozni buklash va qirqish usulida gullar shaklini yasash - 30 ta
    [19/30] Bayramga tabriknoma yasash - 30 ta
    [21/30] Navro'z bayramı uchun bezaklar tayyorlash - 29 ta
    [22/30] «Guldonda gullar» kompozitsiyasini yasash - 30 ta
    [20/30] 3-nazorat ishi. Applikatsiya usulida guldasta kompozitsiyasini yasash - 30 ta
    [24/30] Suzuvchi modellar maketini qurish-yasash - 29 ta
    [23/30] Guldon tayyorlash - 30 ta
    xato: Expecting ',' delimiter: line 172 column 176 (char 7724)
    [25/30] Porolon va ipdan yumshoq o'yinchoqlar tayyorlash - 30 ta
    [26/30] Ipdan o'yinchoqlar yasash - 30 ta
    [27/30] Qog'ozni qirqish va buklash usulida gullar shaklini yasash - 30 ta
    [28/30] Lola gulini yasash - 30 ta
    [29/30] 4-nazorat ishi. Turli qog'ozlardan kompozitsiya yasash - 30 ta
    [30/30] Yoz applikatsiyasini yasash - 30 ta
[12/135] 4-sinf/4-sinf 4-Sinf Ingliz tili.pdf
  ! matn topilmadi (skaner PDF?) - o'tkazildi
[13/135] 4-sinf/4-sinf 4-Sinf Matematika.pdf
  28 ta mavzu (model: haiku)
    [2/28] Tengsizliklarni tanlash usuli bilan yechish - 30 ta
    [4/28] Sonlarni xona qo'shiluvchilari yig'indisi ko'rinishida yozish - 30 ta
    [3/28] 1 dan 1 000 000 gacha bo'lgan sonlarni raqamlash - 30 ta
    [1/28] O'n ming ichida sonlarni raqamlash va arifmetik amallar - 30 ta
    [5/28] Qo'shish va ayirish - 30 ta
    [6/28] Qirqma shakllar, buklanadigan ko'pburchaklar - 30 ta
    [7/28] Qo'shishning o'rin almashtirish va guruhlash xossasi - 30 ta
    [10/28] O'rta arifmetik qiymatni topish - 30 ta
    [9/28] Tengsizliklar - 30 ta
    [8/28] Tenglamalar - 30 ta
    [12/28] Mulohazalar - 30 ta
    [13/28] Ko'paytirish - 30 ta
    [11/28] Geometrik mazmundagi amaliy masalalar - 30 ta
    [14/28] Bo'lish - 30 ta
    [16/28] Tenglamalar (taraqqiyotlashtirilgan) - 30 ta
    [15/28] Ko'p xonali sonlarni ko'p xonali songa ko'paytirish va bo'lish - 30 ta
    [17/28] Perimetr va yuza formulalari - 30 ta
    [19/28] Sonli ifodalarning qiymatini hisoblash - 30 ta
    [18/28] Nurlar va shkala - 30 ta
    [20/28] Harakat masalalari - 30 ta
    [21/28] Oddiy kasrlar - 30 ta
    [22/28] O'nli kasrlar - 30 ta
    [24/28] Koordinatalar to'ri - 30 ta
    [23/28] To'plamlar. Eyler-Venn diagrammasi - 30 ta
    [25/28] Ko'pyoqlar va fazoviy shakllar - 30 ta
    [26/28] To'g'ri to'rtburchakli parallelepiped va kub - 30 ta

Limit tugadi.
You've hit your session limit · resets 1:40am (Asia/Tashkent)

Limit tiklanishi kutilmoqda: 1 daqiqa. To'xtatish uchun Ctrl+C.
Qaytadan urinilmoqda - ish to'xtagan joydan davom etadi.

[1/135] 3-sinf/3-sinf 3-Sinf Ingliz tili.pdf
  ! matn topilmadi (skaner PDF?) - o'tkazildi
[2/135] 3-sinf/3-sinf 3-Sinf Matematika.pdf
  83 ta mavzu (model: haiku)
[3/135] 3-sinf/3-sinf 3-Sinf Musiqa.pdf

Limit tugadi.
You've hit your session limit · resets 1:40am (Asia/Tashkent)

Limit tiklanishi kutilmoqda: 1 daqiqa. To'xtatish uchun Ctrl+C.
Qaytadan urinilmoqda - ish to'xtagan joydan davom etadi.

[1/135] 3-sinf/3-sinf 3-Sinf Ingliz tili.pdf
  ! matn topilmadi (skaner PDF?) - o'tkazildi
[2/135] 3-sinf/3-sinf 3-Sinf Matematika.pdf
  83 ta mavzu (model: haiku)
[3/135] 3-sinf/3-sinf 3-Sinf Musiqa.pdf

Limit tugadi.
You've hit your session limit · resets 1:40am (Asia/Tashkent)

Limit tiklanishi kutilmoqda: 1 daqiqa. To'xtatish uchun Ctrl+C.
Qaytadan urinilmoqda - ish to'xtagan joydan davom etadi.

[1/135] 3-sinf/3-sinf 3-Sinf Ingliz tili.pdf
  ! matn topilmadi (skaner PDF?) - o'tkazildi
[2/135] 3-sinf/3-sinf 3-Sinf Matematika.pdf
  83 ta mavzu (model: haiku)
[3/135] 3-sinf/3-sinf 3-Sinf Musiqa.pdf

Limit tugadi.
You've hit your session limit · resets 1:40am (Asia/Tashkent)

Limit tiklanishi kutilmoqda: 1 daqiqa. To'xtatish uchun Ctrl+C.
Qaytadan urinilmoqda - ish to'xtagan joydan davom etadi.

[1/135] 3-sinf/3-sinf 3-Sinf Ingliz tili.pdf
  ! matn topilmadi (skaner PDF?) - o'tkazildi
[2/135] 3-sinf/3-sinf 3-Sinf Matematika.pdf
  83 ta mavzu (model: haiku)
[3/135] 3-sinf/3-sinf 3-Sinf Musiqa.pdf

Limit tugadi.
You've hit your session limit · resets 1:40am (Asia/Tashkent)

Limit tiklanishi kutilmoqda: 1 daqiqa. To'xtatish uchun Ctrl+C.
Qaytadan urinilmoqda - ish to'xtagan joydan davom etadi.

[1/135] 3-sinf/3-sinf 3-Sinf Ingliz tili.pdf
  ! matn topilmadi (skaner PDF?) - o'tkazildi
[2/135] 3-sinf/3-sinf 3-Sinf Matematika.pdf
  83 ta mavzu (model: haiku)
[3/135] 3-sinf/3-sinf 3-Sinf Musiqa.pdf

Limit tugadi.
You've hit your session limit · resets 1:40am (Asia/Tashkent)

Limit tiklanishi kutilmoqda: 1 daqiqa. To'xtatish uchun Ctrl+C.
Qaytadan urinilmoqda - ish to'xtagan joydan davom etadi.

[1/135] 3-sinf/3-sinf 3-Sinf Ingliz tili.pdf
  ! matn topilmadi (skaner PDF?) - o'tkazildi
[2/135] 3-sinf/3-sinf 3-Sinf Matematika.pdf
  83 ta mavzu (model: haiku)
[3/135] 3-sinf/3-sinf 3-Sinf Musiqa.pdf

Limit tugadi.
You've hit your session limit · resets 1:40am (Asia/Tashkent)

Limit tiklanishi kutilmoqda: 1 daqiqa. To'xtatish uchun Ctrl+C.
Qaytadan urinilmoqda - ish to'xtagan joydan davom etadi.

[1/135] 3-sinf/3-sinf 3-Sinf Ingliz tili.pdf
  ! matn topilmadi (skaner PDF?) - o'tkazildi
[2/135] 3-sinf/3-sinf 3-Sinf Matematika.pdf
  83 ta mavzu (model: haiku)
[3/135] 3-sinf/3-sinf 3-Sinf Musiqa.pdf

Limit tugadi.
You've hit your session limit · resets 1:40am (Asia/Tashkent)

Limit tiklanishi kutilmoqda: 1 daqiqa. To'xtatish uchun Ctrl+C.
Qaytadan urinilmoqda - ish to'xtagan joydan davom etadi.

[1/135] 3-sinf/3-sinf 3-Sinf Ingliz tili.pdf
  ! matn topilmadi (skaner PDF?) - o'tkazildi
[2/135] 3-sinf/3-sinf 3-Sinf Matematika.pdf
  83 ta mavzu (model: haiku)
[3/135] 3-sinf/3-sinf 3-Sinf Musiqa.pdf

Limit tugadi.
You've hit your session limit · resets 1:40am (Asia/Tashkent)

Limit tiklanishi kutilmoqda: 1 daqiqa. To'xtatish uchun Ctrl+C.
Qaytadan urinilmoqda - ish to'xtagan joydan davom etadi.

[1/135] 3-sinf/3-sinf 3-Sinf Ingliz tili.pdf
  ! matn topilmadi (skaner PDF?) - o'tkazildi
[2/135] 3-sinf/3-sinf 3-Sinf Matematika.pdf
  83 ta mavzu (model: haiku)
[3/135] 3-sinf/3-sinf 3-Sinf Musiqa.pdf

Limit tugadi.
You've hit your session limit · resets 1:40am (Asia/Tashkent)

Limit tiklanishi kutilmoqda: 1 daqiqa. To'xtatish uchun Ctrl+C.
Qaytadan urinilmoqda - ish to'xtagan joydan davom etadi.

[1/135] 3-sinf/3-sinf 3-Sinf Ingliz tili.pdf
  ! matn topilmadi (skaner PDF?) - o'tkazildi
[2/135] 3-sinf/3-sinf 3-Sinf Matematika.pdf
  83 ta mavzu (model: haiku)
[3/135] 3-sinf/3-sinf 3-Sinf Musiqa.pdf

Limit tugadi.
You've hit your session limit · resets 1:40am (Asia/Tashkent)

Limit tiklanishi kutilmoqda: 1 daqiqa. To'xtatish uchun Ctrl+C.
Qaytadan urinilmoqda - ish to'xtagan joydan davom etadi.

[1/135] 3-sinf/3-sinf 3-Sinf Ingliz tili.pdf
  ! matn topilmadi (skaner PDF?) - o'tkazildi
[2/135] 3-sinf/3-sinf 3-Sinf Matematika.pdf
  83 ta mavzu (model: haiku)
[3/135] 3-sinf/3-sinf 3-Sinf Musiqa.pdf

Limit tugadi.
You've hit your session limit · resets 1:40am (Asia/Tashkent)

Limit tiklanishi kutilmoqda: 1 daqiqa. To'xtatish uchun Ctrl+C.
Qaytadan urinilmoqda - ish to'xtagan joydan davom etadi.

[1/135] 3-sinf/3-sinf 3-Sinf Ingliz tili.pdf
  ! matn topilmadi (skaner PDF?) - o'tkazildi
[2/135] 3-sinf/3-sinf 3-Sinf Matematika.pdf
  83 ta mavzu (model: haiku)
[3/135] 3-sinf/3-sinf 3-Sinf Musiqa.pdf

Limit tugadi.
You've hit your session limit · resets 1:40am (Asia/Tashkent)

Limit tiklanishi kutilmoqda: 1 daqiqa. To'xtatish uchun Ctrl+C.
Qaytadan urinilmoqda - ish to'xtagan joydan davom etadi.

[1/135] 3-sinf/3-sinf 3-Sinf Ingliz tili.pdf
  ! matn topilmadi (skaner PDF?) - o'tkazildi
[2/135] 3-sinf/3-sinf 3-Sinf Matematika.pdf
  83 ta mavzu (model: haiku)
[3/135] 3-sinf/3-sinf 3-Sinf Musiqa.pdf

Limit tugadi.
You've hit your session limit · resets 1:40am (Asia/Tashkent)

Limit tiklanishi kutilmoqda: 1 daqiqa. To'xtatish uchun Ctrl+C.
Qaytadan urinilmoqda - ish to'xtagan joydan davom etadi.

[1/135] 3-sinf/3-sinf 3-Sinf Ingliz tili.pdf
  ! matn topilmadi (skaner PDF?) - o'tkazildi
[2/135] 3-sinf/3-sinf 3-Sinf Matematika.pdf
  83 ta mavzu (model: haiku)
[3/135] 3-sinf/3-sinf 3-Sinf Musiqa.pdf

Limit tugadi.
You've hit your session limit · resets 1:40am (Asia/Tashkent)

Limit tiklanishi kutilmoqda: 1 daqiqa. To'xtatish uchun Ctrl+C.
Qaytadan urinilmoqda - ish to'xtagan joydan davom etadi.

[1/135] 3-sinf/3-sinf 3-Sinf Ingliz tili.pdf
  ! matn topilmadi (skaner PDF?) - o'tkazildi
[2/135] 3-sinf/3-sinf 3-Sinf Matematika.pdf
  83 ta mavzu (model: haiku)
[3/135] 3-sinf/3-sinf 3-Sinf Musiqa.pdf

Limit tugadi.
You've hit your session limit · resets 1:40am (Asia/Tashkent)

Limit tiklanishi kutilmoqda: 1 daqiqa. To'xtatish uchun Ctrl+C.
Qaytadan urinilmoqda - ish to'xtagan joydan davom etadi.

[1/135] 3-sinf/3-sinf 3-Sinf Ingliz tili.pdf
  ! matn topilmadi (skaner PDF?) - o'tkazildi
[2/135] 3-sinf/3-sinf 3-Sinf Matematika.pdf
  83 ta mavzu (model: haiku)
[3/135] 3-sinf/3-sinf 3-Sinf Musiqa.pdf

Limit tugadi.
You've hit your session limit · resets 1:40am (Asia/Tashkent)

Limit tiklanishi kutilmoqda: 1 daqiqa. To'xtatish uchun Ctrl+C.
Qaytadan urinilmoqda - ish to'xtagan joydan davom etadi.

[1/135] 3-sinf/3-sinf 3-Sinf Ingliz tili.pdf
  ! matn topilmadi (skaner PDF?) - o'tkazildi
[2/135] 3-sinf/3-sinf 3-Sinf Matematika.pdf
  83 ta mavzu (model: haiku)
[3/135] 3-sinf/3-sinf 3-Sinf Musiqa.pdf

Limit tugadi.
You've hit your session limit · resets 1:40am (Asia/Tashkent)

Limit tiklanishi kutilmoqda: 1 daqiqa. To'xtatish uchun Ctrl+C.
Qaytadan urinilmoqda - ish to'xtagan joydan davom etadi.

[1/135] 3-sinf/3-sinf 3-Sinf Ingliz tili.pdf
  ! matn topilmadi (skaner PDF?) - o'tkazildi
[2/135] 3-sinf/3-sinf 3-Sinf Matematika.pdf
  83 ta mavzu (model: haiku)
[3/135] 3-sinf/3-sinf 3-Sinf Musiqa.pdf

Limit tugadi.
You've hit your session limit · resets 1:40am (Asia/Tashkent)

Limit tiklanishi kutilmoqda: 1 daqiqa. To'xtatish uchun Ctrl+C.
Qaytadan urinilmoqda - ish to'xtagan joydan davom etadi.

[1/135] 3-sinf/3-sinf 3-Sinf Ingliz tili.pdf
  ! matn topilmadi (skaner PDF?) - o'tkazildi
[2/135] 3-sinf/3-sinf 3-Sinf Matematika.pdf
  83 ta mavzu (model: haiku)
[3/135] 3-sinf/3-sinf 3-Sinf Musiqa.pdf

Limit tugadi.
You've hit your session limit · resets 1:40am (Asia/Tashkent)

Limit tiklanishi kutilmoqda: 1 daqiqa. To'xtatish uchun Ctrl+C.
Qaytadan urinilmoqda - ish to'xtagan joydan davom etadi.

[1/135] 3-sinf/3-sinf 3-Sinf Ingliz tili.pdf
  ! matn topilmadi (skaner PDF?) - o'tkazildi
[2/135] 3-sinf/3-sinf 3-Sinf Matematika.pdf
  83 ta mavzu (model: haiku)
[3/135] 3-sinf/3-sinf 3-Sinf Musiqa.pdf

Limit tugadi.
You've hit your session limit · resets 1:40am (Asia/Tashkent)

Limit tiklanishi kutilmoqda: 1 daqiqa. To'xtatish uchun Ctrl+C.
Qaytadan urinilmoqda - ish to'xtagan joydan davom etadi.

[1/135] 3-sinf/3-sinf 3-Sinf Ingliz tili.pdf
  ! matn topilmadi (skaner PDF?) - o'tkazildi
[2/135] 3-sinf/3-sinf 3-Sinf Matematika.pdf
  83 ta mavzu (model: haiku)
[3/135] 3-sinf/3-sinf 3-Sinf Musiqa.pdf

Limit tugadi.
You've hit your session limit · resets 1:40am (Asia/Tashkent)

Limit tiklanishi kutilmoqda: 1 daqiqa. To'xtatish uchun Ctrl+C.
Qaytadan urinilmoqda - ish to'xtagan joydan davom etadi.

[1/135] 3-sinf/3-sinf 3-Sinf Ingliz tili.pdf
  ! matn topilmadi (skaner PDF?) - o'tkazildi
[2/135] 3-sinf/3-sinf 3-Sinf Matematika.pdf
  83 ta mavzu (model: haiku)
[3/135] 3-sinf/3-sinf 3-Sinf Musiqa.pdf

Limit tugadi.
You've hit your session limit · resets 1:40am (Asia/Tashkent)

Limit tiklanishi kutilmoqda: 1 daqiqa. To'xtatish uchun Ctrl+C.
Qaytadan urinilmoqda - ish to'xtagan joydan davom etadi.

[1/135] 3-sinf/3-sinf 3-Sinf Ingliz tili.pdf
  ! matn topilmadi (skaner PDF?) - o'tkazildi
[2/135] 3-sinf/3-sinf 3-Sinf Matematika.pdf
  83 ta mavzu (model: haiku)
[3/135] 3-sinf/3-sinf 3-Sinf Musiqa.pdf

Limit tugadi.
You've hit your session limit · resets 1:40am (Asia/Tashkent)

Limit tiklanishi kutilmoqda: 1 daqiqa. To'xtatish uchun Ctrl+C.
Qaytadan urinilmoqda - ish to'xtagan joydan davom etadi.

[1/135] 3-sinf/3-sinf 3-Sinf Ingliz tili.pdf
  ! matn topilmadi (skaner PDF?) - o'tkazildi
[2/135] 3-sinf/3-sinf 3-Sinf Matematika.pdf
  83 ta mavzu (model: haiku)
[3/135] 3-sinf/3-sinf 3-Sinf Musiqa.pdf

Limit tugadi.
You've hit your session limit · resets 1:40am (Asia/Tashkent)

Limit tiklanishi kutilmoqda: 1 daqiqa. To'xtatish uchun Ctrl+C.
Qaytadan urinilmoqda - ish to'xtagan joydan davom etadi.

[1/135] 3-sinf/3-sinf 3-Sinf Ingliz tili.pdf
  ! matn topilmadi (skaner PDF?) - o'tkazildi
[2/135] 3-sinf/3-sinf 3-Sinf Matematika.pdf
  83 ta mavzu (model: haiku)
[3/135] 3-sinf/3-sinf 3-Sinf Musiqa.pdf

Limit tugadi.
You've hit your session limit · resets 1:40am (Asia/Tashkent)

Limit tiklanishi kutilmoqda: 1 daqiqa. To'xtatish uchun Ctrl+C.
Qaytadan urinilmoqda - ish to'xtagan joydan davom etadi.

[1/135] 3-sinf/3-sinf 3-Sinf Ingliz tili.pdf
  ! matn topilmadi (skaner PDF?) - o'tkazildi
[2/135] 3-sinf/3-sinf 3-Sinf Matematika.pdf
  83 ta mavzu (model: haiku)
[3/135] 3-sinf/3-sinf 3-Sinf Musiqa.pdf

Limit tugadi.
You've hit your session limit · resets 1:40am (Asia/Tashkent)

Limit tiklanishi kutilmoqda: 1 daqiqa. To'xtatish uchun Ctrl+C.
Qaytadan urinilmoqda - ish to'xtagan joydan davom etadi.

[1/135] 3-sinf/3-sinf 3-Sinf Ingliz tili.pdf
  ! matn topilmadi (skaner PDF?) - o'tkazildi
[2/135] 3-sinf/3-sinf 3-Sinf Matematika.pdf
  83 ta mavzu (model: haiku)
[3/135] 3-sinf/3-sinf 3-Sinf Musiqa.pdf

Limit tugadi.
You've hit your session limit · resets 1:40am (Asia/Tashkent)

Limit tiklanishi kutilmoqda: 1 daqiqa. To'xtatish uchun Ctrl+C.
Qaytadan urinilmoqda - ish to'xtagan joydan davom etadi.

[1/135] 3-sinf/3-sinf 3-Sinf Ingliz tili.pdf
  ! matn topilmadi (skaner PDF?) - o'tkazildi
[2/135] 3-sinf/3-sinf 3-Sinf Matematika.pdf
  83 ta mavzu (model: haiku)
[3/135] 3-sinf/3-sinf 3-Sinf Musiqa.pdf

Limit tugadi.
You've hit your session limit · resets 1:40am (Asia/Tashkent)

Limit tiklanishi kutilmoqda: 1 daqiqa. To'xtatish uchun Ctrl+C.
Qaytadan urinilmoqda - ish to'xtagan joydan davom etadi.

[1/135] 3-sinf/3-sinf 3-Sinf Ingliz tili.pdf
  ! matn topilmadi (skaner PDF?) - o'tkazildi
[2/135] 3-sinf/3-sinf 3-Sinf Matematika.pdf
  83 ta mavzu (model: haiku)
[3/135] 3-sinf/3-sinf 3-Sinf Musiqa.pdf

Limit tugadi.
You've hit your session limit · resets 1:40am (Asia/Tashkent)

Limit tiklanishi kutilmoqda: 1 daqiqa. To'xtatish uchun Ctrl+C.
Qaytadan urinilmoqda - ish to'xtagan joydan davom etadi.

[1/135] 3-sinf/3-sinf 3-Sinf Ingliz tili.pdf
  ! matn topilmadi (skaner PDF?) - o'tkazildi
[2/135] 3-sinf/3-sinf 3-Sinf Matematika.pdf
  83 ta mavzu (model: haiku)
[3/135] 3-sinf/3-sinf 3-Sinf Musiqa.pdf

Limit tugadi.
You've hit your session limit · resets 1:40am (Asia/Tashkent)

Limit tiklanishi kutilmoqda: 1 daqiqa. To'xtatish uchun Ctrl+C.
Qaytadan urinilmoqda - ish to'xtagan joydan davom etadi.

[1/135] 3-sinf/3-sinf 3-Sinf Ingliz tili.pdf
  ! matn topilmadi (skaner PDF?) - o'tkazildi
[2/135] 3-sinf/3-sinf 3-Sinf Matematika.pdf
  83 ta mavzu (model: haiku)
[3/135] 3-sinf/3-sinf 3-Sinf Musiqa.pdf

Limit tugadi.
You've hit your session limit · resets 1:40am (Asia/Tashkent)

Limit tiklanishi kutilmoqda: 1 daqiqa. To'xtatish uchun Ctrl+C.
Qaytadan urinilmoqda - ish to'xtagan joydan davom etadi.

[1/135] 3-sinf/3-sinf 3-Sinf Ingliz tili.pdf
  ! matn topilmadi (skaner PDF?) - o'tkazildi
[2/135] 3-sinf/3-sinf 3-Sinf Matematika.pdf
  83 ta mavzu (model: haiku)
[3/135] 3-sinf/3-sinf 3-Sinf Musiqa.pdf

Limit tugadi.
You've hit your session limit · resets 1:40am (Asia/Tashkent)

Limit tiklanishi kutilmoqda: 1 daqiqa. To'xtatish uchun Ctrl+C.
Qaytadan urinilmoqda - ish to'xtagan joydan davom etadi.

[1/135] 3-sinf/3-sinf 3-Sinf Ingliz tili.pdf
  ! matn topilmadi (skaner PDF?) - o'tkazildi
[2/135] 3-sinf/3-sinf 3-Sinf Matematika.pdf
  83 ta mavzu (model: haiku)
[3/135] 3-sinf/3-sinf 3-Sinf Musiqa.pdf

Limit tugadi.
You've hit your session limit · resets 1:40am (Asia/Tashkent)

Limit tiklanishi kutilmoqda: 1 daqiqa. To'xtatish uchun Ctrl+C.
Qaytadan urinilmoqda - ish to'xtagan joydan davom etadi.

[1/135] 3-sinf/3-sinf 3-Sinf Ingliz tili.pdf
  ! matn topilmadi (skaner PDF?) - o'tkazildi
[2/135] 3-sinf/3-sinf 3-Sinf Matematika.pdf
  83 ta mavzu (model: haiku)
[3/135] 3-sinf/3-sinf 3-Sinf Musiqa.pdf

Limit tugadi.
You've hit your session limit · resets 1:40am (Asia/Tashkent)

Limit tiklanishi kutilmoqda: 1 daqiqa. To'xtatish uchun Ctrl+C.
Qaytadan urinilmoqda - ish to'xtagan joydan davom etadi.

[1/135] 3-sinf/3-sinf 3-Sinf Ingliz tili.pdf
  ! matn topilmadi (skaner PDF?) - o'tkazildi
[2/135] 3-sinf/3-sinf 3-Sinf Matematika.pdf
  83 ta mavzu (model: haiku)
[3/135] 3-sinf/3-sinf 3-Sinf Musiqa.pdf

Limit tugadi.
You've hit your session limit · resets 1:40am (Asia/Tashkent)

Limit tiklanishi kutilmoqda: 1 daqiqa. To'xtatish uchun Ctrl+C.
Qaytadan urinilmoqda - ish to'xtagan joydan davom etadi.

[1/135] 3-sinf/3-sinf 3-Sinf Ingliz tili.pdf
  ! matn topilmadi (skaner PDF?) - o'tkazildi
[2/135] 3-sinf/3-sinf 3-Sinf Matematika.pdf
  83 ta mavzu (model: haiku)
[3/135] 3-sinf/3-sinf 3-Sinf Musiqa.pdf

Limit tugadi.
You've hit your session limit · resets 1:40am (Asia/Tashkent)

Limit tiklanishi kutilmoqda: 1 daqiqa. To'xtatish uchun Ctrl+C.
Qaytadan urinilmoqda - ish to'xtagan joydan davom etadi.

[1/135] 3-sinf/3-sinf 3-Sinf Ingliz tili.pdf
  ! matn topilmadi (skaner PDF?) - o'tkazildi
[2/135] 3-sinf/3-sinf 3-Sinf Matematika.pdf
  83 ta mavzu (model: haiku)
[3/135] 3-sinf/3-sinf 3-Sinf Musiqa.pdf

Limit tugadi.
You've hit your session limit · resets 1:40am (Asia/Tashkent)

Limit tiklanishi kutilmoqda: 1 daqiqa. To'xtatish uchun Ctrl+C.
Qaytadan urinilmoqda - ish to'xtagan joydan davom etadi.

[1/135] 3-sinf/3-sinf 3-Sinf Ingliz tili.pdf
  ! matn topilmadi (skaner PDF?) - o'tkazildi
[2/135] 3-sinf/3-sinf 3-Sinf Matematika.pdf
  83 ta mavzu (model: haiku)
[3/135] 3-sinf/3-sinf 3-Sinf Musiqa.pdf

Limit tugadi.
You've hit your session limit · resets 1:40am (Asia/Tashkent)

Limit tiklanishi kutilmoqda: 1 daqiqa. To'xtatish uchun Ctrl+C.
Qaytadan urinilmoqda - ish to'xtagan joydan davom etadi.

[1/135] 3-sinf/3-sinf 3-Sinf Ingliz tili.pdf
  ! matn topilmadi (skaner PDF?) - o'tkazildi
[2/135] 3-sinf/3-sinf 3-Sinf Matematika.pdf
  83 ta mavzu (model: haiku)
[3/135] 3-sinf/3-sinf 3-Sinf Musiqa.pdf

Limit tugadi.
You've hit your session limit · resets 1:40am (Asia/Tashkent)

Limit tiklanishi kutilmoqda: 1 daqiqa. To'xtatish uchun Ctrl+C.
Qaytadan urinilmoqda - ish to'xtagan joydan davom etadi.

[1/135] 3-sinf/3-sinf 3-Sinf Ingliz tili.pdf
  ! matn topilmadi (skaner PDF?) - o'tkazildi
[2/135] 3-sinf/3-sinf 3-Sinf Matematika.pdf
  83 ta mavzu (model: haiku)
[3/135] 3-sinf/3-sinf 3-Sinf Musiqa.pdf

Limit tugadi.
You've hit your session limit · resets 1:40am (Asia/Tashkent)

Limit tiklanishi kutilmoqda: 1 daqiqa. To'xtatish uchun Ctrl+C.
Qaytadan urinilmoqda - ish to'xtagan joydan davom etadi.

[1/135] 3-sinf/3-sinf 3-Sinf Ingliz tili.pdf
  ! matn topilmadi (skaner PDF?) - o'tkazildi
[2/135] 3-sinf/3-sinf 3-Sinf Matematika.pdf
  83 ta mavzu (model: haiku)
[3/135] 3-sinf/3-sinf 3-Sinf Musiqa.pdf

Limit tugadi.
You've hit your session limit · resets 1:40am (Asia/Tashkent)

Limit tiklanishi kutilmoqda: 1 daqiqa. To'xtatish uchun Ctrl+C.
Qaytadan urinilmoqda - ish to'xtagan joydan davom etadi.

[1/135] 3-sinf/3-sinf 3-Sinf Ingliz tili.pdf
  ! matn topilmadi (skaner PDF?) - o'tkazildi
[2/135] 3-sinf/3-sinf 3-Sinf Matematika.pdf
  83 ta mavzu (model: haiku)
[3/135] 3-sinf/3-sinf 3-Sinf Musiqa.pdf

Limit tugadi.
You've hit your session limit · resets 1:40am (Asia/Tashkent)

Limit tiklanishi kutilmoqda: 1 daqiqa. To'xtatish uchun Ctrl+C.
Qaytadan urinilmoqda - ish to'xtagan joydan davom etadi.

[1/135] 3-sinf/3-sinf 3-Sinf Ingliz tili.pdf
  ! matn topilmadi (skaner PDF?) - o'tkazildi
[2/135] 3-sinf/3-sinf 3-Sinf Matematika.pdf
  83 ta mavzu (model: haiku)
[3/135] 3-sinf/3-sinf 3-Sinf Musiqa.pdf

Limit tugadi.
You've hit your session limit · resets 1:40am (Asia/Tashkent)

Limit tiklanishi kutilmoqda: 1 daqiqa. To'xtatish uchun Ctrl+C.
Qaytadan urinilmoqda - ish to'xtagan joydan davom etadi.

[1/135] 3-sinf/3-sinf 3-Sinf Ingliz tili.pdf
  ! matn topilmadi (skaner PDF?) - o'tkazildi
[2/135] 3-sinf/3-sinf 3-Sinf Matematika.pdf
  83 ta mavzu (model: haiku)
[3/135] 3-sinf/3-sinf 3-Sinf Musiqa.pdf

Limit tugadi.
You've hit your session limit · resets 1:40am (Asia/Tashkent)

Limit tiklanishi kutilmoqda: 1 daqiqa. To'xtatish uchun Ctrl+C.
Qaytadan urinilmoqda - ish to'xtagan joydan davom etadi.

[1/135] 3-sinf/3-sinf 3-Sinf Ingliz tili.pdf
  ! matn topilmadi (skaner PDF?) - o'tkazildi
[2/135] 3-sinf/3-sinf 3-Sinf Matematika.pdf
  83 ta mavzu (model: haiku)
[3/135] 3-sinf/3-sinf 3-Sinf Musiqa.pdf

Limit tugadi.
You've hit your session limit · resets 1:40am (Asia/Tashkent)

Limit tiklanishi kutilmoqda: 1 daqiqa. To'xtatish uchun Ctrl+C.
Qaytadan urinilmoqda - ish to'xtagan joydan davom etadi.

[1/135] 3-sinf/3-sinf 3-Sinf Ingliz tili.pdf
  ! matn topilmadi (skaner PDF?) - o'tkazildi
[2/135] 3-sinf/3-sinf 3-Sinf Matematika.pdf
  83 ta mavzu (model: haiku)
[3/135] 3-sinf/3-sinf 3-Sinf Musiqa.pdf

Limit tugadi.
You've hit your session limit · resets 1:40am (Asia/Tashkent)

Limit tiklanishi kutilmoqda: 1 daqiqa. To'xtatish uchun Ctrl+C.
Qaytadan urinilmoqda - ish to'xtagan joydan davom etadi.

[1/135] 3-sinf/3-sinf 3-Sinf Ingliz tili.pdf
  ! matn topilmadi (skaner PDF?) - o'tkazildi
[2/135] 3-sinf/3-sinf 3-Sinf Matematika.pdf
  83 ta mavzu (model: haiku)
[3/135] 3-sinf/3-sinf 3-Sinf Musiqa.pdf

Limit tugadi.
You've hit your session limit · resets 1:40am (Asia/Tashkent)

Limit tiklanishi kutilmoqda: 1 daqiqa. To'xtatish uchun Ctrl+C.
Qaytadan urinilmoqda - ish to'xtagan joydan davom etadi.

[1/135] 3-sinf/3-sinf 3-Sinf Ingliz tili.pdf
  ! matn topilmadi (skaner PDF?) - o'tkazildi
[2/135] 3-sinf/3-sinf 3-Sinf Matematika.pdf
  83 ta mavzu (model: haiku)
[3/135] 3-sinf/3-sinf 3-Sinf Musiqa.pdf

Limit tugadi.
You've hit your session limit · resets 1:40am (Asia/Tashkent)

Limit tiklanishi kutilmoqda: 1 daqiqa. To'xtatish uchun Ctrl+C.
Qaytadan urinilmoqda - ish to'xtagan joydan davom etadi.

[1/135] 3-sinf/3-sinf 3-Sinf Ingliz tili.pdf
  ! matn topilmadi (skaner PDF?) - o'tkazildi
[2/135] 3-sinf/3-sinf 3-Sinf Matematika.pdf
  83 ta mavzu (model: haiku)
[3/135] 3-sinf/3-sinf 3-Sinf Musiqa.pdf

Limit tugadi.
You've hit your session limit · resets 1:40am (Asia/Tashkent)

Limit tiklanishi kutilmoqda: 1 daqiqa. To'xtatish uchun Ctrl+C.
Qaytadan urinilmoqda - ish to'xtagan joydan davom etadi.

[1/135] 3-sinf/3-sinf 3-Sinf Ingliz tili.pdf
  ! matn topilmadi (skaner PDF?) - o'tkazildi
[2/135] 3-sinf/3-sinf 3-Sinf Matematika.pdf
  83 ta mavzu (model: haiku)
[3/135] 3-sinf/3-sinf 3-Sinf Musiqa.pdf

Limit tugadi.
You've hit your session limit · resets 1:40am (Asia/Tashkent)

Limit tiklanishi kutilmoqda: 1 daqiqa. To'xtatish uchun Ctrl+C.
Qaytadan urinilmoqda - ish to'xtagan joydan davom etadi.

[1/135] 3-sinf/3-sinf 3-Sinf Ingliz tili.pdf
  ! matn topilmadi (skaner PDF?) - o'tkazildi
[2/135] 3-sinf/3-sinf 3-Sinf Matematika.pdf
  83 ta mavzu (model: haiku)
[3/135] 3-sinf/3-sinf 3-Sinf Musiqa.pdf

Limit tugadi.
You've hit your session limit · resets 1:40am (Asia/Tashkent)

Limit tiklanishi kutilmoqda: 1 daqiqa. To'xtatish uchun Ctrl+C.
Qaytadan urinilmoqda - ish to'xtagan joydan davom etadi.

[1/135] 3-sinf/3-sinf 3-Sinf Ingliz tili.pdf
  ! matn topilmadi (skaner PDF?) - o'tkazildi
[2/135] 3-sinf/3-sinf 3-Sinf Matematika.pdf
  83 ta mavzu (model: haiku)
[3/135] 3-sinf/3-sinf 3-Sinf Musiqa.pdf

Limit tugadi.
You've hit your session limit · resets 1:40am (Asia/Tashkent)

Limit tiklanishi kutilmoqda: 1 daqiqa. To'xtatish uchun Ctrl+C.
Qaytadan urinilmoqda - ish to'xtagan joydan davom etadi.

[1/135] 3-sinf/3-sinf 3-Sinf Ingliz tili.pdf
  ! matn topilmadi (skaner PDF?) - o'tkazildi
[2/135] 3-sinf/3-sinf 3-Sinf Matematika.pdf
  83 ta mavzu (model: haiku)
[3/135] 3-sinf/3-sinf 3-Sinf Musiqa.pdf

Limit tugadi.
You've hit your session limit · resets 1:40am (Asia/Tashkent)

Limit tiklanishi kutilmoqda: 1 daqiqa. To'xtatish uchun Ctrl+C.
Qaytadan urinilmoqda - ish to'xtagan joydan davom etadi.

[1/135] 3-sinf/3-sinf 3-Sinf Ingliz tili.pdf
  ! matn topilmadi (skaner PDF?) - o'tkazildi
[2/135] 3-sinf/3-sinf 3-Sinf Matematika.pdf
  83 ta mavzu (model: haiku)
[3/135] 3-sinf/3-sinf 3-Sinf Musiqa.pdf

Limit tugadi.
You've hit your session limit · resets 1:40am (Asia/Tashkent)

Limit tiklanishi kutilmoqda: 1 daqiqa. To'xtatish uchun Ctrl+C.
Qaytadan urinilmoqda - ish to'xtagan joydan davom etadi.

[1/135] 3-sinf/3-sinf 3-Sinf Ingliz tili.pdf
  ! matn topilmadi (skaner PDF?) - o'tkazildi
[2/135] 3-sinf/3-sinf 3-Sinf Matematika.pdf
  83 ta mavzu (model: haiku)
[3/135] 3-sinf/3-sinf 3-Sinf Musiqa.pdf

Limit tugadi.
You've hit your session limit · resets 1:40am (Asia/Tashkent)

Limit tiklanishi kutilmoqda: 1 daqiqa. To'xtatish uchun Ctrl+C.
Qaytadan urinilmoqda - ish to'xtagan joydan davom etadi.

[1/135] 3-sinf/3-sinf 3-Sinf Ingliz tili.pdf
  ! matn topilmadi (skaner PDF?) - o'tkazildi
[2/135] 3-sinf/3-sinf 3-Sinf Matematika.pdf
  83 ta mavzu (model: haiku)
[3/135] 3-sinf/3-sinf 3-Sinf Musiqa.pdf

Limit tugadi.
You've hit your session limit · resets 1:40am (Asia/Tashkent)

Limit tiklanishi kutilmoqda: 1 daqiqa. To'xtatish uchun Ctrl+C.
Qaytadan urinilmoqda - ish to'xtagan joydan davom etadi.

[1/135] 3-sinf/3-sinf 3-Sinf Ingliz tili.pdf
  ! matn topilmadi (skaner PDF?) - o'tkazildi
[2/135] 3-sinf/3-sinf 3-Sinf Matematika.pdf
  83 ta mavzu (model: haiku)
[3/135] 3-sinf/3-sinf 3-Sinf Musiqa.pdf

Limit tugadi.
You've hit your session limit · resets 1:40am (Asia/Tashkent)

Limit tiklanishi kutilmoqda: 1 daqiqa. To'xtatish uchun Ctrl+C.
Qaytadan urinilmoqda - ish to'xtagan joydan davom etadi.

[1/135] 3-sinf/3-sinf 3-Sinf Ingliz tili.pdf
  ! matn topilmadi (skaner PDF?) - o'tkazildi
[2/135] 3-sinf/3-sinf 3-Sinf Matematika.pdf
  83 ta mavzu (model: haiku)
[3/135] 3-sinf/3-sinf 3-Sinf Musiqa.pdf

Limit tugadi.
You've hit your session limit · resets 1:40am (Asia/Tashkent)

Limit tiklanishi kutilmoqda: 1 daqiqa. To'xtatish uchun Ctrl+C.
Qaytadan urinilmoqda - ish to'xtagan joydan davom etadi.

[1/135] 3-sinf/3-sinf 3-Sinf Ingliz tili.pdf
  ! matn topilmadi (skaner PDF?) - o'tkazildi
[2/135] 3-sinf/3-sinf 3-Sinf Matematika.pdf
  83 ta mavzu (model: haiku)
[3/135] 3-sinf/3-sinf 3-Sinf Musiqa.pdf

Limit tugadi.
You've hit your session limit · resets 1:40am (Asia/Tashkent)

Limit tiklanishi kutilmoqda: 1 daqiqa. To'xtatish uchun Ctrl+C.
Qaytadan urinilmoqda - ish to'xtagan joydan davom etadi.

[1/135] 3-sinf/3-sinf 3-Sinf Ingliz tili.pdf
  ! matn topilmadi (skaner PDF?) - o'tkazildi
[2/135] 3-sinf/3-sinf 3-Sinf Matematika.pdf
  83 ta mavzu (model: haiku)
[3/135] 3-sinf/3-sinf 3-Sinf Musiqa.pdf

Limit tugadi.
You've hit your session limit · resets 1:40am (Asia/Tashkent)

Limit tiklanishi kutilmoqda: 1 daqiqa. To'xtatish uchun Ctrl+C.
Qaytadan urinilmoqda - ish to'xtagan joydan davom etadi.

[1/135] 3-sinf/3-sinf 3-Sinf Ingliz tili.pdf
  ! matn topilmadi (skaner PDF?) - o'tkazildi
[2/135] 3-sinf/3-sinf 3-Sinf Matematika.pdf
  83 ta mavzu (model: haiku)
[3/135] 3-sinf/3-sinf 3-Sinf Musiqa.pdf

Limit tugadi.
You've hit your session limit · resets 1:40am (Asia/Tashkent)

Limit tiklanishi kutilmoqda: 1 daqiqa. To'xtatish uchun Ctrl+C.
Qaytadan urinilmoqda - ish to'xtagan joydan davom etadi.

[1/135] 3-sinf/3-sinf 3-Sinf Ingliz tili.pdf
  ! matn topilmadi (skaner PDF?) - o'tkazildi
[2/135] 3-sinf/3-sinf 3-Sinf Matematika.pdf
  83 ta mavzu (model: haiku)
[3/135] 3-sinf/3-sinf 3-Sinf Musiqa.pdf

Limit tugadi.
You've hit your session limit · resets 1:40am (Asia/Tashkent)

Limit tiklanishi kutilmoqda: 1 daqiqa. To'xtatish uchun Ctrl+C.
Qaytadan urinilmoqda - ish to'xtagan joydan davom etadi.

[1/135] 3-sinf/3-sinf 3-Sinf Ingliz tili.pdf
  ! matn topilmadi (skaner PDF?) - o'tkazildi
[2/135] 3-sinf/3-sinf 3-Sinf Matematika.pdf
  83 ta mavzu (model: haiku)
[3/135] 3-sinf/3-sinf 3-Sinf Musiqa.pdf

Limit tugadi.
You've hit your session limit · resets 1:40am (Asia/Tashkent)

Limit tiklanishi kutilmoqda: 1 daqiqa. To'xtatish uchun Ctrl+C.
Qaytadan urinilmoqda - ish to'xtagan joydan davom etadi.

[1/135] 3-sinf/3-sinf 3-Sinf Ingliz tili.pdf
  ! matn topilmadi (skaner PDF?) - o'tkazildi
[2/135] 3-sinf/3-sinf 3-Sinf Matematika.pdf
  83 ta mavzu (model: haiku)
[3/135] 3-sinf/3-sinf 3-Sinf Musiqa.pdf

Limit tugadi.
You've hit your session limit · resets 1:40am (Asia/Tashkent)

Limit tiklanishi kutilmoqda: 1 daqiqa. To'xtatish uchun Ctrl+C.
Qaytadan urinilmoqda - ish to'xtagan joydan davom etadi.

[1/135] 3-sinf/3-sinf 3-Sinf Ingliz tili.pdf
  ! matn topilmadi (skaner PDF?) - o'tkazildi
[2/135] 3-sinf/3-sinf 3-Sinf Matematika.pdf
  83 ta mavzu (model: haiku)
[3/135] 3-sinf/3-sinf 3-Sinf Musiqa.pdf

Limit tugadi.
You've hit your session limit · resets 1:40am (Asia/Tashkent)

Limit tiklanishi kutilmoqda: 1 daqiqa. To'xtatish uchun Ctrl+C.
Qaytadan urinilmoqda - ish to'xtagan joydan davom etadi.

[1/135] 3-sinf/3-sinf 3-Sinf Ingliz tili.pdf
  ! matn topilmadi (skaner PDF?) - o'tkazildi
[2/135] 3-sinf/3-sinf 3-Sinf Matematika.pdf
  83 ta mavzu (model: haiku)
[3/135] 3-sinf/3-sinf 3-Sinf Musiqa.pdf

Limit tugadi.
You've hit your session limit · resets 1:40am (Asia/Tashkent)

Limit tiklanishi kutilmoqda: 1 daqiqa. To'xtatish uchun Ctrl+C.
Qaytadan urinilmoqda - ish to'xtagan joydan davom etadi.

[1/135] 3-sinf/3-sinf 3-Sinf Ingliz tili.pdf
  ! matn topilmadi (skaner PDF?) - o'tkazildi
[2/135] 3-sinf/3-sinf 3-Sinf Matematika.pdf
  83 ta mavzu (model: haiku)
[3/135] 3-sinf/3-sinf 3-Sinf Musiqa.pdf

Limit tugadi.
You've hit your session limit · resets 1:40am (Asia/Tashkent)

Limit tiklanishi kutilmoqda: 1 daqiqa. To'xtatish uchun Ctrl+C.
Qaytadan urinilmoqda - ish to'xtagan joydan davom etadi.

[1/135] 3-sinf/3-sinf 3-Sinf Ingliz tili.pdf
  ! matn topilmadi (skaner PDF?) - o'tkazildi
[2/135] 3-sinf/3-sinf 3-Sinf Matematika.pdf
  83 ta mavzu (model: haiku)
[3/135] 3-sinf/3-sinf 3-Sinf Musiqa.pdf

Limit tugadi.
You've hit your session limit · resets 1:40am (Asia/Tashkent)

Limit tiklanishi kutilmoqda: 1 daqiqa. To'xtatish uchun Ctrl+C.
Qaytadan urinilmoqda - ish to'xtagan joydan davom etadi.

[1/135] 3-sinf/3-sinf 3-Sinf Ingliz tili.pdf
  ! matn topilmadi (skaner PDF?) - o'tkazildi
[2/135] 3-sinf/3-sinf 3-Sinf Matematika.pdf
  83 ta mavzu (model: haiku)
[3/135] 3-sinf/3-sinf 3-Sinf Musiqa.pdf

Limit tugadi.
You've hit your session limit · resets 1:40am (Asia/Tashkent)

Limit tiklanishi kutilmoqda: 1 daqiqa. To'xtatish uchun Ctrl+C.
Qaytadan urinilmoqda - ish to'xtagan joydan davom etadi.

[1/135] 3-sinf/3-sinf 3-Sinf Ingliz tili.pdf
  ! matn topilmadi (skaner PDF?) - o'tkazildi
[2/135] 3-sinf/3-sinf 3-Sinf Matematika.pdf
  83 ta mavzu (model: haiku)
[3/135] 3-sinf/3-sinf 3-Sinf Musiqa.pdf

Limit tugadi.
You've hit your session limit · resets 1:40am (Asia/Tashkent)

Limit tiklanishi kutilmoqda: 1 daqiqa. To'xtatish uchun Ctrl+C.
Qaytadan urinilmoqda - ish to'xtagan joydan davom etadi.

[1/135] 3-sinf/3-sinf 3-Sinf Ingliz tili.pdf
  ! matn topilmadi (skaner PDF?) - o'tkazildi
[2/135] 3-sinf/3-sinf 3-Sinf Matematika.pdf
  83 ta mavzu (model: haiku)
[3/135] 3-sinf/3-sinf 3-Sinf Musiqa.pdf

Limit tugadi.
You've hit your session limit · resets 1:40am (Asia/Tashkent)

Limit tiklanishi kutilmoqda: 1 daqiqa. To'xtatish uchun Ctrl+C.
Qaytadan urinilmoqda - ish to'xtagan joydan davom etadi.

[1/135] 3-sinf/3-sinf 3-Sinf Ingliz tili.pdf
  ! matn topilmadi (skaner PDF?) - o'tkazildi
[2/135] 3-sinf/3-sinf 3-Sinf Matematika.pdf
  83 ta mavzu (model: haiku)
[3/135] 3-sinf/3-sinf 3-Sinf Musiqa.pdf

Limit tugadi.
You've hit your session limit · resets 1:40am (Asia/Tashkent)

Limit tiklanishi kutilmoqda: 1 daqiqa. To'xtatish uchun Ctrl+C.
Qaytadan urinilmoqda - ish to'xtagan joydan davom etadi.

[1/135] 3-sinf/3-sinf 3-Sinf Ingliz tili.pdf
  ! matn topilmadi (skaner PDF?) - o'tkazildi
[2/135] 3-sinf/3-sinf 3-Sinf Matematika.pdf
  83 ta mavzu (model: haiku)
[3/135] 3-sinf/3-sinf 3-Sinf Musiqa.pdf

Limit tugadi.
You've hit your session limit · resets 1:40am (Asia/Tashkent)

Limit tiklanishi kutilmoqda: 1 daqiqa. To'xtatish uchun Ctrl+C.
Qaytadan urinilmoqda - ish to'xtagan joydan davom etadi.

[1/135] 3-sinf/3-sinf 3-Sinf Ingliz tili.pdf
  ! matn topilmadi (skaner PDF?) - o'tkazildi
[2/135] 3-sinf/3-sinf 3-Sinf Matematika.pdf
  83 ta mavzu (model: haiku)
[3/135] 3-sinf/3-sinf 3-Sinf Musiqa.pdf

Limit tugadi.
You've hit your session limit · resets 1:40am (Asia/Tashkent)

Limit tiklanishi kutilmoqda: 1 daqiqa. To'xtatish uchun Ctrl+C.
Qaytadan urinilmoqda - ish to'xtagan joydan davom etadi.

[1/135] 3-sinf/3-sinf 3-Sinf Ingliz tili.pdf
  ! matn topilmadi (skaner PDF?) - o'tkazildi
[2/135] 3-sinf/3-sinf 3-Sinf Matematika.pdf
  83 ta mavzu (model: haiku)
[3/135] 3-sinf/3-sinf 3-Sinf Musiqa.pdf

Limit tugadi.
You've hit your session limit · resets 1:40am (Asia/Tashkent)

Limit tiklanishi kutilmoqda: 1 daqiqa. To'xtatish uchun Ctrl+C.
Qaytadan urinilmoqda - ish to'xtagan joydan davom etadi.

[1/135] 3-sinf/3-sinf 3-Sinf Ingliz tili.pdf
  ! matn topilmadi (skaner PDF?) - o'tkazildi
[2/135] 3-sinf/3-sinf 3-Sinf Matematika.pdf
  83 ta mavzu (model: haiku)
[3/135] 3-sinf/3-sinf 3-Sinf Musiqa.pdf

Limit tugadi.
You've hit your session limit · resets 1:40am (Asia/Tashkent)

Limit tiklanishi kutilmoqda: 1 daqiqa. To'xtatish uchun Ctrl+C.
Qaytadan urinilmoqda - ish to'xtagan joydan davom etadi.

[1/135] 3-sinf/3-sinf 3-Sinf Ingliz tili.pdf
  ! matn topilmadi (skaner PDF?) - o'tkazildi
[2/135] 3-sinf/3-sinf 3-Sinf Matematika.pdf
  83 ta mavzu (model: haiku)
[3/135] 3-sinf/3-sinf 3-Sinf Musiqa.pdf

Limit tugadi.
You've hit your session limit · resets 1:40am (Asia/Tashkent)

Limit tiklanishi kutilmoqda: 1 daqiqa. To'xtatish uchun Ctrl+C.
Qaytadan urinilmoqda - ish to'xtagan joydan davom etadi.

[1/135] 3-sinf/3-sinf 3-Sinf Ingliz tili.pdf
  ! matn topilmadi (skaner PDF?) - o'tkazildi
[2/135] 3-sinf/3-sinf 3-Sinf Matematika.pdf
  83 ta mavzu (model: haiku)
[3/135] 3-sinf/3-sinf 3-Sinf Musiqa.pdf

Limit tugadi.
You've hit your session limit · resets 1:40am (Asia/Tashkent)

Limit tiklanishi kutilmoqda: 1 daqiqa. To'xtatish uchun Ctrl+C.
Qaytadan urinilmoqda - ish to'xtagan joydan davom etadi.

[1/135] 3-sinf/3-sinf 3-Sinf Ingliz tili.pdf
  ! matn topilmadi (skaner PDF?) - o'tkazildi
[2/135] 3-sinf/3-sinf 3-Sinf Matematika.pdf
  83 ta mavzu (model: haiku)
[3/135] 3-sinf/3-sinf 3-Sinf Musiqa.pdf

Limit tugadi.
You've hit your session limit · resets 1:40am (Asia/Tashkent)

Limit tiklanishi kutilmoqda: 1 daqiqa. To'xtatish uchun Ctrl+C.
Qaytadan urinilmoqda - ish to'xtagan joydan davom etadi.

[1/135] 3-sinf/3-sinf 3-Sinf Ingliz tili.pdf
  ! matn topilmadi (skaner PDF?) - o'tkazildi
[2/135] 3-sinf/3-sinf 3-Sinf Matematika.pdf
  83 ta mavzu (model: haiku)
[3/135] 3-sinf/3-sinf 3-Sinf Musiqa.pdf

Limit tugadi.
You've hit your session limit · resets 1:40am (Asia/Tashkent)

Limit tiklanishi kutilmoqda: 1 daqiqa. To'xtatish uchun Ctrl+C.
Qaytadan urinilmoqda - ish to'xtagan joydan davom etadi.

[1/135] 3-sinf/3-sinf 3-Sinf Ingliz tili.pdf
  ! matn topilmadi (skaner PDF?) - o'tkazildi
[2/135] 3-sinf/3-sinf 3-Sinf Matematika.pdf
  83 ta mavzu (model: haiku)
[3/135] 3-sinf/3-sinf 3-Sinf Musiqa.pdf

Limit tugadi.
You've hit your session limit · resets 1:40am (Asia/Tashkent)

Limit tiklanishi kutilmoqda: 1 daqiqa. To'xtatish uchun Ctrl+C.
Qaytadan urinilmoqda - ish to'xtagan joydan davom etadi.

[1/135] 3-sinf/3-sinf 3-Sinf Ingliz tili.pdf
  ! matn topilmadi (skaner PDF?) - o'tkazildi
[2/135] 3-sinf/3-sinf 3-Sinf Matematika.pdf
  83 ta mavzu (model: haiku)
[3/135] 3-sinf/3-sinf 3-Sinf Musiqa.pdf

Limit tugadi.
You've hit your session limit · resets 1:40am (Asia/Tashkent)

Limit tiklanishi kutilmoqda: 1 daqiqa. To'xtatish uchun Ctrl+C.
Qaytadan urinilmoqda - ish to'xtagan joydan davom etadi.

[1/135] 3-sinf/3-sinf 3-Sinf Ingliz tili.pdf
  ! matn topilmadi (skaner PDF?) - o'tkazildi
[2/135] 3-sinf/3-sinf 3-Sinf Matematika.pdf
  83 ta mavzu (model: haiku)
[3/135] 3-sinf/3-sinf 3-Sinf Musiqa.pdf

Limit tugadi.
You've hit your session limit · resets 1:40am (Asia/Tashkent)

Limit tiklanishi kutilmoqda: 1 daqiqa. To'xtatish uchun Ctrl+C.
Qaytadan urinilmoqda - ish to'xtagan joydan davom etadi.

[1/135] 3-sinf/3-sinf 3-Sinf Ingliz tili.pdf
  ! matn topilmadi (skaner PDF?) - o'tkazildi
[2/135] 3-sinf/3-sinf 3-Sinf Matematika.pdf
  83 ta mavzu (model: haiku)
[3/135] 3-sinf/3-sinf 3-Sinf Musiqa.pdf

Limit tugadi.
You've hit your session limit · resets 1:40am (Asia/Tashkent)

Limit tiklanishi kutilmoqda: 1 daqiqa. To'xtatish uchun Ctrl+C.
Qaytadan urinilmoqda - ish to'xtagan joydan davom etadi.

[1/135] 3-sinf/3-sinf 3-Sinf Ingliz tili.pdf
  ! matn topilmadi (skaner PDF?) - o'tkazildi
[2/135] 3-sinf/3-sinf 3-Sinf Matematika.pdf
  83 ta mavzu (model: haiku)
[3/135] 3-sinf/3-sinf 3-Sinf Musiqa.pdf

Limit tugadi.
You've hit your session limit · resets 1:40am (Asia/Tashkent)

Limit tiklanishi kutilmoqda: 1 daqiqa. To'xtatish uchun Ctrl+C.
Qaytadan urinilmoqda - ish to'xtagan joydan davom etadi.

[1/135] 3-sinf/3-sinf 3-Sinf Ingliz tili.pdf
  ! matn topilmadi (skaner PDF?) - o'tkazildi
[2/135] 3-sinf/3-sinf 3-Sinf Matematika.pdf
  83 ta mavzu (model: haiku)
[3/135] 3-sinf/3-sinf 3-Sinf Musiqa.pdf

Limit tugadi.
You've hit your session limit · resets 1:40am (Asia/Tashkent)

Limit tiklanishi kutilmoqda: 1 daqiqa. To'xtatish uchun Ctrl+C.
Qaytadan urinilmoqda - ish to'xtagan joydan davom etadi.

[1/135] 3-sinf/3-sinf 3-Sinf Ingliz tili.pdf
  ! matn topilmadi (skaner PDF?) - o'tkazildi
[2/135] 3-sinf/3-sinf 3-Sinf Matematika.pdf
  83 ta mavzu (model: haiku)
[3/135] 3-sinf/3-sinf 3-Sinf Musiqa.pdf

Limit tugadi.
You've hit your session limit · resets 1:40am (Asia/Tashkent)

Limit tiklanishi kutilmoqda: 1 daqiqa. To'xtatish uchun Ctrl+C.
Qaytadan urinilmoqda - ish to'xtagan joydan davom etadi.

[1/135] 3-sinf/3-sinf 3-Sinf Ingliz tili.pdf
  ! matn topilmadi (skaner PDF?) - o'tkazildi
[2/135] 3-sinf/3-sinf 3-Sinf Matematika.pdf
  83 ta mavzu (model: haiku)
[3/135] 3-sinf/3-sinf 3-Sinf Musiqa.pdf

Limit tugadi.
You've hit your session limit · resets 1:40am (Asia/Tashkent)

Limit tiklanishi kutilmoqda: 1 daqiqa. To'xtatish uchun Ctrl+C.
Qaytadan urinilmoqda - ish to'xtagan joydan davom etadi.

[1/135] 3-sinf/3-sinf 3-Sinf Ingliz tili.pdf
  ! matn topilmadi (skaner PDF?) - o'tkazildi
[2/135] 3-sinf/3-sinf 3-Sinf Matematika.pdf
  83 ta mavzu (model: haiku)
[3/135] 3-sinf/3-sinf 3-Sinf Musiqa.pdf

Limit tugadi.
You've hit your session limit · resets 1:40am (Asia/Tashkent)

Limit tiklanishi kutilmoqda: 1 daqiqa. To'xtatish uchun Ctrl+C.
Qaytadan urinilmoqda - ish to'xtagan joydan davom etadi.

[1/135] 3-sinf/3-sinf 3-Sinf Ingliz tili.pdf
  ! matn topilmadi (skaner PDF?) - o'tkazildi
[2/135] 3-sinf/3-sinf 3-Sinf Matematika.pdf
  83 ta mavzu (model: haiku)
[3/135] 3-sinf/3-sinf 3-Sinf Musiqa.pdf

Limit tugadi.
You've hit your session limit · resets 1:40am (Asia/Tashkent)

Limit tiklanishi kutilmoqda: 1 daqiqa. To'xtatish uchun Ctrl+C.
Qaytadan urinilmoqda - ish to'xtagan joydan davom etadi.

[1/135] 3-sinf/3-sinf 3-Sinf Ingliz tili.pdf
  ! matn topilmadi (skaner PDF?) - o'tkazildi
[2/135] 3-sinf/3-sinf 3-Sinf Matematika.pdf
  83 ta mavzu (model: haiku)
[3/135] 3-sinf/3-sinf 3-Sinf Musiqa.pdf

Limit tugadi.
You've hit your session limit · resets 1:40am (Asia/Tashkent)

Limit tiklanishi kutilmoqda: 1 daqiqa. To'xtatish uchun Ctrl+C.
Qaytadan urinilmoqda - ish to'xtagan joydan davom etadi.

[1/135] 3-sinf/3-sinf 3-Sinf Ingliz tili.pdf
  ! matn topilmadi (skaner PDF?) - o'tkazildi
[2/135] 3-sinf/3-sinf 3-Sinf Matematika.pdf
  83 ta mavzu (model: haiku)
[3/135] 3-sinf/3-sinf 3-Sinf Musiqa.pdf

Limit tugadi.
You've hit your session limit · resets 1:40am (Asia/Tashkent)

Limit tiklanishi kutilmoqda: 1 daqiqa. To'xtatish uchun Ctrl+C.
Qaytadan urinilmoqda - ish to'xtagan joydan davom etadi.

[1/135] 3-sinf/3-sinf 3-Sinf Ingliz tili.pdf
  ! matn topilmadi (skaner PDF?) - o'tkazildi
[2/135] 3-sinf/3-sinf 3-Sinf Matematika.pdf
  83 ta mavzu (model: haiku)
[3/135] 3-sinf/3-sinf 3-Sinf Musiqa.pdf

Limit tugadi.
You've hit your session limit · resets 1:40am (Asia/Tashkent)

Limit tiklanishi kutilmoqda: 1 daqiqa. To'xtatish uchun Ctrl+C.
Qaytadan urinilmoqda - ish to'xtagan joydan davom etadi.

[1/135] 3-sinf/3-sinf 3-Sinf Ingliz tili.pdf
  ! matn topilmadi (skaner PDF?) - o'tkazildi
[2/135] 3-sinf/3-sinf 3-Sinf Matematika.pdf
  83 ta mavzu (model: haiku)
[3/135] 3-sinf/3-sinf 3-Sinf Musiqa.pdf

Limit tugadi.
You've hit your session limit · resets 1:40am (Asia/Tashkent)

Limit tiklanishi kutilmoqda: 1 daqiqa. To'xtatish uchun Ctrl+C.
Qaytadan urinilmoqda - ish to'xtagan joydan davom etadi.

[1/135] 3-sinf/3-sinf 3-Sinf Ingliz tili.pdf
  ! matn topilmadi (skaner PDF?) - o'tkazildi
[2/135] 3-sinf/3-sinf 3-Sinf Matematika.pdf
  83 ta mavzu (model: haiku)
[3/135] 3-sinf/3-sinf 3-Sinf Musiqa.pdf

Limit tugadi.
You've hit your session limit · resets 1:40am (Asia/Tashkent)

Limit tiklanishi kutilmoqda: 1 daqiqa. To'xtatish uchun Ctrl+C.
Qaytadan urinilmoqda - ish to'xtagan joydan davom etadi.

[1/135] 3-sinf/3-sinf 3-Sinf Ingliz tili.pdf
  ! matn topilmadi (skaner PDF?) - o'tkazildi
[2/135] 3-sinf/3-sinf 3-Sinf Matematika.pdf
  83 ta mavzu (model: haiku)
[3/135] 3-sinf/3-sinf 3-Sinf Musiqa.pdf

Limit tugadi.
You've hit your session limit · resets 1:40am (Asia/Tashkent)

Limit tiklanishi kutilmoqda: 1 daqiqa. To'xtatish uchun Ctrl+C.
Qaytadan urinilmoqda - ish to'xtagan joydan davom etadi.

[1/135] 3-sinf/3-sinf 3-Sinf Ingliz tili.pdf
  ! matn topilmadi (skaner PDF?) - o'tkazildi
[2/135] 3-sinf/3-sinf 3-Sinf Matematika.pdf
  83 ta mavzu (model: haiku)
[3/135] 3-sinf/3-sinf 3-Sinf Musiqa.pdf

Limit tugadi.
You've hit your session limit · resets 1:40am (Asia/Tashkent)

Limit tiklanishi kutilmoqda: 1 daqiqa. To'xtatish uchun Ctrl+C.
Qaytadan urinilmoqda - ish to'xtagan joydan davom etadi.

[1/135] 3-sinf/3-sinf 3-Sinf Ingliz tili.pdf
  ! matn topilmadi (skaner PDF?) - o'tkazildi
[2/135] 3-sinf/3-sinf 3-Sinf Matematika.pdf
  83 ta mavzu (model: haiku)
[3/135] 3-sinf/3-sinf 3-Sinf Musiqa.pdf

Limit tugadi.
You've hit your session limit · resets 1:40am (Asia/Tashkent)

Limit tiklanishi kutilmoqda: 1 daqiqa. To'xtatish uchun Ctrl+C.
Qaytadan urinilmoqda - ish to'xtagan joydan davom etadi.

[1/135] 3-sinf/3-sinf 3-Sinf Ingliz tili.pdf
  ! matn topilmadi (skaner PDF?) - o'tkazildi
[2/135] 3-sinf/3-sinf 3-Sinf Matematika.pdf
  83 ta mavzu (model: haiku)
[3/135] 3-sinf/3-sinf 3-Sinf Musiqa.pdf

Limit tugadi.
You've hit your session limit · resets 1:40am (Asia/Tashkent)

Limit tiklanishi kutilmoqda: 1 daqiqa. To'xtatish uchun Ctrl+C.
Qaytadan urinilmoqda - ish to'xtagan joydan davom etadi.

[1/135] 3-sinf/3-sinf 3-Sinf Ingliz tili.pdf
  ! matn topilmadi (skaner PDF?) - o'tkazildi
[2/135] 3-sinf/3-sinf 3-Sinf Matematika.pdf
  83 ta mavzu (model: haiku)
[3/135] 3-sinf/3-sinf 3-Sinf Musiqa.pdf

Limit tugadi.
You've hit your session limit · resets 1:40am (Asia/Tashkent)

Limit tiklanishi kutilmoqda: 1 daqiqa. To'xtatish uchun Ctrl+C.
Qaytadan urinilmoqda - ish to'xtagan joydan davom etadi.

[1/135] 3-sinf/3-sinf 3-Sinf Ingliz tili.pdf
  ! matn topilmadi (skaner PDF?) - o'tkazildi
[2/135] 3-sinf/3-sinf 3-Sinf Matematika.pdf
  83 ta mavzu (model: haiku)
[3/135] 3-sinf/3-sinf 3-Sinf Musiqa.pdf

Limit tugadi.
You've hit your session limit · resets 1:40am (Asia/Tashkent)

Limit tiklanishi kutilmoqda: 1 daqiqa. To'xtatish uchun Ctrl+C.
Qaytadan urinilmoqda - ish to'xtagan joydan davom etadi.

[1/135] 3-sinf/3-sinf 3-Sinf Ingliz tili.pdf
  ! matn topilmadi (skaner PDF?) - o'tkazildi
[2/135] 3-sinf/3-sinf 3-Sinf Matematika.pdf
  83 ta mavzu (model: haiku)
[3/135] 3-sinf/3-sinf 3-Sinf Musiqa.pdf

Limit tugadi.
You've hit your session limit · resets 1:40am (Asia/Tashkent)

Limit tiklanishi kutilmoqda: 1 daqiqa. To'xtatish uchun Ctrl+C.
Qaytadan urinilmoqda - ish to'xtagan joydan davom etadi.

[1/135] 3-sinf/3-sinf 3-Sinf Ingliz tili.pdf
  ! matn topilmadi (skaner PDF?) - o'tkazildi
[2/135] 3-sinf/3-sinf 3-Sinf Matematika.pdf
  83 ta mavzu (model: haiku)
[3/135] 3-sinf/3-sinf 3-Sinf Musiqa.pdf

Limit tugadi.
You've hit your session limit · resets 1:40am (Asia/Tashkent)

Limit tiklanishi kutilmoqda: 1 daqiqa. To'xtatish uchun Ctrl+C.
Qaytadan urinilmoqda - ish to'xtagan joydan davom etadi.

[1/135] 3-sinf/3-sinf 3-Sinf Ingliz tili.pdf
  ! matn topilmadi (skaner PDF?) - o'tkazildi
[2/135] 3-sinf/3-sinf 3-Sinf Matematika.pdf
  83 ta mavzu (model: haiku)
[3/135] 3-sinf/3-sinf 3-Sinf Musiqa.pdf

Limit tugadi.
You've hit your session limit · resets 1:40am (Asia/Tashkent)

Limit tiklanishi kutilmoqda: 1 daqiqa. To'xtatish uchun Ctrl+C.
Qaytadan urinilmoqda - ish to'xtagan joydan davom etadi.

[1/135] 3-sinf/3-sinf 3-Sinf Ingliz tili.pdf
  ! matn topilmadi (skaner PDF?) - o'tkazildi
[2/135] 3-sinf/3-sinf 3-Sinf Matematika.pdf
  83 ta mavzu (model: haiku)
[3/135] 3-sinf/3-sinf 3-Sinf Musiqa.pdf

Limit tugadi.
You've hit your session limit · resets 1:40am (Asia/Tashkent)

Limit tiklanishi kutilmoqda: 1 daqiqa. To'xtatish uchun Ctrl+C.
Qaytadan urinilmoqda - ish to'xtagan joydan davom etadi.

[1/135] 3-sinf/3-sinf 3-Sinf Ingliz tili.pdf
  ! matn topilmadi (skaner PDF?) - o'tkazildi
[2/135] 3-sinf/3-sinf 3-Sinf Matematika.pdf
  83 ta mavzu (model: haiku)
[3/135] 3-sinf/3-sinf 3-Sinf Musiqa.pdf

Limit tugadi.
You've hit your session limit · resets 1:40am (Asia/Tashkent)

Limit tiklanishi kutilmoqda: 1 daqiqa. To'xtatish uchun Ctrl+C.
Qaytadan urinilmoqda - ish to'xtagan joydan davom etadi.

[1/135] 3-sinf/3-sinf 3-Sinf Ingliz tili.pdf
  ! matn topilmadi (skaner PDF?) - o'tkazildi
[2/135] 3-sinf/3-sinf 3-Sinf Matematika.pdf
  83 ta mavzu (model: haiku)
[3/135] 3-sinf/3-sinf 3-Sinf Musiqa.pdf

Limit tugadi.
You've hit your session limit · resets 1:40am (Asia/Tashkent)

Limit tiklanishi kutilmoqda: 1 daqiqa. To'xtatish uchun Ctrl+C.
Qaytadan urinilmoqda - ish to'xtagan joydan davom etadi.

[1/135] 3-sinf/3-sinf 3-Sinf Ingliz tili.pdf
  ! matn topilmadi (skaner PDF?) - o'tkazildi
[2/135] 3-sinf/3-sinf 3-Sinf Matematika.pdf
  83 ta mavzu (model: haiku)
[3/135] 3-sinf/3-sinf 3-Sinf Musiqa.pdf

Limit tugadi.
You've hit your session limit · resets 1:40am (Asia/Tashkent)

Limit tiklanishi kutilmoqda: 1 daqiqa. To'xtatish uchun Ctrl+C.
Qaytadan urinilmoqda - ish to'xtagan joydan davom etadi.

[1/135] 3-sinf/3-sinf 3-Sinf Ingliz tili.pdf
  ! matn topilmadi (skaner PDF?) - o'tkazildi
[2/135] 3-sinf/3-sinf 3-Sinf Matematika.pdf
  83 ta mavzu (model: haiku)
[3/135] 3-sinf/3-sinf 3-Sinf Musiqa.pdf

Limit tugadi.
You've hit your session limit · resets 1:40am (Asia/Tashkent)

Limit tiklanishi kutilmoqda: 1 daqiqa. To'xtatish uchun Ctrl+C.
Qaytadan urinilmoqda - ish to'xtagan joydan davom etadi.

[1/135] 3-sinf/3-sinf 3-Sinf Ingliz tili.pdf
  ! matn topilmadi (skaner PDF?) - o'tkazildi
[2/135] 3-sinf/3-sinf 3-Sinf Matematika.pdf
  83 ta mavzu (model: haiku)
[3/135] 3-sinf/3-sinf 3-Sinf Musiqa.pdf

Limit tugadi.
You've hit your session limit · resets 1:40am (Asia/Tashkent)

Limit tiklanishi kutilmoqda: 1 daqiqa. To'xtatish uchun Ctrl+C.
Qaytadan urinilmoqda - ish to'xtagan joydan davom etadi.

[1/135] 3-sinf/3-sinf 3-Sinf Ingliz tili.pdf
  ! matn topilmadi (skaner PDF?) - o'tkazildi
[2/135] 3-sinf/3-sinf 3-Sinf Matematika.pdf
  83 ta mavzu (model: haiku)
[3/135] 3-sinf/3-sinf 3-Sinf Musiqa.pdf

Limit tugadi.
You've hit your session limit · resets 1:40am (Asia/Tashkent)

Limit tiklanishi kutilmoqda: 1 daqiqa. To'xtatish uchun Ctrl+C.
Qaytadan urinilmoqda - ish to'xtagan joydan davom etadi.

[1/135] 3-sinf/3-sinf 3-Sinf Ingliz tili.pdf
  ! matn topilmadi (skaner PDF?) - o'tkazildi
[2/135] 3-sinf/3-sinf 3-Sinf Matematika.pdf
  83 ta mavzu (model: haiku)
[3/135] 3-sinf/3-sinf 3-Sinf Musiqa.pdf

Limit tugadi.
You've hit your session limit · resets 1:40am (Asia/Tashkent)

Limit tiklanishi kutilmoqda: 1 daqiqa. To'xtatish uchun Ctrl+C.
Qaytadan urinilmoqda - ish to'xtagan joydan davom etadi.

[1/135] 3-sinf/3-sinf 3-Sinf Ingliz tili.pdf
  ! matn topilmadi (skaner PDF?) - o'tkazildi
[2/135] 3-sinf/3-sinf 3-Sinf Matematika.pdf
  83 ta mavzu (model: haiku)
[3/135] 3-sinf/3-sinf 3-Sinf Musiqa.pdf

Limit tugadi.
You've hit your session limit · resets 1:40am (Asia/Tashkent)

Limit tiklanishi kutilmoqda: 1 daqiqa. To'xtatish uchun Ctrl+C.
Qaytadan urinilmoqda - ish to'xtagan joydan davom etadi.

[1/135] 3-sinf/3-sinf 3-Sinf Ingliz tili.pdf
  ! matn topilmadi (skaner PDF?) - o'tkazildi
[2/135] 3-sinf/3-sinf 3-Sinf Matematika.pdf
  83 ta mavzu (model: haiku)
[3/135] 3-sinf/3-sinf 3-Sinf Musiqa.pdf

Limit tugadi.
You've hit your session limit · resets 1:40am (Asia/Tashkent)

Limit tiklanishi kutilmoqda: 1 daqiqa. To'xtatish uchun Ctrl+C.
Qaytadan urinilmoqda - ish to'xtagan joydan davom etadi.

[1/135] 3-sinf/3-sinf 3-Sinf Ingliz tili.pdf
  ! matn topilmadi (skaner PDF?) - o'tkazildi
[2/135] 3-sinf/3-sinf 3-Sinf Matematika.pdf
  83 ta mavzu (model: haiku)
[3/135] 3-sinf/3-sinf 3-Sinf Musiqa.pdf

Limit tugadi.
You've hit your session limit · resets 1:40am (Asia/Tashkent)

Limit tiklanishi kutilmoqda: 1 daqiqa. To'xtatish uchun Ctrl+C.
Qaytadan urinilmoqda - ish to'xtagan joydan davom etadi.

[1/135] 3-sinf/3-sinf 3-Sinf Ingliz tili.pdf
  ! matn topilmadi (skaner PDF?) - o'tkazildi
[2/135] 3-sinf/3-sinf 3-Sinf Matematika.pdf
  83 ta mavzu (model: haiku)
[3/135] 3-sinf/3-sinf 3-Sinf Musiqa.pdf

Limit tugadi.
You've hit your session limit · resets 1:40am (Asia/Tashkent)

Limit tiklanishi kutilmoqda: 1 daqiqa. To'xtatish uchun Ctrl+C.
Qaytadan urinilmoqda - ish to'xtagan joydan davom etadi.

[1/135] 3-sinf/3-sinf 3-Sinf Ingliz tili.pdf
  ! matn topilmadi (skaner PDF?) - o'tkazildi
[2/135] 3-sinf/3-sinf 3-Sinf Matematika.pdf
  83 ta mavzu (model: haiku)
[3/135] 3-sinf/3-sinf 3-Sinf Musiqa.pdf

Limit tugadi.
You've hit your session limit · resets 1:40am (Asia/Tashkent)

Limit tiklanishi kutilmoqda: 1 daqiqa. To'xtatish uchun Ctrl+C.
Qaytadan urinilmoqda - ish to'xtagan joydan davom etadi.

[1/135] 3-sinf/3-sinf 3-Sinf Ingliz tili.pdf
  ! matn topilmadi (skaner PDF?) - o'tkazildi
[2/135] 3-sinf/3-sinf 3-Sinf Matematika.pdf
  83 ta mavzu (model: haiku)
[3/135] 3-sinf/3-sinf 3-Sinf Musiqa.pdf

Limit tugadi.
You've hit your session limit · resets 1:40am (Asia/Tashkent)

Limit tiklanishi kutilmoqda: 1 daqiqa. To'xtatish uchun Ctrl+C.
Qaytadan urinilmoqda - ish to'xtagan joydan davom etadi.

[1/135] 3-sinf/3-sinf 3-Sinf Ingliz tili.pdf
  ! matn topilmadi (skaner PDF?) - o'tkazildi
[2/135] 3-sinf/3-sinf 3-Sinf Matematika.pdf
  83 ta mavzu (model: haiku)
[3/135] 3-sinf/3-sinf 3-Sinf Musiqa.pdf

Limit tugadi.
You've hit your session limit · resets 1:40am (Asia/Tashkent)

Limit tiklanishi kutilmoqda: 1 daqiqa. To'xtatish uchun Ctrl+C.
Qaytadan urinilmoqda - ish to'xtagan joydan davom etadi.

[1/135] 3-sinf/3-sinf 3-Sinf Ingliz tili.pdf
  ! matn topilmadi (skaner PDF?) - o'tkazildi
[2/135] 3-sinf/3-sinf 3-Sinf Matematika.pdf
  83 ta mavzu (model: haiku)
[3/135] 3-sinf/3-sinf 3-Sinf Musiqa.pdf

Limit tugadi.
You've hit your session limit · resets 1:40am (Asia/Tashkent)

Limit tiklanishi kutilmoqda: 1 daqiqa. To'xtatish uchun Ctrl+C.
Qaytadan urinilmoqda - ish to'xtagan joydan davom etadi.

[1/135] 3-sinf/3-sinf 3-Sinf Ingliz tili.pdf
  ! matn topilmadi (skaner PDF?) - o'tkazildi
[2/135] 3-sinf/3-sinf 3-Sinf Matematika.pdf
  83 ta mavzu (model: haiku)
[3/135] 3-sinf/3-sinf 3-Sinf Musiqa.pdf

Limit tugadi.
You've hit your session limit · resets 1:40am (Asia/Tashkent)

Limit tiklanishi kutilmoqda: 1 daqiqa. To'xtatish uchun Ctrl+C.
Qaytadan urinilmoqda - ish to'xtagan joydan davom etadi.

[1/135] 3-sinf/3-sinf 3-Sinf Ingliz tili.pdf
  ! matn topilmadi (skaner PDF?) - o'tkazildi
[2/135] 3-sinf/3-sinf 3-Sinf Matematika.pdf
  83 ta mavzu (model: haiku)
[3/135] 3-sinf/3-sinf 3-Sinf Musiqa.pdf

Limit tugadi.
You've hit your session limit · resets 1:40am (Asia/Tashkent)

Limit tiklanishi kutilmoqda: 1 daqiqa. To'xtatish uchun Ctrl+C.
Qaytadan urinilmoqda - ish to'xtagan joydan davom etadi.

[1/135] 3-sinf/3-sinf 3-Sinf Ingliz tili.pdf
  ! matn topilmadi (skaner PDF?) - o'tkazildi
[2/135] 3-sinf/3-sinf 3-Sinf Matematika.pdf
  83 ta mavzu (model: haiku)
[3/135] 3-sinf/3-sinf 3-Sinf Musiqa.pdf

Limit tugadi.
You've hit your session limit · resets 1:40am (Asia/Tashkent)

Limit tiklanishi kutilmoqda: 1 daqiqa. To'xtatish uchun Ctrl+C.
Qaytadan urinilmoqda - ish to'xtagan joydan davom etadi.

[1/135] 3-sinf/3-sinf 3-Sinf Ingliz tili.pdf
  ! matn topilmadi (skaner PDF?) - o'tkazildi
[2/135] 3-sinf/3-sinf 3-Sinf Matematika.pdf
  83 ta mavzu (model: haiku)
[3/135] 3-sinf/3-sinf 3-Sinf Musiqa.pdf
  1 ta mavzu (model: haiku)
    [1/1] Ye - 30 ta
[4/135] 3-sinf/3-sinf 3-Sinf Odobnoma.pdf
  24 ta mavzu (model: haiku)
[5/135] 3-sinf/3-sinf 3-Sinf Ona tili.pdf
  ! mavzular aniqlanmadi - o'tkazildi (keyingi safar qayta urinadi)
[6/135] 3-sinf/3-sinf 3-Sinf O‘qish.pdf
  77 ta mavzu (model: haiku)
[7/135] 3-sinf/3-sinf 3-Sinf Rus tili.pdf
  24 ta mavzu (model: haiku)
[8/135] 3-sinf/3-sinf 3-Sinf Tabiatshunoslik.pdf
  41 ta mavzu (model: haiku)
[9/135] 3-sinf/3-sinf 3-Sinf Tarbiya.pdf
  20 ta mavzu (model: haiku)
[10/135] 3-sinf/3-sinf 3-Sinf Tasviriy san’at.pdf
  28 ta mavzu (model: haiku)
[11/135] 3-sinf/3-sinf 3-Sinf Texnologiya.pdf
  30 ta mavzu (model: haiku)
[12/135] 4-sinf/4-sinf 4-Sinf Ingliz tili.pdf
  ! matn topilmadi (skaner PDF?) - o'tkazildi
[13/135] 4-sinf/4-sinf 4-Sinf Matematika.pdf
  28 ta mavzu (model: haiku)
    [27/28] Hajm o'lchov birliklari - 30 ta
    [28/28] Ma'lumotlarni grafik, diagramma, jadvallar ko'rinishida ifodalash - 30 ta
[14/135] 4-sinf/4-sinf 4-Sinf Musiqa.pdf
  27 ta mavzu (model: haiku)
    [3/27] 2-3-dars. XALQ AYTIMLARI. LAPAR - 30 ta
    [2/27] Oddiy musiqa shakllari. Band shakli - 30 ta
    [1/27] 1-dars. VATANIMIZNI MADH ETAMIZ - 29 ta
    [6/27] 6-7-dars. RAMAZON MAROSIMI AYTIMLARI - 30 ta
    [5/27] USUL - 30 ta
    [4/27] 4-5-dars. YALLA - 30 ta
    xato: Expecting ',' delimiter: line 32 column 12 (char 8121)
    [9/27] Lad. Do major tonalligi - 29 ta
    [7/27] DINAMIK BELGILAR - 30 ta
    [11/27] Lya minor tovushqatori - 30 ta
    [10/27] 1-dars. XALQ QO'SHIQLARI - 30 ta
    [8/27] 8-dars. ALLA AYTIMLARI - 30 ta
    [12/27] 2-3-dars. XALQ RAQSLARI - 30 ta
    [13/27] Tonika - 30 ta
    [14/27] 4-5-dars. MEHNAT QO'SHIQLARI - 29 ta
    [16/27] 1-2-dars. QISH FASLI QO'SHIQLARI - 29 ta
    [17/27] Uchtovushlik - 30 ta
    [15/27] 6-7-dars. TO'Y MAROSIMI QO'SHIQLARI - 29 ta
    [19/27] 5-6-dars. BAHOR FASLI QO'SHIQLARI - 29 ta
    [18/27] 3-4-dars. BAXSHICHILIK SAN'ATI - 30 ta
    [20/27] 7-8-dars. QUSHLAR HAQIDA QO'SHIQLAR - 30 ta
    [22/27] 9-10-dars. BASTAKOR KOMILJON JABBOROV - 29 ta
    [21/27] TON VA YARIM TON - 30 ta
    [23/27] Alteratsiya belgilari - 30 ta
    [24/27] 1-2-dars. TORLI CHOLG'ULAR - 30 ta
    [25/27] 3-4-dars. DAMLI CHOLG'ULAR - 29 ta
    [27/27] 7-8-dars. BASTAKOR FAXRIDDIN SODIQOV - 28 ta
    [26/27] 5-6-dars. ZARBLI CHOLG'ULAR - 30 ta
[15/135] 4-sinf/4-sinf 4-Sinf Odobnoma.pdf
  36 ta mavzu (model: haiku)
    [3/36] O'ZBEKISTON – KO'P MILLATLI MAMLAKAT - 30 ta
    [1/36] O'ZBEKISTON – KELAJAGI BUYUK DAVLAT - 28 ta
    [2/36] YURT TINCHLIGI – EL BOYLIGI - 30 ta
    [4/36] TIL BILGAN EL BILADI - 30 ta
    [6/36] HASHAR – ELGA YARASHAR - 30 ta
    [5/36] AJDODLARIMIZ ARDOQLAGAN QADRIYATLAR - 30 ta
    [7/36] O'ZBEKISTON – MADANIY VA MA'NAVIY MEROSLARGA BOY O'LKA - 30 ta
    [9/36] TIL HAQIDA HIKMATLAR - 30 ta
    [8/36] DAVLAT TILI - 28 ta
    [10/36] MUSTAQILLIK YILLARIDA TIKLANGAN TARIXIY OBIDALAR, YODGORLIKLAR - 30 ta
    [12/36] YURTIMIZDA NISHONLANADIGAN UMUMXALQ BAYRAMLARI. OILAVIY AN'ANALAR - 30 ta
    [11/36] MILLIY MEROSIMIZ – FAXRIMIZ - 30 ta
    [13/36] MUSIQANING INSON HAYOTIDAGI O'RNI - 29 ta
    [14/36] MAMLAKATIMIZ HUDUDLARIDAGI QO'SHIQCHILIK SAN'ATINING O'ZIGA XOSLIGI - 30 ta
    [17/36] BIZ O'ZBEKISTON FUQAROLARIMIZ - 30 ta
    [16/36] BIZNING HUQUQ VA BURCHLARIMIZ. QONUN-QOIDA, TARTIB TUSHUNCHALARI - 30 ta
    [15/36] KONSTITUTSIYAMIZ – BAXTIMIZ POYDEVORI - 30 ta
    [19/36] YURT TINCHLIGI UCHUN BARCHAMIZ MAS'ULMIZ - 30 ta
    [18/36] MUSTAQIL O'QISH UCHUN ONAJONLAR BESHIK TEBRATSIN - 30 ta
    [20/36] OQIL BOBO NASIHATLARI - 30 ta
    [21/36] BIZNING ARMIYA - 30 ta
    [22/36] SOG'LOM TURMUSH TARZI - 30 ta
    [23/36] GASHT QILAMIZ – MASHQ QILAMIZ - 30 ta
    [24/36] ONALIK VA BOLALIK DAVLAT MUHOFAZASIDA - 30 ta
    xato: Expecting ',' delimiter: line 30 column 240 (char 7553)
    [25/36] HUNARNING YOMONI BO'LMAYDI. HUNARLI – UNAR - 29 ta
    [26/36] KASBLARNING O'ZIGA XOS XUSUSIYATLARI - 30 ta
    [27/36] MEHNAT QILISH VA KASB TANLASH HUQUQI - 29 ta
    [28/36] HUNAR VA HUNAR EGALLASHNING FOYDASI HAQIDA MAQOLLAR - 30 ta
    [30/36] EZGU FAZILATLAR – INSON KO'RKI - 29 ta
    [29/36] KIM BO'LSAM EKAN? - 30 ta
    [31/36] MA'NAVIYAT INSONNI ULUG'LAYDI - 30 ta
    [33/36] MAKTAB – ENG ULUG' DARGOH - 30 ta
    [32/36] SEHRLI SO'ZLAR - 30 ta
    [34/36] AXLOQ-ODOB QOIDALARI - 30 ta
    [35/36] AXLOQ - 30 ta
    [36/36] UMUMLASHTIRUVCHI DARS - 28 ta
[16/135] 4-sinf/4-sinf 4-Sinf Ona tili.pdf
  17 ta mavzu (model: haiku)
    [2/17] Gap - 29 ta
    [3/17] Uyushiq bo'laklar - 29 ta
    [1/17] Takrorlash - 30 ta
    [5/17] Nutq. Matn - 29 ta
    [4/17] Undalma - 30 ta
    [6/17] Tovushlar va harflar - 30 ta
    [8/17] Ot — so'z turkumi - 30 ta
    [7/17] So'z yasovchi va so'zlarni bog'lovchi qo'shimchalar - 30 ta
    [9/17] Otlarning egalik qo'shimchalari bilan qo'llanishi - 30 ta
    [10/17] Otlarning kelishik qo'shimchalari bilan qo'llanishi - 30 ta
    [11/17] Sifat — so'z turkumi - 30 ta
    [12/17] Sifatlarning ma'no turlari - 30 ta
    [13/17] Son — so'z turkumi - 30 ta
    [14/17] Kishilik olmoshlar - 30 ta
    [16/17] Fe'l zamonlari - 30 ta
    [15/17] Fe'l — so'z turkumi - 30 ta
    [17/17] Fe'llarning shaxs-son qo'shimchalari bilan qo'llanishi - 30 ta
[17/135] 4-sinf/4-sinf 4-Sinf O‘qish (metodika).pdf
  23 ta mavzu (model: haiku)
    [3/23] Qodir boboning orzusi - 30 ta
    [1/23] Mangulikka tatigulik kun - 30 ta
    [2/23] Iqboli buyuksan - 30 ta
    [4/23] Xarita 1-qism - 30 ta
    [6/23] Qovun sayli 1-qism - 29 ta
    [5/23] Xarita 2-qism - 30 ta
    [8/23] Ikki saxiy 1-qism - 30 ta
    [7/23] Eng ulug' fazilat - 30 ta
    [10/23] Topishmoqlar - 30 ta
    [9/23] Hiylagarning jazosi - 30 ta
    [12/23] Odobli bo'lish osonmi 2-qism - 30 ta
    [11/23] Alisherning yoshligi 2-qism - 30 ta
    [13/23] Xatosini tushungan bola 2-qism - 30 ta
    [14/23] Nurxon bilan Burxon - 30 ta
    [15/23] Saxiy - 29 ta
    [17/23] Yomg'ir - 30 ta
    [16/23] Chumchuq bilan chumoli - 29 ta
    [18/23] Ikki irmok - 30 ta
    [19/23] Xatarli uchrashuv - 30 ta
    [21/23] Navro'z – bahor bayrami - 29 ta
    [22/23] So'zlovchi yomg'ir - 30 ta
    [20/23] Ko'kyol 2-qism - 29 ta
    [23/23] Najmiddin Kubro - 30 ta
[18/135] 4-sinf/4-sinf 4-Sinf O‘qish.pdf
  36 ta mavzu (model: haiku)
    [3/36] KICHIK VATAN - 29 ta
    [1/36] MANGULIKKA TATIGULIK KUN - 30 ta
    [2/36] XARITA - 29 ta
    [5/36] KUZ KO'RINISHLARI - 30 ta
    [4/36] KUZ HAYAJONLARI - 30 ta
    [7/36] MO'JIZA - 29 ta
    xato: Expecting ',' delimiter: line 31 column 246 (char 6194)
    [9/36] MARDLIK VA AQL YORUG'LIGI - 30 ta
    xato: Expecting ',' delimiter: line 16 column 116 (char 2575)
    ! [6] QOVUN SAYLI - o'tkazildi
    [8/36] OLTIN KUZ - 30 ta
    [10/36] ALISHERNING YOSHLIGI - 30 ta
    [12/36] HUNARSIZ KISHI O'LIMGA YAQIN - 29 ta
    [11/36] KITOBGA IXLOS - 30 ta
    [13/36] QISH TO'ZG'ITAR MOMIQ PAR - 30 ta
    [15/36] XATARLI UCHRASHUV - 30 ta
    xato: Expecting ',' delimiter: line 21 column 124 (char 3792)
    [16/36] QUSHLAR QAYDA QO'NOQLAR? - 30 ta
    [17/36] TO'MARIS - 29 ta
    [14/36] QOMUSIM - 29 ta
    [19/36] SHAHZODANING BOLALIGI - 30 ta
    xato: Expecting ',' delimiter: line 124 column 188 (char 5208)
    [20/36] ONA-VATAN - 29 ta
    [18/36] AJDODLAR XITOBI - 30 ta
    [21/36] NAJMIDDIN KUBRO - 29 ta
    [22/36] BOYCHECHAK - 30 ta
    [23/36] ZIYRAK UCH YIGIT - 30 ta
    [24/36] BAHOR - 30 ta
    [25/36] BAHOR TA'RIFIDA - 30 ta
    xato: Expecting ',' delimiter: line 154 column 221 (char 6815)
    [27/36] YAXSHIDAN BOG' QOLADI - 30 ta
    xato: Expecting ',' delimiter: line 16 column 183 (char 2946)
    [29/36] BALIQCHI VA BALIQ HAQIDA ERTAK - 29 ta
    [26/36] ERKACHOLNING O'RIGI - 29 ta
    [28/36] BOLALAR GURUNGI - 30 ta
    [30/36] BIR XURMACHA SHAVLA - 30 ta
    [31/36] RUSTAM - 30 ta
    [32/36] ESHIKNI YOP - 30 ta
    [33/36] TINCHLIK QUSHI HAQIDA MEN O'QIGAN SHE'R - 29 ta
    [35/36] YOZ - 30 ta
    [34/36] MANGU OLOV - 30 ta
    [36/36] OYDIN KECHA - 30 ta
[19/135] 4-sinf/4-sinf 4-Sinf Rus tili.pdf
  42 ta mavzu (model: haiku)
    [1/42] Как спросить о законченном действии? - 29 ta
    [2/42] Что сделал? Что сделала? Что сделали? - 30 ta
    [3/42] Что будут делать? - 30 ta
    [4/42] Что будет делать? Что будут делать? - 30 ta
    [6/42] Будущее время - 30 ta
    [5/42] Что сделает? Что сделают? - 30 ta
    [7/42] Наш второй дом - 30 ta
    [8/42] Спорт - 29 ta
    [9/42] Ответы да и нет - 30 ta
    [10/42] Прошедшее время - 30 ta
    [11/42] Кто и что сделал (-а, -и)? - 30 ta
    [12/42] Будущее время (обязательность) - 30 ta
    [13/42] О стрижах - 30 ta
    [14/42] Отсутствие предметов - 30 ta
    [15/42] В магазинах - 29 ta
    [16/42] Нет чего? - 30 ta
    [17/42] Базар - 30 ta
    [18/42] Откуда? Куда? - 29 ta
    [19/42] Направление движения - 30 ta
    [20/42] Светофор - 30 ta
    [22/42] Из чего делают? - 30 ta
    [21/42] Движение - 30 ta
    [23/42] Учимся считать - 30 ta
    [24/42] Сколько? - 30 ta
    [26/42] Во сколько? Когда? Сколько времени? - 30 ta
    [25/42] Один, много, мало - 30 ta
    [27/42] Порядковые числительные - 30 ta
    [28/42] Куда? К кому? К чему? - 30 ta
    [29/42] Мы помогаем - 30 ta
    [30/42] Кому? - 30 ta
    [31/42] Объект действия - 30 ta
    [32/42] На ёлку - 29 ta
    [33/42] Куда? - 30 ta
    [34/42] Чем? - 30 ta
    [35/42] Кем быть? - 29 ta
    [36/42] Дружба - 29 ta
    [37/42] О ком? О чём? - 30 ta
    [38/42] Где? - 30 ta
    [39/42] Где мы живём? - 30 ta
    [40/42] Скоро каникулы - 30 ta
    [41/42] Самостоятельная работа - 30 ta
    [42/42] Повторение - 30 ta
[20/135] 4-sinf/4-sinf 4-Sinf Tabiatshunoslik.pdf
  33 ta mavzu (model: haiku)
    [3/33] Sayyoralar - 30 ta
    [2/33] Yulduzlar. Quyosh - 30 ta
    [1/33] Kirish. O'lkamiz tabiati - 30 ta
    [5/33] Asteroidlar - 29 ta
    [4/33] Kometalar - 30 ta
    [6/33] Meteorlar - 30 ta
    [8/33] Yer va uning shakli. Globus - 30 ta
    [10/33] Yer yuzi tabiatining xilma-xilligi - 30 ta
    [9/33] Kun va tun. Yil fasllari - 30 ta
    [7/33] Oy - Yerning tabiiy yo'ldoshi - 30 ta
    [11/33] Yer yuzasining asosiy shakllari - 29 ta
    [13/33] Xaritalar - 30 ta
    [12/33] Yerosti boyliklari - 30 ta

Limit tugadi.
You've hit your session limit · resets 6:40am (Asia/Tashkent)

Limit tiklanishi kutilmoqda: 1 daqiqa. To'xtatish uchun Ctrl+C.
Qaytadan urinilmoqda - ish to'xtagan joydan davom etadi.

[1/135] 3-sinf/3-sinf 3-Sinf Ingliz tili.pdf
  ! matn topilmadi (skaner PDF?) - o'tkazildi
[2/135] 3-sinf/3-sinf 3-Sinf Matematika.pdf
  83 ta mavzu (model: haiku)
[3/135] 3-sinf/3-sinf 3-Sinf Musiqa.pdf
  1 ta mavzu (model: haiku)
[4/135] 3-sinf/3-sinf 3-Sinf Odobnoma.pdf
  24 ta mavzu (model: haiku)
[5/135] 3-sinf/3-sinf 3-Sinf Ona tili.pdf

Limit tugadi.
You've hit your session limit · resets 6:40am (Asia/Tashkent)

Limit tiklanishi kutilmoqda: 1 daqiqa. To'xtatish uchun Ctrl+C.
Qaytadan urinilmoqda - ish to'xtagan joydan davom etadi.

[1/135] 3-sinf/3-sinf 3-Sinf Ingliz tili.pdf
  ! matn topilmadi (skaner PDF?) - o'tkazildi
[2/135] 3-sinf/3-sinf 3-Sinf Matematika.pdf
  83 ta mavzu (model: haiku)
[3/135] 3-sinf/3-sinf 3-Sinf Musiqa.pdf
  1 ta mavzu (model: haiku)
[4/135] 3-sinf/3-sinf 3-Sinf Odobnoma.pdf
  24 ta mavzu (model: haiku)
[5/135] 3-sinf/3-sinf 3-Sinf Ona tili.pdf

Limit tugadi.
You've hit your session limit · resets 6:40am (Asia/Tashkent)

Limit tiklanishi kutilmoqda: 1 daqiqa. To'xtatish uchun Ctrl+C.
Qaytadan urinilmoqda - ish to'xtagan joydan davom etadi.

[1/135] 3-sinf/3-sinf 3-Sinf Ingliz tili.pdf
  ! matn topilmadi (skaner PDF?) - o'tkazildi
[2/135] 3-sinf/3-sinf 3-Sinf Matematika.pdf
  83 ta mavzu (model: haiku)
[3/135] 3-sinf/3-sinf 3-Sinf Musiqa.pdf
  1 ta mavzu (model: haiku)
[4/135] 3-sinf/3-sinf 3-Sinf Odobnoma.pdf
  24 ta mavzu (model: haiku)
[5/135] 3-sinf/3-sinf 3-Sinf Ona tili.pdf

Limit tugadi.
You've hit your session limit · resets 6:40am (Asia/Tashkent)

Limit tiklanishi kutilmoqda: 1 daqiqa. To'xtatish uchun Ctrl+C.
Qaytadan urinilmoqda - ish to'xtagan joydan davom etadi.

[1/135] 3-sinf/3-sinf 3-Sinf Ingliz tili.pdf
  ! matn topilmadi (skaner PDF?) - o'tkazildi
[2/135] 3-sinf/3-sinf 3-Sinf Matematika.pdf
  83 ta mavzu (model: haiku)
[3/135] 3-sinf/3-sinf 3-Sinf Musiqa.pdf
  1 ta mavzu (model: haiku)
[4/135] 3-sinf/3-sinf 3-Sinf Odobnoma.pdf
  24 ta mavzu (model: haiku)
[5/135] 3-sinf/3-sinf 3-Sinf Ona tili.pdf

Limit tugadi.
You've hit your session limit · resets 6:40am (Asia/Tashkent)

Limit tiklanishi kutilmoqda: 1 daqiqa. To'xtatish uchun Ctrl+C.
Qaytadan urinilmoqda - ish to'xtagan joydan davom etadi.

[1/135] 3-sinf/3-sinf 3-Sinf Ingliz tili.pdf
  ! matn topilmadi (skaner PDF?) - o'tkazildi
[2/135] 3-sinf/3-sinf 3-Sinf Matematika.pdf
  83 ta mavzu (model: haiku)
[3/135] 3-sinf/3-sinf 3-Sinf Musiqa.pdf
  1 ta mavzu (model: haiku)
[4/135] 3-sinf/3-sinf 3-Sinf Odobnoma.pdf
  24 ta mavzu (model: haiku)
[5/135] 3-sinf/3-sinf 3-Sinf Ona tili.pdf

Limit tugadi.
You've hit your session limit · resets 6:40am (Asia/Tashkent)

Limit tiklanishi kutilmoqda: 1 daqiqa. To'xtatish uchun Ctrl+C.
Qaytadan urinilmoqda - ish to'xtagan joydan davom etadi.

[1/135] 3-sinf/3-sinf 3-Sinf Ingliz tili.pdf
  ! matn topilmadi (skaner PDF?) - o'tkazildi
[2/135] 3-sinf/3-sinf 3-Sinf Matematika.pdf
  83 ta mavzu (model: haiku)
[3/135] 3-sinf/3-sinf 3-Sinf Musiqa.pdf
  1 ta mavzu (model: haiku)
[4/135] 3-sinf/3-sinf 3-Sinf Odobnoma.pdf
  24 ta mavzu (model: haiku)
[5/135] 3-sinf/3-sinf 3-Sinf Ona tili.pdf

Limit tugadi.
You've hit your session limit · resets 6:40am (Asia/Tashkent)

Limit tiklanishi kutilmoqda: 1 daqiqa. To'xtatish uchun Ctrl+C.
Qaytadan urinilmoqda - ish to'xtagan joydan davom etadi.

[1/135] 3-sinf/3-sinf 3-Sinf Ingliz tili.pdf
  ! matn topilmadi (skaner PDF?) - o'tkazildi
[2/135] 3-sinf/3-sinf 3-Sinf Matematika.pdf
  83 ta mavzu (model: haiku)
[3/135] 3-sinf/3-sinf 3-Sinf Musiqa.pdf
  1 ta mavzu (model: haiku)
[4/135] 3-sinf/3-sinf 3-Sinf Odobnoma.pdf
  24 ta mavzu (model: haiku)
[5/135] 3-sinf/3-sinf 3-Sinf Ona tili.pdf

Limit tugadi.
You've hit your session limit · resets 6:40am (Asia/Tashkent)

Limit tiklanishi kutilmoqda: 1 daqiqa. To'xtatish uchun Ctrl+C.
Qaytadan urinilmoqda - ish to'xtagan joydan davom etadi.

[1/135] 3-sinf/3-sinf 3-Sinf Ingliz tili.pdf
  ! matn topilmadi (skaner PDF?) - o'tkazildi
[2/135] 3-sinf/3-sinf 3-Sinf Matematika.pdf
  83 ta mavzu (model: haiku)
[3/135] 3-sinf/3-sinf 3-Sinf Musiqa.pdf
  1 ta mavzu (model: haiku)
[4/135] 3-sinf/3-sinf 3-Sinf Odobnoma.pdf
  24 ta mavzu (model: haiku)
[5/135] 3-sinf/3-sinf 3-Sinf Ona tili.pdf

Limit tugadi.
You've hit your session limit · resets 6:40am (Asia/Tashkent)

Limit tiklanishi kutilmoqda: 1 daqiqa. To'xtatish uchun Ctrl+C.
Qaytadan urinilmoqda - ish to'xtagan joydan davom etadi.

[1/135] 3-sinf/3-sinf 3-Sinf Ingliz tili.pdf
  ! matn topilmadi (skaner PDF?) - o'tkazildi
[2/135] 3-sinf/3-sinf 3-Sinf Matematika.pdf
  83 ta mavzu (model: haiku)
[3/135] 3-sinf/3-sinf 3-Sinf Musiqa.pdf
  1 ta mavzu (model: haiku)
[4/135] 3-sinf/3-sinf 3-Sinf Odobnoma.pdf
  24 ta mavzu (model: haiku)
[5/135] 3-sinf/3-sinf 3-Sinf Ona tili.pdf

Limit tugadi.
You've hit your session limit · resets 6:40am (Asia/Tashkent)

Limit tiklanishi kutilmoqda: 1 daqiqa. To'xtatish uchun Ctrl+C.
Qaytadan urinilmoqda - ish to'xtagan joydan davom etadi.

[1/135] 3-sinf/3-sinf 3-Sinf Ingliz tili.pdf
  ! matn topilmadi (skaner PDF?) - o'tkazildi
[2/135] 3-sinf/3-sinf 3-Sinf Matematika.pdf
  83 ta mavzu (model: haiku)
[3/135] 3-sinf/3-sinf 3-Sinf Musiqa.pdf
  1 ta mavzu (model: haiku)
[4/135] 3-sinf/3-sinf 3-Sinf Odobnoma.pdf
  24 ta mavzu (model: haiku)
[5/135] 3-sinf/3-sinf 3-Sinf Ona tili.pdf

Limit tugadi.
You've hit your session limit · resets 6:40am (Asia/Tashkent)

Limit tiklanishi kutilmoqda: 1 daqiqa. To'xtatish uchun Ctrl+C.
Qaytadan urinilmoqda - ish to'xtagan joydan davom etadi.

[1/135] 3-sinf/3-sinf 3-Sinf Ingliz tili.pdf
  ! matn topilmadi (skaner PDF?) - o'tkazildi
[2/135] 3-sinf/3-sinf 3-Sinf Matematika.pdf
  83 ta mavzu (model: haiku)
[3/135] 3-sinf/3-sinf 3-Sinf Musiqa.pdf
  1 ta mavzu (model: haiku)
[4/135] 3-sinf/3-sinf 3-Sinf Odobnoma.pdf
  24 ta mavzu (model: haiku)
[5/135] 3-sinf/3-sinf 3-Sinf Ona tili.pdf

Limit tugadi.
You've hit your session limit · resets 6:40am (Asia/Tashkent)

Limit tiklanishi kutilmoqda: 1 daqiqa. To'xtatish uchun Ctrl+C.
Qaytadan urinilmoqda - ish to'xtagan joydan davom etadi.

[1/135] 3-sinf/3-sinf 3-Sinf Ingliz tili.pdf
  ! matn topilmadi (skaner PDF?) - o'tkazildi
[2/135] 3-sinf/3-sinf 3-Sinf Matematika.pdf
  83 ta mavzu (model: haiku)
[3/135] 3-sinf/3-sinf 3-Sinf Musiqa.pdf
  1 ta mavzu (model: haiku)
[4/135] 3-sinf/3-sinf 3-Sinf Odobnoma.pdf
  24 ta mavzu (model: haiku)
[5/135] 3-sinf/3-sinf 3-Sinf Ona tili.pdf

Limit tugadi.
You've hit your session limit · resets 6:40am (Asia/Tashkent)

Limit tiklanishi kutilmoqda: 1 daqiqa. To'xtatish uchun Ctrl+C.
Qaytadan urinilmoqda - ish to'xtagan joydan davom etadi.

[1/135] 3-sinf/3-sinf 3-Sinf Ingliz tili.pdf
  ! matn topilmadi (skaner PDF?) - o'tkazildi
[2/135] 3-sinf/3-sinf 3-Sinf Matematika.pdf
  83 ta mavzu (model: haiku)
[3/135] 3-sinf/3-sinf 3-Sinf Musiqa.pdf
  1 ta mavzu (model: haiku)
[4/135] 3-sinf/3-sinf 3-Sinf Odobnoma.pdf
  24 ta mavzu (model: haiku)
[5/135] 3-sinf/3-sinf 3-Sinf Ona tili.pdf

Limit tugadi.
You've hit your session limit · resets 6:40am (Asia/Tashkent)

Limit tiklanishi kutilmoqda: 1 daqiqa. To'xtatish uchun Ctrl+C.
Qaytadan urinilmoqda - ish to'xtagan joydan davom etadi.

[1/135] 3-sinf/3-sinf 3-Sinf Ingliz tili.pdf
  ! matn topilmadi (skaner PDF?) - o'tkazildi
[2/135] 3-sinf/3-sinf 3-Sinf Matematika.pdf
  83 ta mavzu (model: haiku)
[3/135] 3-sinf/3-sinf 3-Sinf Musiqa.pdf
  1 ta mavzu (model: haiku)
[4/135] 3-sinf/3-sinf 3-Sinf Odobnoma.pdf
  24 ta mavzu (model: haiku)
[5/135] 3-sinf/3-sinf 3-Sinf Ona tili.pdf

Limit tugadi.
You've hit your session limit · resets 6:40am (Asia/Tashkent)

Limit tiklanishi kutilmoqda: 1 daqiqa. To'xtatish uchun Ctrl+C.
Qaytadan urinilmoqda - ish to'xtagan joydan davom etadi.

[1/135] 3-sinf/3-sinf 3-Sinf Ingliz tili.pdf
  ! matn topilmadi (skaner PDF?) - o'tkazildi
[2/135] 3-sinf/3-sinf 3-Sinf Matematika.pdf
  83 ta mavzu (model: haiku)
[3/135] 3-sinf/3-sinf 3-Sinf Musiqa.pdf
  1 ta mavzu (model: haiku)
[4/135] 3-sinf/3-sinf 3-Sinf Odobnoma.pdf
  24 ta mavzu (model: haiku)
[5/135] 3-sinf/3-sinf 3-Sinf Ona tili.pdf

Limit tugadi.
You've hit your session limit · resets 6:40am (Asia/Tashkent)

Limit tiklanishi kutilmoqda: 1 daqiqa. To'xtatish uchun Ctrl+C.
Qaytadan urinilmoqda - ish to'xtagan joydan davom etadi.

[1/135] 3-sinf/3-sinf 3-Sinf Ingliz tili.pdf
  ! matn topilmadi (skaner PDF?) - o'tkazildi
[2/135] 3-sinf/3-sinf 3-Sinf Matematika.pdf
  83 ta mavzu (model: haiku)
[3/135] 3-sinf/3-sinf 3-Sinf Musiqa.pdf
  1 ta mavzu (model: haiku)
[4/135] 3-sinf/3-sinf 3-Sinf Odobnoma.pdf
  24 ta mavzu (model: haiku)
[5/135] 3-sinf/3-sinf 3-Sinf Ona tili.pdf

Limit tugadi.
You've hit your session limit · resets 6:40am (Asia/Tashkent)

Limit tiklanishi kutilmoqda: 1 daqiqa. To'xtatish uchun Ctrl+C.
Qaytadan urinilmoqda - ish to'xtagan joydan davom etadi.

[1/135] 3-sinf/3-sinf 3-Sinf Ingliz tili.pdf
  ! matn topilmadi (skaner PDF?) - o'tkazildi
[2/135] 3-sinf/3-sinf 3-Sinf Matematika.pdf
  83 ta mavzu (model: haiku)
[3/135] 3-sinf/3-sinf 3-Sinf Musiqa.pdf
  1 ta mavzu (model: haiku)
[4/135] 3-sinf/3-sinf 3-Sinf Odobnoma.pdf
  24 ta mavzu (model: haiku)
[5/135] 3-sinf/3-sinf 3-Sinf Ona tili.pdf

Limit tugadi.
You've hit your session limit · resets 6:40am (Asia/Tashkent)

Limit tiklanishi kutilmoqda: 1 daqiqa. To'xtatish uchun Ctrl+C.
Qaytadan urinilmoqda - ish to'xtagan joydan davom etadi.

[1/135] 3-sinf/3-sinf 3-Sinf Ingliz tili.pdf
  ! matn topilmadi (skaner PDF?) - o'tkazildi
[2/135] 3-sinf/3-sinf 3-Sinf Matematika.pdf
  83 ta mavzu (model: haiku)
[3/135] 3-sinf/3-sinf 3-Sinf Musiqa.pdf
  1 ta mavzu (model: haiku)
[4/135] 3-sinf/3-sinf 3-Sinf Odobnoma.pdf
  24 ta mavzu (model: haiku)
[5/135] 3-sinf/3-sinf 3-Sinf Ona tili.pdf

Limit tugadi.
You've hit your session limit · resets 6:40am (Asia/Tashkent)

Limit tiklanishi kutilmoqda: 1 daqiqa. To'xtatish uchun Ctrl+C.
Qaytadan urinilmoqda - ish to'xtagan joydan davom etadi.

[1/135] 3-sinf/3-sinf 3-Sinf Ingliz tili.pdf
  ! matn topilmadi (skaner PDF?) - o'tkazildi
[2/135] 3-sinf/3-sinf 3-Sinf Matematika.pdf
  83 ta mavzu (model: haiku)
[3/135] 3-sinf/3-sinf 3-Sinf Musiqa.pdf
  1 ta mavzu (model: haiku)
[4/135] 3-sinf/3-sinf 3-Sinf Odobnoma.pdf
  24 ta mavzu (model: haiku)
[5/135] 3-sinf/3-sinf 3-Sinf Ona tili.pdf

Limit tugadi.
You've hit your session limit · resets 6:40am (Asia/Tashkent)

Limit tiklanishi kutilmoqda: 1 daqiqa. To'xtatish uchun Ctrl+C.
Qaytadan urinilmoqda - ish to'xtagan joydan davom etadi.

[1/135] 3-sinf/3-sinf 3-Sinf Ingliz tili.pdf
  ! matn topilmadi (skaner PDF?) - o'tkazildi
[2/135] 3-sinf/3-sinf 3-Sinf Matematika.pdf
  83 ta mavzu (model: haiku)
[3/135] 3-sinf/3-sinf 3-Sinf Musiqa.pdf
  1 ta mavzu (model: haiku)
[4/135] 3-sinf/3-sinf 3-Sinf Odobnoma.pdf
  24 ta mavzu (model: haiku)
[5/135] 3-sinf/3-sinf 3-Sinf Ona tili.pdf

Limit tugadi.
You've hit your session limit · resets 6:40am (Asia/Tashkent)

Limit tiklanishi kutilmoqda: 1 daqiqa. To'xtatish uchun Ctrl+C.
Qaytadan urinilmoqda - ish to'xtagan joydan davom etadi.

[1/135] 3-sinf/3-sinf 3-Sinf Ingliz tili.pdf
  ! matn topilmadi (skaner PDF?) - o'tkazildi
[2/135] 3-sinf/3-sinf 3-Sinf Matematika.pdf
  83 ta mavzu (model: haiku)
[3/135] 3-sinf/3-sinf 3-Sinf Musiqa.pdf
  1 ta mavzu (model: haiku)
[4/135] 3-sinf/3-sinf 3-Sinf Odobnoma.pdf
  24 ta mavzu (model: haiku)
[5/135] 3-sinf/3-sinf 3-Sinf Ona tili.pdf

Limit tugadi.
You've hit your session limit · resets 6:40am (Asia/Tashkent)

Limit tiklanishi kutilmoqda: 1 daqiqa. To'xtatish uchun Ctrl+C.
Qaytadan urinilmoqda - ish to'xtagan joydan davom etadi.

[1/135] 3-sinf/3-sinf 3-Sinf Ingliz tili.pdf
  ! matn topilmadi (skaner PDF?) - o'tkazildi
[2/135] 3-sinf/3-sinf 3-Sinf Matematika.pdf
  83 ta mavzu (model: haiku)
[3/135] 3-sinf/3-sinf 3-Sinf Musiqa.pdf
  1 ta mavzu (model: haiku)
[4/135] 3-sinf/3-sinf 3-Sinf Odobnoma.pdf
  24 ta mavzu (model: haiku)
[5/135] 3-sinf/3-sinf 3-Sinf Ona tili.pdf

Limit tugadi.
You've hit your session limit · resets 6:40am (Asia/Tashkent)

Limit tiklanishi kutilmoqda: 1 daqiqa. To'xtatish uchun Ctrl+C.
Qaytadan urinilmoqda - ish to'xtagan joydan davom etadi.

[1/135] 3-sinf/3-sinf 3-Sinf Ingliz tili.pdf
  ! matn topilmadi (skaner PDF?) - o'tkazildi
[2/135] 3-sinf/3-sinf 3-Sinf Matematika.pdf
  83 ta mavzu (model: haiku)
[3/135] 3-sinf/3-sinf 3-Sinf Musiqa.pdf
  1 ta mavzu (model: haiku)
[4/135] 3-sinf/3-sinf 3-Sinf Odobnoma.pdf
  24 ta mavzu (model: haiku)
[5/135] 3-sinf/3-sinf 3-Sinf Ona tili.pdf

Limit tugadi.
You've hit your session limit · resets 6:40am (Asia/Tashkent)

Limit tiklanishi kutilmoqda: 1 daqiqa. To'xtatish uchun Ctrl+C.
Qaytadan urinilmoqda - ish to'xtagan joydan davom etadi.

[1/135] 3-sinf/3-sinf 3-Sinf Ingliz tili.pdf
  ! matn topilmadi (skaner PDF?) - o'tkazildi
[2/135] 3-sinf/3-sinf 3-Sinf Matematika.pdf
  83 ta mavzu (model: haiku)
[3/135] 3-sinf/3-sinf 3-Sinf Musiqa.pdf
  1 ta mavzu (model: haiku)
[4/135] 3-sinf/3-sinf 3-Sinf Odobnoma.pdf
  24 ta mavzu (model: haiku)
[5/135] 3-sinf/3-sinf 3-Sinf Ona tili.pdf

Limit tugadi.
You've hit your session limit · resets 6:40am (Asia/Tashkent)

Limit tiklanishi kutilmoqda: 1 daqiqa. To'xtatish uchun Ctrl+C.
Qaytadan urinilmoqda - ish to'xtagan joydan davom etadi.

[1/135] 3-sinf/3-sinf 3-Sinf Ingliz tili.pdf
  ! matn topilmadi (skaner PDF?) - o'tkazildi
[2/135] 3-sinf/3-sinf 3-Sinf Matematika.pdf
  83 ta mavzu (model: haiku)
[3/135] 3-sinf/3-sinf 3-Sinf Musiqa.pdf
  1 ta mavzu (model: haiku)
[4/135] 3-sinf/3-sinf 3-Sinf Odobnoma.pdf
  24 ta mavzu (model: haiku)
[5/135] 3-sinf/3-sinf 3-Sinf Ona tili.pdf

Limit tugadi.
You've hit your session limit · resets 6:40am (Asia/Tashkent)

Limit tiklanishi kutilmoqda: 1 daqiqa. To'xtatish uchun Ctrl+C.
Qaytadan urinilmoqda - ish to'xtagan joydan davom etadi.

[1/135] 3-sinf/3-sinf 3-Sinf Ingliz tili.pdf
  ! matn topilmadi (skaner PDF?) - o'tkazildi
[2/135] 3-sinf/3-sinf 3-Sinf Matematika.pdf
  83 ta mavzu (model: haiku)
[3/135] 3-sinf/3-sinf 3-Sinf Musiqa.pdf
  1 ta mavzu (model: haiku)
[4/135] 3-sinf/3-sinf 3-Sinf Odobnoma.pdf
  24 ta mavzu (model: haiku)
[5/135] 3-sinf/3-sinf 3-Sinf Ona tili.pdf

Limit tugadi.
You've hit your session limit · resets 6:40am (Asia/Tashkent)

Limit tiklanishi kutilmoqda: 1 daqiqa. To'xtatish uchun Ctrl+C.
Qaytadan urinilmoqda - ish to'xtagan joydan davom etadi.

[1/135] 3-sinf/3-sinf 3-Sinf Ingliz tili.pdf
  ! matn topilmadi (skaner PDF?) - o'tkazildi
[2/135] 3-sinf/3-sinf 3-Sinf Matematika.pdf
  83 ta mavzu (model: haiku)
[3/135] 3-sinf/3-sinf 3-Sinf Musiqa.pdf
  1 ta mavzu (model: haiku)
[4/135] 3-sinf/3-sinf 3-Sinf Odobnoma.pdf
  24 ta mavzu (model: haiku)
[5/135] 3-sinf/3-sinf 3-Sinf Ona tili.pdf

Limit tugadi.
You've hit your session limit · resets 6:40am (Asia/Tashkent)

Limit tiklanishi kutilmoqda: 1 daqiqa. To'xtatish uchun Ctrl+C.
Qaytadan urinilmoqda - ish to'xtagan joydan davom etadi.

[1/135] 3-sinf/3-sinf 3-Sinf Ingliz tili.pdf
  ! matn topilmadi (skaner PDF?) - o'tkazildi
[2/135] 3-sinf/3-sinf 3-Sinf Matematika.pdf
  83 ta mavzu (model: haiku)
[3/135] 3-sinf/3-sinf 3-Sinf Musiqa.pdf
  1 ta mavzu (model: haiku)
[4/135] 3-sinf/3-sinf 3-Sinf Odobnoma.pdf
  24 ta mavzu (model: haiku)
[5/135] 3-sinf/3-sinf 3-Sinf Ona tili.pdf

Limit tugadi.
You've hit your session limit · resets 6:40am (Asia/Tashkent)

Limit tiklanishi kutilmoqda: 1 daqiqa. To'xtatish uchun Ctrl+C.
Qaytadan urinilmoqda - ish to'xtagan joydan davom etadi.

[1/135] 3-sinf/3-sinf 3-Sinf Ingliz tili.pdf
  ! matn topilmadi (skaner PDF?) - o'tkazildi
[2/135] 3-sinf/3-sinf 3-Sinf Matematika.pdf
  83 ta mavzu (model: haiku)
[3/135] 3-sinf/3-sinf 3-Sinf Musiqa.pdf
  1 ta mavzu (model: haiku)
[4/135] 3-sinf/3-sinf 3-Sinf Odobnoma.pdf
  24 ta mavzu (model: haiku)
[5/135] 3-sinf/3-sinf 3-Sinf Ona tili.pdf

Limit tugadi.
You've hit your session limit · resets 6:40am (Asia/Tashkent)

Limit tiklanishi kutilmoqda: 1 daqiqa. To'xtatish uchun Ctrl+C.
Qaytadan urinilmoqda - ish to'xtagan joydan davom etadi.

[1/135] 3-sinf/3-sinf 3-Sinf Ingliz tili.pdf
  ! matn topilmadi (skaner PDF?) - o'tkazildi
[2/135] 3-sinf/3-sinf 3-Sinf Matematika.pdf
  83 ta mavzu (model: haiku)
[3/135] 3-sinf/3-sinf 3-Sinf Musiqa.pdf
  1 ta mavzu (model: haiku)
[4/135] 3-sinf/3-sinf 3-Sinf Odobnoma.pdf
  24 ta mavzu (model: haiku)
[5/135] 3-sinf/3-sinf 3-Sinf Ona tili.pdf

Limit tugadi.
You've hit your session limit · resets 6:40am (Asia/Tashkent)

Limit tiklanishi kutilmoqda: 1 daqiqa. To'xtatish uchun Ctrl+C.
Qaytadan urinilmoqda - ish to'xtagan joydan davom etadi.

[1/135] 3-sinf/3-sinf 3-Sinf Ingliz tili.pdf
  ! matn topilmadi (skaner PDF?) - o'tkazildi
[2/135] 3-sinf/3-sinf 3-Sinf Matematika.pdf
  83 ta mavzu (model: haiku)
[3/135] 3-sinf/3-sinf 3-Sinf Musiqa.pdf
  1 ta mavzu (model: haiku)
[4/135] 3-sinf/3-sinf 3-Sinf Odobnoma.pdf
  24 ta mavzu (model: haiku)
[5/135] 3-sinf/3-sinf 3-Sinf Ona tili.pdf

Limit tugadi.
You've hit your session limit · resets 6:40am (Asia/Tashkent)

Limit tiklanishi kutilmoqda: 1 daqiqa. To'xtatish uchun Ctrl+C.
Qaytadan urinilmoqda - ish to'xtagan joydan davom etadi.

[1/135] 3-sinf/3-sinf 3-Sinf Ingliz tili.pdf
  ! matn topilmadi (skaner PDF?) - o'tkazildi
[2/135] 3-sinf/3-sinf 3-Sinf Matematika.pdf
  83 ta mavzu (model: haiku)
[3/135] 3-sinf/3-sinf 3-Sinf Musiqa.pdf
  1 ta mavzu (model: haiku)
[4/135] 3-sinf/3-sinf 3-Sinf Odobnoma.pdf
  24 ta mavzu (model: haiku)
[5/135] 3-sinf/3-sinf 3-Sinf Ona tili.pdf

Limit tugadi.
You've hit your session limit · resets 6:40am (Asia/Tashkent)

Limit tiklanishi kutilmoqda: 1 daqiqa. To'xtatish uchun Ctrl+C.
Qaytadan urinilmoqda - ish to'xtagan joydan davom etadi.

[1/135] 3-sinf/3-sinf 3-Sinf Ingliz tili.pdf
  ! matn topilmadi (skaner PDF?) - o'tkazildi
[2/135] 3-sinf/3-sinf 3-Sinf Matematika.pdf
  83 ta mavzu (model: haiku)
[3/135] 3-sinf/3-sinf 3-Sinf Musiqa.pdf
  1 ta mavzu (model: haiku)
[4/135] 3-sinf/3-sinf 3-Sinf Odobnoma.pdf
  24 ta mavzu (model: haiku)
[5/135] 3-sinf/3-sinf 3-Sinf Ona tili.pdf

Limit tugadi.
You've hit your session limit · resets 6:40am (Asia/Tashkent)

Limit tiklanishi kutilmoqda: 1 daqiqa. To'xtatish uchun Ctrl+C.
Qaytadan urinilmoqda - ish to'xtagan joydan davom etadi.

[1/135] 3-sinf/3-sinf 3-Sinf Ingliz tili.pdf
  ! matn topilmadi (skaner PDF?) - o'tkazildi
[2/135] 3-sinf/3-sinf 3-Sinf Matematika.pdf
  83 ta mavzu (model: haiku)
[3/135] 3-sinf/3-sinf 3-Sinf Musiqa.pdf
  1 ta mavzu (model: haiku)
[4/135] 3-sinf/3-sinf 3-Sinf Odobnoma.pdf
  24 ta mavzu (model: haiku)
[5/135] 3-sinf/3-sinf 3-Sinf Ona tili.pdf

Limit tugadi.
You've hit your session limit · resets 6:40am (Asia/Tashkent)

Limit tiklanishi kutilmoqda: 1 daqiqa. To'xtatish uchun Ctrl+C.
Qaytadan urinilmoqda - ish to'xtagan joydan davom etadi.

[1/135] 3-sinf/3-sinf 3-Sinf Ingliz tili.pdf
  ! matn topilmadi (skaner PDF?) - o'tkazildi
[2/135] 3-sinf/3-sinf 3-Sinf Matematika.pdf
  83 ta mavzu (model: haiku)
[3/135] 3-sinf/3-sinf 3-Sinf Musiqa.pdf
  1 ta mavzu (model: haiku)
[4/135] 3-sinf/3-sinf 3-Sinf Odobnoma.pdf
  24 ta mavzu (model: haiku)
[5/135] 3-sinf/3-sinf 3-Sinf Ona tili.pdf

Limit tugadi.
You've hit your session limit · resets 6:40am (Asia/Tashkent)

Limit tiklanishi kutilmoqda: 1 daqiqa. To'xtatish uchun Ctrl+C.
Qaytadan urinilmoqda - ish to'xtagan joydan davom etadi.

[1/135] 3-sinf/3-sinf 3-Sinf Ingliz tili.pdf
  ! matn topilmadi (skaner PDF?) - o'tkazildi
[2/135] 3-sinf/3-sinf 3-Sinf Matematika.pdf
  83 ta mavzu (model: haiku)
[3/135] 3-sinf/3-sinf 3-Sinf Musiqa.pdf
  1 ta mavzu (model: haiku)
[4/135] 3-sinf/3-sinf 3-Sinf Odobnoma.pdf
  24 ta mavzu (model: haiku)
[5/135] 3-sinf/3-sinf 3-Sinf Ona tili.pdf

Limit tugadi.
You've hit your session limit · resets 6:40am (Asia/Tashkent)

Limit tiklanishi kutilmoqda: 1 daqiqa. To'xtatish uchun Ctrl+C.
Qaytadan urinilmoqda - ish to'xtagan joydan davom etadi.

[1/135] 3-sinf/3-sinf 3-Sinf Ingliz tili.pdf
  ! matn topilmadi (skaner PDF?) - o'tkazildi
[2/135] 3-sinf/3-sinf 3-Sinf Matematika.pdf
  83 ta mavzu (model: haiku)
[3/135] 3-sinf/3-sinf 3-Sinf Musiqa.pdf
  1 ta mavzu (model: haiku)
[4/135] 3-sinf/3-sinf 3-Sinf Odobnoma.pdf
  24 ta mavzu (model: haiku)
[5/135] 3-sinf/3-sinf 3-Sinf Ona tili.pdf

Limit tugadi.
You've hit your session limit · resets 6:40am (Asia/Tashkent)

Limit tiklanishi kutilmoqda: 1 daqiqa. To'xtatish uchun Ctrl+C.
Qaytadan urinilmoqda - ish to'xtagan joydan davom etadi.

[1/135] 3-sinf/3-sinf 3-Sinf Ingliz tili.pdf
  ! matn topilmadi (skaner PDF?) - o'tkazildi
[2/135] 3-sinf/3-sinf 3-Sinf Matematika.pdf
  83 ta mavzu (model: haiku)
[3/135] 3-sinf/3-sinf 3-Sinf Musiqa.pdf
  1 ta mavzu (model: haiku)
[4/135] 3-sinf/3-sinf 3-Sinf Odobnoma.pdf
  24 ta mavzu (model: haiku)
[5/135] 3-sinf/3-sinf 3-Sinf Ona tili.pdf

Limit tugadi.
You've hit your session limit · resets 6:40am (Asia/Tashkent)

Limit tiklanishi kutilmoqda: 1 daqiqa. To'xtatish uchun Ctrl+C.
Qaytadan urinilmoqda - ish to'xtagan joydan davom etadi.

[1/135] 3-sinf/3-sinf 3-Sinf Ingliz tili.pdf
  ! matn topilmadi (skaner PDF?) - o'tkazildi
[2/135] 3-sinf/3-sinf 3-Sinf Matematika.pdf
  83 ta mavzu (model: haiku)
[3/135] 3-sinf/3-sinf 3-Sinf Musiqa.pdf
  1 ta mavzu (model: haiku)
[4/135] 3-sinf/3-sinf 3-Sinf Odobnoma.pdf
  24 ta mavzu (model: haiku)
[5/135] 3-sinf/3-sinf 3-Sinf Ona tili.pdf

Limit tugadi.
You've hit your session limit · resets 6:40am (Asia/Tashkent)

Limit tiklanishi kutilmoqda: 1 daqiqa. To'xtatish uchun Ctrl+C.
Qaytadan urinilmoqda - ish to'xtagan joydan davom etadi.

[1/135] 3-sinf/3-sinf 3-Sinf Ingliz tili.pdf
  ! matn topilmadi (skaner PDF?) - o'tkazildi
[2/135] 3-sinf/3-sinf 3-Sinf Matematika.pdf
  83 ta mavzu (model: haiku)
[3/135] 3-sinf/3-sinf 3-Sinf Musiqa.pdf
  1 ta mavzu (model: haiku)
[4/135] 3-sinf/3-sinf 3-Sinf Odobnoma.pdf
  24 ta mavzu (model: haiku)
[5/135] 3-sinf/3-sinf 3-Sinf Ona tili.pdf

Limit tugadi.
You've hit your session limit · resets 6:40am (Asia/Tashkent)

Limit tiklanishi kutilmoqda: 1 daqiqa. To'xtatish uchun Ctrl+C.
Qaytadan urinilmoqda - ish to'xtagan joydan davom etadi.

[1/135] 3-sinf/3-sinf 3-Sinf Ingliz tili.pdf
  ! matn topilmadi (skaner PDF?) - o'tkazildi
[2/135] 3-sinf/3-sinf 3-Sinf Matematika.pdf
  83 ta mavzu (model: haiku)
[3/135] 3-sinf/3-sinf 3-Sinf Musiqa.pdf
  1 ta mavzu (model: haiku)
[4/135] 3-sinf/3-sinf 3-Sinf Odobnoma.pdf
  24 ta mavzu (model: haiku)
[5/135] 3-sinf/3-sinf 3-Sinf Ona tili.pdf

Limit tugadi.
You've hit your session limit · resets 6:40am (Asia/Tashkent)

Limit tiklanishi kutilmoqda: 1 daqiqa. To'xtatish uchun Ctrl+C.
Qaytadan urinilmoqda - ish to'xtagan joydan davom etadi.

[1/135] 3-sinf/3-sinf 3-Sinf Ingliz tili.pdf
  ! matn topilmadi (skaner PDF?) - o'tkazildi
[2/135] 3-sinf/3-sinf 3-Sinf Matematika.pdf
  83 ta mavzu (model: haiku)
[3/135] 3-sinf/3-sinf 3-Sinf Musiqa.pdf
  1 ta mavzu (model: haiku)
[4/135] 3-sinf/3-sinf 3-Sinf Odobnoma.pdf
  24 ta mavzu (model: haiku)
[5/135] 3-sinf/3-sinf 3-Sinf Ona tili.pdf

Limit tugadi.
You've hit your session limit · resets 6:40am (Asia/Tashkent)

Limit tiklanishi kutilmoqda: 1 daqiqa. To'xtatish uchun Ctrl+C.
Qaytadan urinilmoqda - ish to'xtagan joydan davom etadi.

[1/135] 3-sinf/3-sinf 3-Sinf Ingliz tili.pdf
  ! matn topilmadi (skaner PDF?) - o'tkazildi
[2/135] 3-sinf/3-sinf 3-Sinf Matematika.pdf
  83 ta mavzu (model: haiku)
[3/135] 3-sinf/3-sinf 3-Sinf Musiqa.pdf
  1 ta mavzu (model: haiku)
[4/135] 3-sinf/3-sinf 3-Sinf Odobnoma.pdf
  24 ta mavzu (model: haiku)
[5/135] 3-sinf/3-sinf 3-Sinf Ona tili.pdf

Limit tugadi.
You've hit your session limit · resets 6:40am (Asia/Tashkent)

Limit tiklanishi kutilmoqda: 1 daqiqa. To'xtatish uchun Ctrl+C.
Qaytadan urinilmoqda - ish to'xtagan joydan davom etadi.

[1/135] 3-sinf/3-sinf 3-Sinf Ingliz tili.pdf
  ! matn topilmadi (skaner PDF?) - o'tkazildi
[2/135] 3-sinf/3-sinf 3-Sinf Matematika.pdf
  83 ta mavzu (model: haiku)
[3/135] 3-sinf/3-sinf 3-Sinf Musiqa.pdf
  1 ta mavzu (model: haiku)
[4/135] 3-sinf/3-sinf 3-Sinf Odobnoma.pdf
  24 ta mavzu (model: haiku)
[5/135] 3-sinf/3-sinf 3-Sinf Ona tili.pdf

Limit tugadi.
You've hit your session limit · resets 6:40am (Asia/Tashkent)

Limit tiklanishi kutilmoqda: 1 daqiqa. To'xtatish uchun Ctrl+C.
Qaytadan urinilmoqda - ish to'xtagan joydan davom etadi.

[1/135] 3-sinf/3-sinf 3-Sinf Ingliz tili.pdf
  ! matn topilmadi (skaner PDF?) - o'tkazildi
[2/135] 3-sinf/3-sinf 3-Sinf Matematika.pdf
  83 ta mavzu (model: haiku)
[3/135] 3-sinf/3-sinf 3-Sinf Musiqa.pdf
  1 ta mavzu (model: haiku)
[4/135] 3-sinf/3-sinf 3-Sinf Odobnoma.pdf
  24 ta mavzu (model: haiku)
[5/135] 3-sinf/3-sinf 3-Sinf Ona tili.pdf

Limit tugadi.
You've hit your session limit · resets 6:40am (Asia/Tashkent)

Limit tiklanishi kutilmoqda: 1 daqiqa. To'xtatish uchun Ctrl+C.
Qaytadan urinilmoqda - ish to'xtagan joydan davom etadi.

[1/135] 3-sinf/3-sinf 3-Sinf Ingliz tili.pdf
  ! matn topilmadi (skaner PDF?) - o'tkazildi
[2/135] 3-sinf/3-sinf 3-Sinf Matematika.pdf
  83 ta mavzu (model: haiku)
[3/135] 3-sinf/3-sinf 3-Sinf Musiqa.pdf
  1 ta mavzu (model: haiku)
[4/135] 3-sinf/3-sinf 3-Sinf Odobnoma.pdf
  24 ta mavzu (model: haiku)
[5/135] 3-sinf/3-sinf 3-Sinf Ona tili.pdf

Limit tugadi.
You've hit your session limit · resets 6:40am (Asia/Tashkent)

Limit tiklanishi kutilmoqda: 1 daqiqa. To'xtatish uchun Ctrl+C.
Qaytadan urinilmoqda - ish to'xtagan joydan davom etadi.

[1/135] 3-sinf/3-sinf 3-Sinf Ingliz tili.pdf
  ! matn topilmadi (skaner PDF?) - o'tkazildi
[2/135] 3-sinf/3-sinf 3-Sinf Matematika.pdf
  83 ta mavzu (model: haiku)
[3/135] 3-sinf/3-sinf 3-Sinf Musiqa.pdf
  1 ta mavzu (model: haiku)
[4/135] 3-sinf/3-sinf 3-Sinf Odobnoma.pdf
  24 ta mavzu (model: haiku)
[5/135] 3-sinf/3-sinf 3-Sinf Ona tili.pdf

Limit tugadi.
You've hit your session limit · resets 6:40am (Asia/Tashkent)

Limit tiklanishi kutilmoqda: 1 daqiqa. To'xtatish uchun Ctrl+C.
Qaytadan urinilmoqda - ish to'xtagan joydan davom etadi.

[1/135] 3-sinf/3-sinf 3-Sinf Ingliz tili.pdf
  ! matn topilmadi (skaner PDF?) - o'tkazildi
[2/135] 3-sinf/3-sinf 3-Sinf Matematika.pdf
  83 ta mavzu (model: haiku)
[3/135] 3-sinf/3-sinf 3-Sinf Musiqa.pdf
  1 ta mavzu (model: haiku)
[4/135] 3-sinf/3-sinf 3-Sinf Odobnoma.pdf
  24 ta mavzu (model: haiku)
[5/135] 3-sinf/3-sinf 3-Sinf Ona tili.pdf

Limit tugadi.
You've hit your session limit · resets 6:40am (Asia/Tashkent)

Limit tiklanishi kutilmoqda: 1 daqiqa. To'xtatish uchun Ctrl+C.
Qaytadan urinilmoqda - ish to'xtagan joydan davom etadi.

[1/135] 3-sinf/3-sinf 3-Sinf Ingliz tili.pdf
  ! matn topilmadi (skaner PDF?) - o'tkazildi
[2/135] 3-sinf/3-sinf 3-Sinf Matematika.pdf
  83 ta mavzu (model: haiku)
[3/135] 3-sinf/3-sinf 3-Sinf Musiqa.pdf
  1 ta mavzu (model: haiku)
[4/135] 3-sinf/3-sinf 3-Sinf Odobnoma.pdf
  24 ta mavzu (model: haiku)
[5/135] 3-sinf/3-sinf 3-Sinf Ona tili.pdf

Limit tugadi.
You've hit your session limit · resets 6:40am (Asia/Tashkent)

Limit tiklanishi kutilmoqda: 1 daqiqa. To'xtatish uchun Ctrl+C.
Qaytadan urinilmoqda - ish to'xtagan joydan davom etadi.

[1/135] 3-sinf/3-sinf 3-Sinf Ingliz tili.pdf
  ! matn topilmadi (skaner PDF?) - o'tkazildi
[2/135] 3-sinf/3-sinf 3-Sinf Matematika.pdf
  83 ta mavzu (model: haiku)
[3/135] 3-sinf/3-sinf 3-Sinf Musiqa.pdf
  1 ta mavzu (model: haiku)
[4/135] 3-sinf/3-sinf 3-Sinf Odobnoma.pdf
  24 ta mavzu (model: haiku)
[5/135] 3-sinf/3-sinf 3-Sinf Ona tili.pdf

Limit tugadi.
You've hit your session limit · resets 6:40am (Asia/Tashkent)

Limit tiklanishi kutilmoqda: 1 daqiqa. To'xtatish uchun Ctrl+C.
Qaytadan urinilmoqda - ish to'xtagan joydan davom etadi.

[1/135] 3-sinf/3-sinf 3-Sinf Ingliz tili.pdf
  ! matn topilmadi (skaner PDF?) - o'tkazildi
[2/135] 3-sinf/3-sinf 3-Sinf Matematika.pdf
  83 ta mavzu (model: haiku)
[3/135] 3-sinf/3-sinf 3-Sinf Musiqa.pdf
  1 ta mavzu (model: haiku)
[4/135] 3-sinf/3-sinf 3-Sinf Odobnoma.pdf
  24 ta mavzu (model: haiku)
[5/135] 3-sinf/3-sinf 3-Sinf Ona tili.pdf

Limit tugadi.
You've hit your session limit · resets 6:40am (Asia/Tashkent)

Limit tiklanishi kutilmoqda: 1 daqiqa. To'xtatish uchun Ctrl+C.
Qaytadan urinilmoqda - ish to'xtagan joydan davom etadi.

[1/135] 3-sinf/3-sinf 3-Sinf Ingliz tili.pdf
  ! matn topilmadi (skaner PDF?) - o'tkazildi
[2/135] 3-sinf/3-sinf 3-Sinf Matematika.pdf
  83 ta mavzu (model: haiku)
[3/135] 3-sinf/3-sinf 3-Sinf Musiqa.pdf
  1 ta mavzu (model: haiku)
[4/135] 3-sinf/3-sinf 3-Sinf Odobnoma.pdf
  24 ta mavzu (model: haiku)
[5/135] 3-sinf/3-sinf 3-Sinf Ona tili.pdf

Limit tugadi.
You've hit your session limit · resets 6:40am (Asia/Tashkent)

Limit tiklanishi kutilmoqda: 1 daqiqa. To'xtatish uchun Ctrl+C.
Qaytadan urinilmoqda - ish to'xtagan joydan davom etadi.

[1/135] 3-sinf/3-sinf 3-Sinf Ingliz tili.pdf
  ! matn topilmadi (skaner PDF?) - o'tkazildi
[2/135] 3-sinf/3-sinf 3-Sinf Matematika.pdf
  83 ta mavzu (model: haiku)
[3/135] 3-sinf/3-sinf 3-Sinf Musiqa.pdf
  1 ta mavzu (model: haiku)
[4/135] 3-sinf/3-sinf 3-Sinf Odobnoma.pdf
  24 ta mavzu (model: haiku)
[5/135] 3-sinf/3-sinf 3-Sinf Ona tili.pdf

Limit tugadi.
You've hit your session limit · resets 6:40am (Asia/Tashkent)

Limit tiklanishi kutilmoqda: 1 daqiqa. To'xtatish uchun Ctrl+C.
Qaytadan urinilmoqda - ish to'xtagan joydan davom etadi.

[1/135] 3-sinf/3-sinf 3-Sinf Ingliz tili.pdf
  ! matn topilmadi (skaner PDF?) - o'tkazildi
[2/135] 3-sinf/3-sinf 3-Sinf Matematika.pdf
  83 ta mavzu (model: haiku)
[3/135] 3-sinf/3-sinf 3-Sinf Musiqa.pdf
  1 ta mavzu (model: haiku)
[4/135] 3-sinf/3-sinf 3-Sinf Odobnoma.pdf
  24 ta mavzu (model: haiku)
[5/135] 3-sinf/3-sinf 3-Sinf Ona tili.pdf

Limit tugadi.
You've hit your session limit · resets 6:40am (Asia/Tashkent)

Limit tiklanishi kutilmoqda: 1 daqiqa. To'xtatish uchun Ctrl+C.
Qaytadan urinilmoqda - ish to'xtagan joydan davom etadi.

[1/135] 3-sinf/3-sinf 3-Sinf Ingliz tili.pdf
  ! matn topilmadi (skaner PDF?) - o'tkazildi
[2/135] 3-sinf/3-sinf 3-Sinf Matematika.pdf
  83 ta mavzu (model: haiku)
[3/135] 3-sinf/3-sinf 3-Sinf Musiqa.pdf
  1 ta mavzu (model: haiku)
[4/135] 3-sinf/3-sinf 3-Sinf Odobnoma.pdf
  24 ta mavzu (model: haiku)
[5/135] 3-sinf/3-sinf 3-Sinf Ona tili.pdf

Limit tugadi.
You've hit your session limit · resets 6:40am (Asia/Tashkent)

Limit tiklanishi kutilmoqda: 1 daqiqa. To'xtatish uchun Ctrl+C.
Qaytadan urinilmoqda - ish to'xtagan joydan davom etadi.

[1/135] 3-sinf/3-sinf 3-Sinf Ingliz tili.pdf
  ! matn topilmadi (skaner PDF?) - o'tkazildi
[2/135] 3-sinf/3-sinf 3-Sinf Matematika.pdf
  83 ta mavzu (model: haiku)
[3/135] 3-sinf/3-sinf 3-Sinf Musiqa.pdf
  1 ta mavzu (model: haiku)
[4/135] 3-sinf/3-sinf 3-Sinf Odobnoma.pdf
  24 ta mavzu (model: haiku)
[5/135] 3-sinf/3-sinf 3-Sinf Ona tili.pdf

Limit tugadi.
You've hit your session limit · resets 6:40am (Asia/Tashkent)

Limit tiklanishi kutilmoqda: 1 daqiqa. To'xtatish uchun Ctrl+C.
Qaytadan urinilmoqda - ish to'xtagan joydan davom etadi.

[1/135] 3-sinf/3-sinf 3-Sinf Ingliz tili.pdf
  ! matn topilmadi (skaner PDF?) - o'tkazildi
[2/135] 3-sinf/3-sinf 3-Sinf Matematika.pdf
  83 ta mavzu (model: haiku)
[3/135] 3-sinf/3-sinf 3-Sinf Musiqa.pdf
  1 ta mavzu (model: haiku)
[4/135] 3-sinf/3-sinf 3-Sinf Odobnoma.pdf
  24 ta mavzu (model: haiku)
[5/135] 3-sinf/3-sinf 3-Sinf Ona tili.pdf

Limit tugadi.
You've hit your session limit · resets 6:40am (Asia/Tashkent)

Limit tiklanishi kutilmoqda: 1 daqiqa. To'xtatish uchun Ctrl+C.
Qaytadan urinilmoqda - ish to'xtagan joydan davom etadi.

[1/135] 3-sinf/3-sinf 3-Sinf Ingliz tili.pdf
  ! matn topilmadi (skaner PDF?) - o'tkazildi
[2/135] 3-sinf/3-sinf 3-Sinf Matematika.pdf
  83 ta mavzu (model: haiku)
[3/135] 3-sinf/3-sinf 3-Sinf Musiqa.pdf
  1 ta mavzu (model: haiku)
[4/135] 3-sinf/3-sinf 3-Sinf Odobnoma.pdf
  24 ta mavzu (model: haiku)
[5/135] 3-sinf/3-sinf 3-Sinf Ona tili.pdf

Limit tugadi.
You've hit your session limit · resets 6:40am (Asia/Tashkent)

Limit tiklanishi kutilmoqda: 1 daqiqa. To'xtatish uchun Ctrl+C.
Qaytadan urinilmoqda - ish to'xtagan joydan davom etadi.

[1/135] 3-sinf/3-sinf 3-Sinf Ingliz tili.pdf
  ! matn topilmadi (skaner PDF?) - o'tkazildi
[2/135] 3-sinf/3-sinf 3-Sinf Matematika.pdf
  83 ta mavzu (model: haiku)
[3/135] 3-sinf/3-sinf 3-Sinf Musiqa.pdf
  1 ta mavzu (model: haiku)
[4/135] 3-sinf/3-sinf 3-Sinf Odobnoma.pdf
  24 ta mavzu (model: haiku)
[5/135] 3-sinf/3-sinf 3-Sinf Ona tili.pdf

Limit tugadi.
You've hit your session limit · resets 6:40am (Asia/Tashkent)

Limit tiklanishi kutilmoqda: 1 daqiqa. To'xtatish uchun Ctrl+C.
Qaytadan urinilmoqda - ish to'xtagan joydan davom etadi.

[1/135] 3-sinf/3-sinf 3-Sinf Ingliz tili.pdf
  ! matn topilmadi (skaner PDF?) - o'tkazildi
[2/135] 3-sinf/3-sinf 3-Sinf Matematika.pdf
  83 ta mavzu (model: haiku)
[3/135] 3-sinf/3-sinf 3-Sinf Musiqa.pdf
  1 ta mavzu (model: haiku)
[4/135] 3-sinf/3-sinf 3-Sinf Odobnoma.pdf
  24 ta mavzu (model: haiku)
[5/135] 3-sinf/3-sinf 3-Sinf Ona tili.pdf

Limit tugadi.
You've hit your session limit · resets 6:40am (Asia/Tashkent)

Limit tiklanishi kutilmoqda: 1 daqiqa. To'xtatish uchun Ctrl+C.
Qaytadan urinilmoqda - ish to'xtagan joydan davom etadi.

[1/135] 3-sinf/3-sinf 3-Sinf Ingliz tili.pdf
  ! matn topilmadi (skaner PDF?) - o'tkazildi
[2/135] 3-sinf/3-sinf 3-Sinf Matematika.pdf
  83 ta mavzu (model: haiku)
[3/135] 3-sinf/3-sinf 3-Sinf Musiqa.pdf
  1 ta mavzu (model: haiku)
[4/135] 3-sinf/3-sinf 3-Sinf Odobnoma.pdf
  24 ta mavzu (model: haiku)
[5/135] 3-sinf/3-sinf 3-Sinf Ona tili.pdf

Limit tugadi.
You've hit your session limit · resets 6:40am (Asia/Tashkent)

Limit tiklanishi kutilmoqda: 1 daqiqa. To'xtatish uchun Ctrl+C.
Qaytadan urinilmoqda - ish to'xtagan joydan davom etadi.

[1/135] 3-sinf/3-sinf 3-Sinf Ingliz tili.pdf
  ! matn topilmadi (skaner PDF?) - o'tkazildi
[2/135] 3-sinf/3-sinf 3-Sinf Matematika.pdf
  83 ta mavzu (model: haiku)
[3/135] 3-sinf/3-sinf 3-Sinf Musiqa.pdf
  1 ta mavzu (model: haiku)
[4/135] 3-sinf/3-sinf 3-Sinf Odobnoma.pdf
  24 ta mavzu (model: haiku)
[5/135] 3-sinf/3-sinf 3-Sinf Ona tili.pdf

Limit tugadi.
You've hit your session limit · resets 6:40am (Asia/Tashkent)

Limit tiklanishi kutilmoqda: 1 daqiqa. To'xtatish uchun Ctrl+C.
Qaytadan urinilmoqda - ish to'xtagan joydan davom etadi.

[1/135] 3-sinf/3-sinf 3-Sinf Ingliz tili.pdf
  ! matn topilmadi (skaner PDF?) - o'tkazildi
[2/135] 3-sinf/3-sinf 3-Sinf Matematika.pdf
  83 ta mavzu (model: haiku)
[3/135] 3-sinf/3-sinf 3-Sinf Musiqa.pdf
  1 ta mavzu (model: haiku)
[4/135] 3-sinf/3-sinf 3-Sinf Odobnoma.pdf
  24 ta mavzu (model: haiku)
[5/135] 3-sinf/3-sinf 3-Sinf Ona tili.pdf

Limit tugadi.
You've hit your session limit · resets 6:40am (Asia/Tashkent)

Limit tiklanishi kutilmoqda: 1 daqiqa. To'xtatish uchun Ctrl+C.
Qaytadan urinilmoqda - ish to'xtagan joydan davom etadi.

[1/135] 3-sinf/3-sinf 3-Sinf Ingliz tili.pdf
  ! matn topilmadi (skaner PDF?) - o'tkazildi
[2/135] 3-sinf/3-sinf 3-Sinf Matematika.pdf
  83 ta mavzu (model: haiku)
[3/135] 3-sinf/3-sinf 3-Sinf Musiqa.pdf
  1 ta mavzu (model: haiku)
[4/135] 3-sinf/3-sinf 3-Sinf Odobnoma.pdf
  24 ta mavzu (model: haiku)
[5/135] 3-sinf/3-sinf 3-Sinf Ona tili.pdf

Limit tugadi.
You've hit your session limit · resets 6:40am (Asia/Tashkent)

Limit tiklanishi kutilmoqda: 1 daqiqa. To'xtatish uchun Ctrl+C.
Qaytadan urinilmoqda - ish to'xtagan joydan davom etadi.

[1/135] 3-sinf/3-sinf 3-Sinf Ingliz tili.pdf
  ! matn topilmadi (skaner PDF?) - o'tkazildi
[2/135] 3-sinf/3-sinf 3-Sinf Matematika.pdf
  83 ta mavzu (model: haiku)
[3/135] 3-sinf/3-sinf 3-Sinf Musiqa.pdf
  1 ta mavzu (model: haiku)
[4/135] 3-sinf/3-sinf 3-Sinf Odobnoma.pdf
  24 ta mavzu (model: haiku)
[5/135] 3-sinf/3-sinf 3-Sinf Ona tili.pdf

Limit tugadi.
You've hit your session limit · resets 6:40am (Asia/Tashkent)

Limit tiklanishi kutilmoqda: 1 daqiqa. To'xtatish uchun Ctrl+C.
Qaytadan urinilmoqda - ish to'xtagan joydan davom etadi.

[1/135] 3-sinf/3-sinf 3-Sinf Ingliz tili.pdf
  ! matn topilmadi (skaner PDF?) - o'tkazildi
[2/135] 3-sinf/3-sinf 3-Sinf Matematika.pdf
  83 ta mavzu (model: haiku)
[3/135] 3-sinf/3-sinf 3-Sinf Musiqa.pdf
  1 ta mavzu (model: haiku)
[4/135] 3-sinf/3-sinf 3-Sinf Odobnoma.pdf
  24 ta mavzu (model: haiku)
[5/135] 3-sinf/3-sinf 3-Sinf Ona tili.pdf

Limit tugadi.
You've hit your session limit · resets 6:40am (Asia/Tashkent)

Limit tiklanishi kutilmoqda: 1 daqiqa. To'xtatish uchun Ctrl+C.
Qaytadan urinilmoqda - ish to'xtagan joydan davom etadi.

[1/135] 3-sinf/3-sinf 3-Sinf Ingliz tili.pdf
  ! matn topilmadi (skaner PDF?) - o'tkazildi
[2/135] 3-sinf/3-sinf 3-Sinf Matematika.pdf
  83 ta mavzu (model: haiku)
[3/135] 3-sinf/3-sinf 3-Sinf Musiqa.pdf
  1 ta mavzu (model: haiku)
[4/135] 3-sinf/3-sinf 3-Sinf Odobnoma.pdf
  24 ta mavzu (model: haiku)
[5/135] 3-sinf/3-sinf 3-Sinf Ona tili.pdf

Limit tugadi.
You've hit your session limit · resets 6:40am (Asia/Tashkent)

Limit tiklanishi kutilmoqda: 1 daqiqa. To'xtatish uchun Ctrl+C.
Qaytadan urinilmoqda - ish to'xtagan joydan davom etadi.

[1/135] 3-sinf/3-sinf 3-Sinf Ingliz tili.pdf
  ! matn topilmadi (skaner PDF?) - o'tkazildi
[2/135] 3-sinf/3-sinf 3-Sinf Matematika.pdf
  83 ta mavzu (model: haiku)
[3/135] 3-sinf/3-sinf 3-Sinf Musiqa.pdf
  1 ta mavzu (model: haiku)
[4/135] 3-sinf/3-sinf 3-Sinf Odobnoma.pdf
  24 ta mavzu (model: haiku)
[5/135] 3-sinf/3-sinf 3-Sinf Ona tili.pdf

Limit tugadi.
You've hit your session limit · resets 6:40am (Asia/Tashkent)

Limit tiklanishi kutilmoqda: 1 daqiqa. To'xtatish uchun Ctrl+C.
Qaytadan urinilmoqda - ish to'xtagan joydan davom etadi.

[1/135] 3-sinf/3-sinf 3-Sinf Ingliz tili.pdf
  ! matn topilmadi (skaner PDF?) - o'tkazildi
[2/135] 3-sinf/3-sinf 3-Sinf Matematika.pdf
  83 ta mavzu (model: haiku)
[3/135] 3-sinf/3-sinf 3-Sinf Musiqa.pdf
  1 ta mavzu (model: haiku)
[4/135] 3-sinf/3-sinf 3-Sinf Odobnoma.pdf
  24 ta mavzu (model: haiku)
[5/135] 3-sinf/3-sinf 3-Sinf Ona tili.pdf

Limit tugadi.
You've hit your session limit · resets 6:40am (Asia/Tashkent)

Limit tiklanishi kutilmoqda: 1 daqiqa. To'xtatish uchun Ctrl+C.
Qaytadan urinilmoqda - ish to'xtagan joydan davom etadi.

[1/135] 3-sinf/3-sinf 3-Sinf Ingliz tili.pdf
  ! matn topilmadi (skaner PDF?) - o'tkazildi
[2/135] 3-sinf/3-sinf 3-Sinf Matematika.pdf
  83 ta mavzu (model: haiku)
[3/135] 3-sinf/3-sinf 3-Sinf Musiqa.pdf
  1 ta mavzu (model: haiku)
[4/135] 3-sinf/3-sinf 3-Sinf Odobnoma.pdf
  24 ta mavzu (model: haiku)
[5/135] 3-sinf/3-sinf 3-Sinf Ona tili.pdf

Limit tugadi.
You've hit your session limit · resets 6:40am (Asia/Tashkent)

Limit tiklanishi kutilmoqda: 1 daqiqa. To'xtatish uchun Ctrl+C.
Qaytadan urinilmoqda - ish to'xtagan joydan davom etadi.

[1/135] 3-sinf/3-sinf 3-Sinf Ingliz tili.pdf
  ! matn topilmadi (skaner PDF?) - o'tkazildi
[2/135] 3-sinf/3-sinf 3-Sinf Matematika.pdf
  83 ta mavzu (model: haiku)
[3/135] 3-sinf/3-sinf 3-Sinf Musiqa.pdf
  1 ta mavzu (model: haiku)
[4/135] 3-sinf/3-sinf 3-Sinf Odobnoma.pdf
  24 ta mavzu (model: haiku)
[5/135] 3-sinf/3-sinf 3-Sinf Ona tili.pdf

Limit tugadi.
You've hit your session limit · resets 6:40am (Asia/Tashkent)

Limit tiklanishi kutilmoqda: 1 daqiqa. To'xtatish uchun Ctrl+C.
Qaytadan urinilmoqda - ish to'xtagan joydan davom etadi.

[1/135] 3-sinf/3-sinf 3-Sinf Ingliz tili.pdf
  ! matn topilmadi (skaner PDF?) - o'tkazildi
[2/135] 3-sinf/3-sinf 3-Sinf Matematika.pdf
  83 ta mavzu (model: haiku)
[3/135] 3-sinf/3-sinf 3-Sinf Musiqa.pdf
  1 ta mavzu (model: haiku)
[4/135] 3-sinf/3-sinf 3-Sinf Odobnoma.pdf
  24 ta mavzu (model: haiku)
[5/135] 3-sinf/3-sinf 3-Sinf Ona tili.pdf

Limit tugadi.
You've hit your session limit · resets 6:40am (Asia/Tashkent)

Limit tiklanishi kutilmoqda: 1 daqiqa. To'xtatish uchun Ctrl+C.
Qaytadan urinilmoqda - ish to'xtagan joydan davom etadi.

[1/135] 3-sinf/3-sinf 3-Sinf Ingliz tili.pdf
  ! matn topilmadi (skaner PDF?) - o'tkazildi
[2/135] 3-sinf/3-sinf 3-Sinf Matematika.pdf
  83 ta mavzu (model: haiku)
[3/135] 3-sinf/3-sinf 3-Sinf Musiqa.pdf
  1 ta mavzu (model: haiku)
[4/135] 3-sinf/3-sinf 3-Sinf Odobnoma.pdf
  24 ta mavzu (model: haiku)
[5/135] 3-sinf/3-sinf 3-Sinf Ona tili.pdf

Limit tugadi.
You've hit your session limit · resets 6:40am (Asia/Tashkent)

Limit tiklanishi kutilmoqda: 1 daqiqa. To'xtatish uchun Ctrl+C.
Qaytadan urinilmoqda - ish to'xtagan joydan davom etadi.

[1/135] 3-sinf/3-sinf 3-Sinf Ingliz tili.pdf
  ! matn topilmadi (skaner PDF?) - o'tkazildi
[2/135] 3-sinf/3-sinf 3-Sinf Matematika.pdf
  83 ta mavzu (model: haiku)
[3/135] 3-sinf/3-sinf 3-Sinf Musiqa.pdf
  1 ta mavzu (model: haiku)
[4/135] 3-sinf/3-sinf 3-Sinf Odobnoma.pdf
  24 ta mavzu (model: haiku)
[5/135] 3-sinf/3-sinf 3-Sinf Ona tili.pdf

Limit tugadi.
You've hit your session limit · resets 6:40am (Asia/Tashkent)

Limit tiklanishi kutilmoqda: 1 daqiqa. To'xtatish uchun Ctrl+C.
Qaytadan urinilmoqda - ish to'xtagan joydan davom etadi.

[1/135] 3-sinf/3-sinf 3-Sinf Ingliz tili.pdf
  ! matn topilmadi (skaner PDF?) - o'tkazildi
[2/135] 3-sinf/3-sinf 3-Sinf Matematika.pdf
  83 ta mavzu (model: haiku)
[3/135] 3-sinf/3-sinf 3-Sinf Musiqa.pdf
  1 ta mavzu (model: haiku)
[4/135] 3-sinf/3-sinf 3-Sinf Odobnoma.pdf
  24 ta mavzu (model: haiku)
[5/135] 3-sinf/3-sinf 3-Sinf Ona tili.pdf

Limit tugadi.
You've hit your session limit · resets 6:40am (Asia/Tashkent)

Limit tiklanishi kutilmoqda: 1 daqiqa. To'xtatish uchun Ctrl+C.
Qaytadan urinilmoqda - ish to'xtagan joydan davom etadi.

[1/135] 3-sinf/3-sinf 3-Sinf Ingliz tili.pdf
  ! matn topilmadi (skaner PDF?) - o'tkazildi
[2/135] 3-sinf/3-sinf 3-Sinf Matematika.pdf
  83 ta mavzu (model: haiku)
[3/135] 3-sinf/3-sinf 3-Sinf Musiqa.pdf
  1 ta mavzu (model: haiku)
[4/135] 3-sinf/3-sinf 3-Sinf Odobnoma.pdf
  24 ta mavzu (model: haiku)
[5/135] 3-sinf/3-sinf 3-Sinf Ona tili.pdf

Limit tugadi.
You've hit your session limit · resets 6:40am (Asia/Tashkent)

Limit tiklanishi kutilmoqda: 1 daqiqa. To'xtatish uchun Ctrl+C.
Qaytadan urinilmoqda - ish to'xtagan joydan davom etadi.

[1/135] 3-sinf/3-sinf 3-Sinf Ingliz tili.pdf
  ! matn topilmadi (skaner PDF?) - o'tkazildi
[2/135] 3-sinf/3-sinf 3-Sinf Matematika.pdf
  83 ta mavzu (model: haiku)
[3/135] 3-sinf/3-sinf 3-Sinf Musiqa.pdf
  1 ta mavzu (model: haiku)
[4/135] 3-sinf/3-sinf 3-Sinf Odobnoma.pdf
  24 ta mavzu (model: haiku)
[5/135] 3-sinf/3-sinf 3-Sinf Ona tili.pdf

Limit tugadi.
You've hit your session limit · resets 6:40am (Asia/Tashkent)

Limit tiklanishi kutilmoqda: 1 daqiqa. To'xtatish uchun Ctrl+C.
Qaytadan urinilmoqda - ish to'xtagan joydan davom etadi.

[1/135] 3-sinf/3-sinf 3-Sinf Ingliz tili.pdf
  ! matn topilmadi (skaner PDF?) - o'tkazildi
[2/135] 3-sinf/3-sinf 3-Sinf Matematika.pdf
  83 ta mavzu (model: haiku)
[3/135] 3-sinf/3-sinf 3-Sinf Musiqa.pdf
  1 ta mavzu (model: haiku)
[4/135] 3-sinf/3-sinf 3-Sinf Odobnoma.pdf
  24 ta mavzu (model: haiku)
[5/135] 3-sinf/3-sinf 3-Sinf Ona tili.pdf

Limit tugadi.
You've hit your session limit · resets 6:40am (Asia/Tashkent)

Limit tiklanishi kutilmoqda: 1 daqiqa. To'xtatish uchun Ctrl+C.
Qaytadan urinilmoqda - ish to'xtagan joydan davom etadi.

[1/135] 3-sinf/3-sinf 3-Sinf Ingliz tili.pdf
  ! matn topilmadi (skaner PDF?) - o'tkazildi
[2/135] 3-sinf/3-sinf 3-Sinf Matematika.pdf
  83 ta mavzu (model: haiku)
[3/135] 3-sinf/3-sinf 3-Sinf Musiqa.pdf
  1 ta mavzu (model: haiku)
[4/135] 3-sinf/3-sinf 3-Sinf Odobnoma.pdf
  24 ta mavzu (model: haiku)
[5/135] 3-sinf/3-sinf 3-Sinf Ona tili.pdf

Limit tugadi.
You've hit your session limit · resets 6:40am (Asia/Tashkent)

Limit tiklanishi kutilmoqda: 1 daqiqa. To'xtatish uchun Ctrl+C.
Qaytadan urinilmoqda - ish to'xtagan joydan davom etadi.

[1/135] 3-sinf/3-sinf 3-Sinf Ingliz tili.pdf
  ! matn topilmadi (skaner PDF?) - o'tkazildi
[2/135] 3-sinf/3-sinf 3-Sinf Matematika.pdf
  83 ta mavzu (model: haiku)
[3/135] 3-sinf/3-sinf 3-Sinf Musiqa.pdf
  1 ta mavzu (model: haiku)
[4/135] 3-sinf/3-sinf 3-Sinf Odobnoma.pdf
  24 ta mavzu (model: haiku)
[5/135] 3-sinf/3-sinf 3-Sinf Ona tili.pdf

Limit tugadi.
You've hit your session limit · resets 6:40am (Asia/Tashkent)

Limit tiklanishi kutilmoqda: 1 daqiqa. To'xtatish uchun Ctrl+C.
Qaytadan urinilmoqda - ish to'xtagan joydan davom etadi.

[1/135] 3-sinf/3-sinf 3-Sinf Ingliz tili.pdf
  ! matn topilmadi (skaner PDF?) - o'tkazildi
[2/135] 3-sinf/3-sinf 3-Sinf Matematika.pdf
  83 ta mavzu (model: haiku)
[3/135] 3-sinf/3-sinf 3-Sinf Musiqa.pdf
  1 ta mavzu (model: haiku)
[4/135] 3-sinf/3-sinf 3-Sinf Odobnoma.pdf
  24 ta mavzu (model: haiku)
[5/135] 3-sinf/3-sinf 3-Sinf Ona tili.pdf

Limit tugadi.
You've hit your session limit · resets 6:40am (Asia/Tashkent)

Limit tiklanishi kutilmoqda: 1 daqiqa. To'xtatish uchun Ctrl+C.
Qaytadan urinilmoqda - ish to'xtagan joydan davom etadi.

[1/135] 3-sinf/3-sinf 3-Sinf Ingliz tili.pdf
  ! matn topilmadi (skaner PDF?) - o'tkazildi
[2/135] 3-sinf/3-sinf 3-Sinf Matematika.pdf
  83 ta mavzu (model: haiku)
[3/135] 3-sinf/3-sinf 3-Sinf Musiqa.pdf
  1 ta mavzu (model: haiku)
[4/135] 3-sinf/3-sinf 3-Sinf Odobnoma.pdf
  24 ta mavzu (model: haiku)
[5/135] 3-sinf/3-sinf 3-Sinf Ona tili.pdf

Limit tugadi.
You've hit your session limit · resets 6:40am (Asia/Tashkent)

Limit tiklanishi kutilmoqda: 1 daqiqa. To'xtatish uchun Ctrl+C.
Qaytadan urinilmoqda - ish to'xtagan joydan davom etadi.

[1/135] 3-sinf/3-sinf 3-Sinf Ingliz tili.pdf
  ! matn topilmadi (skaner PDF?) - o'tkazildi
[2/135] 3-sinf/3-sinf 3-Sinf Matematika.pdf
  83 ta mavzu (model: haiku)
[3/135] 3-sinf/3-sinf 3-Sinf Musiqa.pdf
  1 ta mavzu (model: haiku)
[4/135] 3-sinf/3-sinf 3-Sinf Odobnoma.pdf
  24 ta mavzu (model: haiku)
[5/135] 3-sinf/3-sinf 3-Sinf Ona tili.pdf

Limit tugadi.
You've hit your session limit · resets 6:40am (Asia/Tashkent)

Limit tiklanishi kutilmoqda: 1 daqiqa. To'xtatish uchun Ctrl+C.
Qaytadan urinilmoqda - ish to'xtagan joydan davom etadi.

[1/135] 3-sinf/3-sinf 3-Sinf Ingliz tili.pdf
  ! matn topilmadi (skaner PDF?) - o'tkazildi
[2/135] 3-sinf/3-sinf 3-Sinf Matematika.pdf
  83 ta mavzu (model: haiku)
[3/135] 3-sinf/3-sinf 3-Sinf Musiqa.pdf
  1 ta mavzu (model: haiku)
[4/135] 3-sinf/3-sinf 3-Sinf Odobnoma.pdf
  24 ta mavzu (model: haiku)
[5/135] 3-sinf/3-sinf 3-Sinf Ona tili.pdf

Limit tugadi.
You've hit your session limit · resets 6:40am (Asia/Tashkent)

Limit tiklanishi kutilmoqda: 1 daqiqa. To'xtatish uchun Ctrl+C.
Qaytadan urinilmoqda - ish to'xtagan joydan davom etadi.

[1/135] 3-sinf/3-sinf 3-Sinf Ingliz tili.pdf
  ! matn topilmadi (skaner PDF?) - o'tkazildi
[2/135] 3-sinf/3-sinf 3-Sinf Matematika.pdf
  83 ta mavzu (model: haiku)
[3/135] 3-sinf/3-sinf 3-Sinf Musiqa.pdf
  1 ta mavzu (model: haiku)
[4/135] 3-sinf/3-sinf 3-Sinf Odobnoma.pdf
  24 ta mavzu (model: haiku)
[5/135] 3-sinf/3-sinf 3-Sinf Ona tili.pdf

Limit tugadi.
You've hit your session limit · resets 6:40am (Asia/Tashkent)

Limit tiklanishi kutilmoqda: 1 daqiqa. To'xtatish uchun Ctrl+C.
Qaytadan urinilmoqda - ish to'xtagan joydan davom etadi.

[1/135] 3-sinf/3-sinf 3-Sinf Ingliz tili.pdf
  ! matn topilmadi (skaner PDF?) - o'tkazildi
[2/135] 3-sinf/3-sinf 3-Sinf Matematika.pdf
  83 ta mavzu (model: haiku)
[3/135] 3-sinf/3-sinf 3-Sinf Musiqa.pdf
  1 ta mavzu (model: haiku)
[4/135] 3-sinf/3-sinf 3-Sinf Odobnoma.pdf
  24 ta mavzu (model: haiku)
[5/135] 3-sinf/3-sinf 3-Sinf Ona tili.pdf

Limit tugadi.
You've hit your session limit · resets 6:40am (Asia/Tashkent)

Limit tiklanishi kutilmoqda: 1 daqiqa. To'xtatish uchun Ctrl+C.
Qaytadan urinilmoqda - ish to'xtagan joydan davom etadi.

[1/135] 3-sinf/3-sinf 3-Sinf Ingliz tili.pdf
  ! matn topilmadi (skaner PDF?) - o'tkazildi
[2/135] 3-sinf/3-sinf 3-Sinf Matematika.pdf
  83 ta mavzu (model: haiku)
[3/135] 3-sinf/3-sinf 3-Sinf Musiqa.pdf
  1 ta mavzu (model: haiku)
[4/135] 3-sinf/3-sinf 3-Sinf Odobnoma.pdf
  24 ta mavzu (model: haiku)
[5/135] 3-sinf/3-sinf 3-Sinf Ona tili.pdf

Limit tugadi.
You've hit your session limit · resets 6:40am (Asia/Tashkent)

Limit tiklanishi kutilmoqda: 1 daqiqa. To'xtatish uchun Ctrl+C.
Qaytadan urinilmoqda - ish to'xtagan joydan davom etadi.

[1/135] 3-sinf/3-sinf 3-Sinf Ingliz tili.pdf
  ! matn topilmadi (skaner PDF?) - o'tkazildi
[2/135] 3-sinf/3-sinf 3-Sinf Matematika.pdf
  83 ta mavzu (model: haiku)
[3/135] 3-sinf/3-sinf 3-Sinf Musiqa.pdf
  1 ta mavzu (model: haiku)
[4/135] 3-sinf/3-sinf 3-Sinf Odobnoma.pdf
  24 ta mavzu (model: haiku)
[5/135] 3-sinf/3-sinf 3-Sinf Ona tili.pdf

Limit tugadi.
You've hit your session limit · resets 6:40am (Asia/Tashkent)

Limit tiklanishi kutilmoqda: 1 daqiqa. To'xtatish uchun Ctrl+C.
Qaytadan urinilmoqda - ish to'xtagan joydan davom etadi.

[1/135] 3-sinf/3-sinf 3-Sinf Ingliz tili.pdf
  ! matn topilmadi (skaner PDF?) - o'tkazildi
[2/135] 3-sinf/3-sinf 3-Sinf Matematika.pdf
  83 ta mavzu (model: haiku)
[3/135] 3-sinf/3-sinf 3-Sinf Musiqa.pdf
  1 ta mavzu (model: haiku)
[4/135] 3-sinf/3-sinf 3-Sinf Odobnoma.pdf
  24 ta mavzu (model: haiku)
[5/135] 3-sinf/3-sinf 3-Sinf Ona tili.pdf

Limit tugadi.
You've hit your session limit · resets 6:40am (Asia/Tashkent)

Limit tiklanishi kutilmoqda: 1 daqiqa. To'xtatish uchun Ctrl+C.
Qaytadan urinilmoqda - ish to'xtagan joydan davom etadi.

[1/135] 3-sinf/3-sinf 3-Sinf Ingliz tili.pdf
  ! matn topilmadi (skaner PDF?) - o'tkazildi
[2/135] 3-sinf/3-sinf 3-Sinf Matematika.pdf
  83 ta mavzu (model: haiku)
[3/135] 3-sinf/3-sinf 3-Sinf Musiqa.pdf
  1 ta mavzu (model: haiku)
[4/135] 3-sinf/3-sinf 3-Sinf Odobnoma.pdf
  24 ta mavzu (model: haiku)
[5/135] 3-sinf/3-sinf 3-Sinf Ona tili.pdf

Limit tugadi.
You've hit your session limit · resets 6:40am (Asia/Tashkent)

Limit tiklanishi kutilmoqda: 1 daqiqa. To'xtatish uchun Ctrl+C.
Qaytadan urinilmoqda - ish to'xtagan joydan davom etadi.

[1/135] 3-sinf/3-sinf 3-Sinf Ingliz tili.pdf
  ! matn topilmadi (skaner PDF?) - o'tkazildi
[2/135] 3-sinf/3-sinf 3-Sinf Matematika.pdf
  83 ta mavzu (model: haiku)
[3/135] 3-sinf/3-sinf 3-Sinf Musiqa.pdf
  1 ta mavzu (model: haiku)
[4/135] 3-sinf/3-sinf 3-Sinf Odobnoma.pdf
  24 ta mavzu (model: haiku)
[5/135] 3-sinf/3-sinf 3-Sinf Ona tili.pdf

Limit tugadi.
You've hit your session limit · resets 6:40am (Asia/Tashkent)

Limit tiklanishi kutilmoqda: 1 daqiqa. To'xtatish uchun Ctrl+C.
Qaytadan urinilmoqda - ish to'xtagan joydan davom etadi.

[1/135] 3-sinf/3-sinf 3-Sinf Ingliz tili.pdf
  ! matn topilmadi (skaner PDF?) - o'tkazildi
[2/135] 3-sinf/3-sinf 3-Sinf Matematika.pdf
  83 ta mavzu (model: haiku)
[3/135] 3-sinf/3-sinf 3-Sinf Musiqa.pdf
  1 ta mavzu (model: haiku)
[4/135] 3-sinf/3-sinf 3-Sinf Odobnoma.pdf
  24 ta mavzu (model: haiku)
[5/135] 3-sinf/3-sinf 3-Sinf Ona tili.pdf

Limit tugadi.
You've hit your session limit · resets 6:40am (Asia/Tashkent)

Limit tiklanishi kutilmoqda: 1 daqiqa. To'xtatish uchun Ctrl+C.
Qaytadan urinilmoqda - ish to'xtagan joydan davom etadi.

[1/135] 3-sinf/3-sinf 3-Sinf Ingliz tili.pdf
  ! matn topilmadi (skaner PDF?) - o'tkazildi
[2/135] 3-sinf/3-sinf 3-Sinf Matematika.pdf
  83 ta mavzu (model: haiku)
[3/135] 3-sinf/3-sinf 3-Sinf Musiqa.pdf
  1 ta mavzu (model: haiku)
[4/135] 3-sinf/3-sinf 3-Sinf Odobnoma.pdf
  24 ta mavzu (model: haiku)
[5/135] 3-sinf/3-sinf 3-Sinf Ona tili.pdf

Limit tugadi.
You've hit your session limit · resets 6:40am (Asia/Tashkent)

Limit tiklanishi kutilmoqda: 1 daqiqa. To'xtatish uchun Ctrl+C.
Qaytadan urinilmoqda - ish to'xtagan joydan davom etadi.

[1/135] 3-sinf/3-sinf 3-Sinf Ingliz tili.pdf
  ! matn topilmadi (skaner PDF?) - o'tkazildi
[2/135] 3-sinf/3-sinf 3-Sinf Matematika.pdf
  83 ta mavzu (model: haiku)
[3/135] 3-sinf/3-sinf 3-Sinf Musiqa.pdf
  1 ta mavzu (model: haiku)
[4/135] 3-sinf/3-sinf 3-Sinf Odobnoma.pdf
  24 ta mavzu (model: haiku)
[5/135] 3-sinf/3-sinf 3-Sinf Ona tili.pdf

Limit tugadi.
You've hit your session limit · resets 6:40am (Asia/Tashkent)

Limit tiklanishi kutilmoqda: 1 daqiqa. To'xtatish uchun Ctrl+C.
Qaytadan urinilmoqda - ish to'xtagan joydan davom etadi.

[1/135] 3-sinf/3-sinf 3-Sinf Ingliz tili.pdf
  ! matn topilmadi (skaner PDF?) - o'tkazildi
[2/135] 3-sinf/3-sinf 3-Sinf Matematika.pdf
  83 ta mavzu (model: haiku)
[3/135] 3-sinf/3-sinf 3-Sinf Musiqa.pdf
  1 ta mavzu (model: haiku)
[4/135] 3-sinf/3-sinf 3-Sinf Odobnoma.pdf
  24 ta mavzu (model: haiku)
[5/135] 3-sinf/3-sinf 3-Sinf Ona tili.pdf

Limit tugadi.
You've hit your session limit · resets 6:40am (Asia/Tashkent)

Limit tiklanishi kutilmoqda: 1 daqiqa. To'xtatish uchun Ctrl+C.
Qaytadan urinilmoqda - ish to'xtagan joydan davom etadi.

[1/135] 3-sinf/3-sinf 3-Sinf Ingliz tili.pdf
  ! matn topilmadi (skaner PDF?) - o'tkazildi
[2/135] 3-sinf/3-sinf 3-Sinf Matematika.pdf
  83 ta mavzu (model: haiku)
[3/135] 3-sinf/3-sinf 3-Sinf Musiqa.pdf
  1 ta mavzu (model: haiku)
[4/135] 3-sinf/3-sinf 3-Sinf Odobnoma.pdf
  24 ta mavzu (model: haiku)
[5/135] 3-sinf/3-sinf 3-Sinf Ona tili.pdf

Limit tugadi.
You've hit your session limit · resets 6:40am (Asia/Tashkent)

Limit tiklanishi kutilmoqda: 1 daqiqa. To'xtatish uchun Ctrl+C.
Qaytadan urinilmoqda - ish to'xtagan joydan davom etadi.

[1/135] 3-sinf/3-sinf 3-Sinf Ingliz tili.pdf
  ! matn topilmadi (skaner PDF?) - o'tkazildi
[2/135] 3-sinf/3-sinf 3-Sinf Matematika.pdf
  83 ta mavzu (model: haiku)
[3/135] 3-sinf/3-sinf 3-Sinf Musiqa.pdf
  1 ta mavzu (model: haiku)
[4/135] 3-sinf/3-sinf 3-Sinf Odobnoma.pdf
  24 ta mavzu (model: haiku)
[5/135] 3-sinf/3-sinf 3-Sinf Ona tili.pdf

Limit tugadi.
You've hit your session limit · resets 6:40am (Asia/Tashkent)

Limit tiklanishi kutilmoqda: 1 daqiqa. To'xtatish uchun Ctrl+C.
Qaytadan urinilmoqda - ish to'xtagan joydan davom etadi.

[1/135] 3-sinf/3-sinf 3-Sinf Ingliz tili.pdf
  ! matn topilmadi (skaner PDF?) - o'tkazildi
[2/135] 3-sinf/3-sinf 3-Sinf Matematika.pdf
  83 ta mavzu (model: haiku)
[3/135] 3-sinf/3-sinf 3-Sinf Musiqa.pdf
  1 ta mavzu (model: haiku)
[4/135] 3-sinf/3-sinf 3-Sinf Odobnoma.pdf
  24 ta mavzu (model: haiku)
[5/135] 3-sinf/3-sinf 3-Sinf Ona tili.pdf

Limit tugadi.
You've hit your session limit · resets 6:40am (Asia/Tashkent)

Limit tiklanishi kutilmoqda: 1 daqiqa. To'xtatish uchun Ctrl+C.
Qaytadan urinilmoqda - ish to'xtagan joydan davom etadi.

[1/135] 3-sinf/3-sinf 3-Sinf Ingliz tili.pdf
  ! matn topilmadi (skaner PDF?) - o'tkazildi
[2/135] 3-sinf/3-sinf 3-Sinf Matematika.pdf
  83 ta mavzu (model: haiku)
[3/135] 3-sinf/3-sinf 3-Sinf Musiqa.pdf
  1 ta mavzu (model: haiku)
[4/135] 3-sinf/3-sinf 3-Sinf Odobnoma.pdf
  24 ta mavzu (model: haiku)
[5/135] 3-sinf/3-sinf 3-Sinf Ona tili.pdf

Limit tugadi.
You've hit your session limit · resets 6:40am (Asia/Tashkent)

Limit tiklanishi kutilmoqda: 1 daqiqa. To'xtatish uchun Ctrl+C.
Qaytadan urinilmoqda - ish to'xtagan joydan davom etadi.

[1/135] 3-sinf/3-sinf 3-Sinf Ingliz tili.pdf
  ! matn topilmadi (skaner PDF?) - o'tkazildi
[2/135] 3-sinf/3-sinf 3-Sinf Matematika.pdf
  83 ta mavzu (model: haiku)
[3/135] 3-sinf/3-sinf 3-Sinf Musiqa.pdf
  1 ta mavzu (model: haiku)
[4/135] 3-sinf/3-sinf 3-Sinf Odobnoma.pdf
  24 ta mavzu (model: haiku)
[5/135] 3-sinf/3-sinf 3-Sinf Ona tili.pdf

Limit tugadi.
You've hit your session limit · resets 6:40am (Asia/Tashkent)

Limit tiklanishi kutilmoqda: 1 daqiqa. To'xtatish uchun Ctrl+C.
Qaytadan urinilmoqda - ish to'xtagan joydan davom etadi.

[1/135] 3-sinf/3-sinf 3-Sinf Ingliz tili.pdf
  ! matn topilmadi (skaner PDF?) - o'tkazildi
[2/135] 3-sinf/3-sinf 3-Sinf Matematika.pdf
  83 ta mavzu (model: haiku)
[3/135] 3-sinf/3-sinf 3-Sinf Musiqa.pdf
  1 ta mavzu (model: haiku)
[4/135] 3-sinf/3-sinf 3-Sinf Odobnoma.pdf
  24 ta mavzu (model: haiku)
[5/135] 3-sinf/3-sinf 3-Sinf Ona tili.pdf

Limit tugadi.
You've hit your session limit · resets 6:40am (Asia/Tashkent)

Limit tiklanishi kutilmoqda: 1 daqiqa. To'xtatish uchun Ctrl+C.
Qaytadan urinilmoqda - ish to'xtagan joydan davom etadi.

[1/135] 3-sinf/3-sinf 3-Sinf Ingliz tili.pdf
  ! matn topilmadi (skaner PDF?) - o'tkazildi
[2/135] 3-sinf/3-sinf 3-Sinf Matematika.pdf
  83 ta mavzu (model: haiku)
[3/135] 3-sinf/3-sinf 3-Sinf Musiqa.pdf
  1 ta mavzu (model: haiku)
[4/135] 3-sinf/3-sinf 3-Sinf Odobnoma.pdf
  24 ta mavzu (model: haiku)
[5/135] 3-sinf/3-sinf 3-Sinf Ona tili.pdf

Limit tugadi.
You've hit your session limit · resets 6:40am (Asia/Tashkent)

Limit tiklanishi kutilmoqda: 1 daqiqa. To'xtatish uchun Ctrl+C.
Qaytadan urinilmoqda - ish to'xtagan joydan davom etadi.

[1/135] 3-sinf/3-sinf 3-Sinf Ingliz tili.pdf
  ! matn topilmadi (skaner PDF?) - o'tkazildi
[2/135] 3-sinf/3-sinf 3-Sinf Matematika.pdf
  83 ta mavzu (model: haiku)
[3/135] 3-sinf/3-sinf 3-Sinf Musiqa.pdf
  1 ta mavzu (model: haiku)
[4/135] 3-sinf/3-sinf 3-Sinf Odobnoma.pdf
  24 ta mavzu (model: haiku)
[5/135] 3-sinf/3-sinf 3-Sinf Ona tili.pdf

Limit tugadi.
You've hit your session limit · resets 6:40am (Asia/Tashkent)

Limit tiklanishi kutilmoqda: 1 daqiqa. To'xtatish uchun Ctrl+C.
Qaytadan urinilmoqda - ish to'xtagan joydan davom etadi.

[1/135] 3-sinf/3-sinf 3-Sinf Ingliz tili.pdf
  ! matn topilmadi (skaner PDF?) - o'tkazildi
[2/135] 3-sinf/3-sinf 3-Sinf Matematika.pdf
  83 ta mavzu (model: haiku)
[3/135] 3-sinf/3-sinf 3-Sinf Musiqa.pdf
  1 ta mavzu (model: haiku)
[4/135] 3-sinf/3-sinf 3-Sinf Odobnoma.pdf
  24 ta mavzu (model: haiku)
[5/135] 3-sinf/3-sinf 3-Sinf Ona tili.pdf

Limit tugadi.
You've hit your session limit · resets 6:40am (Asia/Tashkent)

Limit tiklanishi kutilmoqda: 1 daqiqa. To'xtatish uchun Ctrl+C.
Qaytadan urinilmoqda - ish to'xtagan joydan davom etadi.

[1/135] 3-sinf/3-sinf 3-Sinf Ingliz tili.pdf
  ! matn topilmadi (skaner PDF?) - o'tkazildi
[2/135] 3-sinf/3-sinf 3-Sinf Matematika.pdf
  83 ta mavzu (model: haiku)
[3/135] 3-sinf/3-sinf 3-Sinf Musiqa.pdf
  1 ta mavzu (model: haiku)
[4/135] 3-sinf/3-sinf 3-Sinf Odobnoma.pdf
  24 ta mavzu (model: haiku)
[5/135] 3-sinf/3-sinf 3-Sinf Ona tili.pdf

Limit tugadi.
You've hit your session limit · resets 6:40am (Asia/Tashkent)

Limit tiklanishi kutilmoqda: 1 daqiqa. To'xtatish uchun Ctrl+C.
Qaytadan urinilmoqda - ish to'xtagan joydan davom etadi.

[1/135] 3-sinf/3-sinf 3-Sinf Ingliz tili.pdf
  ! matn topilmadi (skaner PDF?) - o'tkazildi
[2/135] 3-sinf/3-sinf 3-Sinf Matematika.pdf
  83 ta mavzu (model: haiku)
[3/135] 3-sinf/3-sinf 3-Sinf Musiqa.pdf
  1 ta mavzu (model: haiku)
[4/135] 3-sinf/3-sinf 3-Sinf Odobnoma.pdf
  24 ta mavzu (model: haiku)
[5/135] 3-sinf/3-sinf 3-Sinf Ona tili.pdf

Limit tugadi.
You've hit your session limit · resets 6:40am (Asia/Tashkent)

Limit tiklanishi kutilmoqda: 1 daqiqa. To'xtatish uchun Ctrl+C.
Qaytadan urinilmoqda - ish to'xtagan joydan davom etadi.

[1/135] 3-sinf/3-sinf 3-Sinf Ingliz tili.pdf
  ! matn topilmadi (skaner PDF?) - o'tkazildi
[2/135] 3-sinf/3-sinf 3-Sinf Matematika.pdf
  83 ta mavzu (model: haiku)
[3/135] 3-sinf/3-sinf 3-Sinf Musiqa.pdf
  1 ta mavzu (model: haiku)
[4/135] 3-sinf/3-sinf 3-Sinf Odobnoma.pdf
  24 ta mavzu (model: haiku)
[5/135] 3-sinf/3-sinf 3-Sinf Ona tili.pdf

Limit tugadi.
You've hit your session limit · resets 6:40am (Asia/Tashkent)

Limit tiklanishi kutilmoqda: 1 daqiqa. To'xtatish uchun Ctrl+C.
Qaytadan urinilmoqda - ish to'xtagan joydan davom etadi.

[1/135] 3-sinf/3-sinf 3-Sinf Ingliz tili.pdf
  ! matn topilmadi (skaner PDF?) - o'tkazildi
[2/135] 3-sinf/3-sinf 3-Sinf Matematika.pdf
  83 ta mavzu (model: haiku)
[3/135] 3-sinf/3-sinf 3-Sinf Musiqa.pdf
  1 ta mavzu (model: haiku)
[4/135] 3-sinf/3-sinf 3-Sinf Odobnoma.pdf
  24 ta mavzu (model: haiku)
[5/135] 3-sinf/3-sinf 3-Sinf Ona tili.pdf

Limit tugadi.
You've hit your session limit · resets 6:40am (Asia/Tashkent)

Limit tiklanishi kutilmoqda: 1 daqiqa. To'xtatish uchun Ctrl+C.
Qaytadan urinilmoqda - ish to'xtagan joydan davom etadi.

[1/135] 3-sinf/3-sinf 3-Sinf Ingliz tili.pdf
  ! matn topilmadi (skaner PDF?) - o'tkazildi
[2/135] 3-sinf/3-sinf 3-Sinf Matematika.pdf
  83 ta mavzu (model: haiku)
[3/135] 3-sinf/3-sinf 3-Sinf Musiqa.pdf
  1 ta mavzu (model: haiku)
[4/135] 3-sinf/3-sinf 3-Sinf Odobnoma.pdf
  24 ta mavzu (model: haiku)
[5/135] 3-sinf/3-sinf 3-Sinf Ona tili.pdf

Limit tugadi.
You've hit your session limit · resets 6:40am (Asia/Tashkent)

Limit tiklanishi kutilmoqda: 1 daqiqa. To'xtatish uchun Ctrl+C.
Qaytadan urinilmoqda - ish to'xtagan joydan davom etadi.

[1/135] 3-sinf/3-sinf 3-Sinf Ingliz tili.pdf
  ! matn topilmadi (skaner PDF?) - o'tkazildi
[2/135] 3-sinf/3-sinf 3-Sinf Matematika.pdf
  83 ta mavzu (model: haiku)
[3/135] 3-sinf/3-sinf 3-Sinf Musiqa.pdf
  1 ta mavzu (model: haiku)
[4/135] 3-sinf/3-sinf 3-Sinf Odobnoma.pdf
  24 ta mavzu (model: haiku)
[5/135] 3-sinf/3-sinf 3-Sinf Ona tili.pdf

Limit tugadi.
You've hit your session limit · resets 6:40am (Asia/Tashkent)

Limit tiklanishi kutilmoqda: 1 daqiqa. To'xtatish uchun Ctrl+C.
Qaytadan urinilmoqda - ish to'xtagan joydan davom etadi.

[1/135] 3-sinf/3-sinf 3-Sinf Ingliz tili.pdf
  ! matn topilmadi (skaner PDF?) - o'tkazildi
[2/135] 3-sinf/3-sinf 3-Sinf Matematika.pdf
  83 ta mavzu (model: haiku)
[3/135] 3-sinf/3-sinf 3-Sinf Musiqa.pdf
  1 ta mavzu (model: haiku)
[4/135] 3-sinf/3-sinf 3-Sinf Odobnoma.pdf
  24 ta mavzu (model: haiku)
[5/135] 3-sinf/3-sinf 3-Sinf Ona tili.pdf

Limit tugadi.
You've hit your session limit · resets 6:40am (Asia/Tashkent)

Limit tiklanishi kutilmoqda: 1 daqiqa. To'xtatish uchun Ctrl+C.
Qaytadan urinilmoqda - ish to'xtagan joydan davom etadi.

[1/135] 3-sinf/3-sinf 3-Sinf Ingliz tili.pdf
  ! matn topilmadi (skaner PDF?) - o'tkazildi
[2/135] 3-sinf/3-sinf 3-Sinf Matematika.pdf
  83 ta mavzu (model: haiku)
[3/135] 3-sinf/3-sinf 3-Sinf Musiqa.pdf
  1 ta mavzu (model: haiku)
[4/135] 3-sinf/3-sinf 3-Sinf Odobnoma.pdf
  24 ta mavzu (model: haiku)
[5/135] 3-sinf/3-sinf 3-Sinf Ona tili.pdf

Limit tugadi.
You've hit your session limit · resets 6:40am (Asia/Tashkent)

Limit tiklanishi kutilmoqda: 1 daqiqa. To'xtatish uchun Ctrl+C.
Qaytadan urinilmoqda - ish to'xtagan joydan davom etadi.

[1/135] 3-sinf/3-sinf 3-Sinf Ingliz tili.pdf
  ! matn topilmadi (skaner PDF?) - o'tkazildi
[2/135] 3-sinf/3-sinf 3-Sinf Matematika.pdf
  83 ta mavzu (model: haiku)
[3/135] 3-sinf/3-sinf 3-Sinf Musiqa.pdf
  1 ta mavzu (model: haiku)
[4/135] 3-sinf/3-sinf 3-Sinf Odobnoma.pdf
  24 ta mavzu (model: haiku)
[5/135] 3-sinf/3-sinf 3-Sinf Ona tili.pdf

Limit tugadi.
You've hit your session limit · resets 6:40am (Asia/Tashkent)

Limit tiklanishi kutilmoqda: 1 daqiqa. To'xtatish uchun Ctrl+C.
Qaytadan urinilmoqda - ish to'xtagan joydan davom etadi.

[1/135] 3-sinf/3-sinf 3-Sinf Ingliz tili.pdf
  ! matn topilmadi (skaner PDF?) - o'tkazildi
[2/135] 3-sinf/3-sinf 3-Sinf Matematika.pdf
  83 ta mavzu (model: haiku)
[3/135] 3-sinf/3-sinf 3-Sinf Musiqa.pdf
  1 ta mavzu (model: haiku)
[4/135] 3-sinf/3-sinf 3-Sinf Odobnoma.pdf
  24 ta mavzu (model: haiku)
[5/135] 3-sinf/3-sinf 3-Sinf Ona tili.pdf

Limit tugadi.
You've hit your session limit · resets 6:40am (Asia/Tashkent)

Limit tiklanishi kutilmoqda: 1 daqiqa. To'xtatish uchun Ctrl+C.
Qaytadan urinilmoqda - ish to'xtagan joydan davom etadi.

[1/135] 3-sinf/3-sinf 3-Sinf Ingliz tili.pdf
  ! matn topilmadi (skaner PDF?) - o'tkazildi
[2/135] 3-sinf/3-sinf 3-Sinf Matematika.pdf
  83 ta mavzu (model: haiku)
[3/135] 3-sinf/3-sinf 3-Sinf Musiqa.pdf
  1 ta mavzu (model: haiku)
[4/135] 3-sinf/3-sinf 3-Sinf Odobnoma.pdf
  24 ta mavzu (model: haiku)
[5/135] 3-sinf/3-sinf 3-Sinf Ona tili.pdf

Limit tugadi.
You've hit your session limit · resets 6:40am (Asia/Tashkent)

Limit tiklanishi kutilmoqda: 1 daqiqa. To'xtatish uchun Ctrl+C.
Qaytadan urinilmoqda - ish to'xtagan joydan davom etadi.

[1/135] 3-sinf/3-sinf 3-Sinf Ingliz tili.pdf
  ! matn topilmadi (skaner PDF?) - o'tkazildi
[2/135] 3-sinf/3-sinf 3-Sinf Matematika.pdf
  83 ta mavzu (model: haiku)
[3/135] 3-sinf/3-sinf 3-Sinf Musiqa.pdf
  1 ta mavzu (model: haiku)
[4/135] 3-sinf/3-sinf 3-Sinf Odobnoma.pdf
  24 ta mavzu (model: haiku)
[5/135] 3-sinf/3-sinf 3-Sinf Ona tili.pdf

Limit tugadi.
You've hit your session limit · resets 6:40am (Asia/Tashkent)

Limit tiklanishi kutilmoqda: 1 daqiqa. To'xtatish uchun Ctrl+C.
Qaytadan urinilmoqda - ish to'xtagan joydan davom etadi.

[1/135] 3-sinf/3-sinf 3-Sinf Ingliz tili.pdf
  ! matn topilmadi (skaner PDF?) - o'tkazildi
[2/135] 3-sinf/3-sinf 3-Sinf Matematika.pdf
  83 ta mavzu (model: haiku)
[3/135] 3-sinf/3-sinf 3-Sinf Musiqa.pdf
  1 ta mavzu (model: haiku)
[4/135] 3-sinf/3-sinf 3-Sinf Odobnoma.pdf
  24 ta mavzu (model: haiku)
[5/135] 3-sinf/3-sinf 3-Sinf Ona tili.pdf

Limit tugadi.
You've hit your session limit · resets 6:40am (Asia/Tashkent)

Limit tiklanishi kutilmoqda: 1 daqiqa. To'xtatish uchun Ctrl+C.
Qaytadan urinilmoqda - ish to'xtagan joydan davom etadi.

[1/135] 3-sinf/3-sinf 3-Sinf Ingliz tili.pdf
  ! matn topilmadi (skaner PDF?) - o'tkazildi
[2/135] 3-sinf/3-sinf 3-Sinf Matematika.pdf
  83 ta mavzu (model: haiku)
[3/135] 3-sinf/3-sinf 3-Sinf Musiqa.pdf
  1 ta mavzu (model: haiku)
[4/135] 3-sinf/3-sinf 3-Sinf Odobnoma.pdf
  24 ta mavzu (model: haiku)
[5/135] 3-sinf/3-sinf 3-Sinf Ona tili.pdf

Limit tugadi.
You've hit your session limit · resets 6:40am (Asia/Tashkent)

Limit tiklanishi kutilmoqda: 1 daqiqa. To'xtatish uchun Ctrl+C.
Qaytadan urinilmoqda - ish to'xtagan joydan davom etadi.

[1/135] 3-sinf/3-sinf 3-Sinf Ingliz tili.pdf
  ! matn topilmadi (skaner PDF?) - o'tkazildi
[2/135] 3-sinf/3-sinf 3-Sinf Matematika.pdf
  83 ta mavzu (model: haiku)
[3/135] 3-sinf/3-sinf 3-Sinf Musiqa.pdf
  1 ta mavzu (model: haiku)
[4/135] 3-sinf/3-sinf 3-Sinf Odobnoma.pdf
  24 ta mavzu (model: haiku)
[5/135] 3-sinf/3-sinf 3-Sinf Ona tili.pdf

Limit tugadi.
You've hit your session limit · resets 6:40am (Asia/Tashkent)

Limit tiklanishi kutilmoqda: 1 daqiqa. To'xtatish uchun Ctrl+C.
Qaytadan urinilmoqda - ish to'xtagan joydan davom etadi.

[1/135] 3-sinf/3-sinf 3-Sinf Ingliz tili.pdf
  ! matn topilmadi (skaner PDF?) - o'tkazildi
[2/135] 3-sinf/3-sinf 3-Sinf Matematika.pdf
  83 ta mavzu (model: haiku)
[3/135] 3-sinf/3-sinf 3-Sinf Musiqa.pdf
  1 ta mavzu (model: haiku)
[4/135] 3-sinf/3-sinf 3-Sinf Odobnoma.pdf
  24 ta mavzu (model: haiku)
[5/135] 3-sinf/3-sinf 3-Sinf Ona tili.pdf

Limit tugadi.
You've hit your session limit · resets 6:40am (Asia/Tashkent)

Limit tiklanishi kutilmoqda: 1 daqiqa. To'xtatish uchun Ctrl+C.
Qaytadan urinilmoqda - ish to'xtagan joydan davom etadi.

[1/135] 3-sinf/3-sinf 3-Sinf Ingliz tili.pdf
  ! matn topilmadi (skaner PDF?) - o'tkazildi
[2/135] 3-sinf/3-sinf 3-Sinf Matematika.pdf
  83 ta mavzu (model: haiku)
[3/135] 3-sinf/3-sinf 3-Sinf Musiqa.pdf
  1 ta mavzu (model: haiku)
[4/135] 3-sinf/3-sinf 3-Sinf Odobnoma.pdf
  24 ta mavzu (model: haiku)
[5/135] 3-sinf/3-sinf 3-Sinf Ona tili.pdf
  ! mavzular aniqlanmadi - o'tkazildi (keyingi safar qayta urinadi)
[6/135] 3-sinf/3-sinf 3-Sinf O‘qish.pdf
  77 ta mavzu (model: haiku)
[7/135] 3-sinf/3-sinf 3-Sinf Rus tili.pdf
  24 ta mavzu (model: haiku)
[8/135] 3-sinf/3-sinf 3-Sinf Tabiatshunoslik.pdf
  41 ta mavzu (model: haiku)
[9/135] 3-sinf/3-sinf 3-Sinf Tarbiya.pdf
  20 ta mavzu (model: haiku)
[10/135] 3-sinf/3-sinf 3-Sinf Tasviriy san’at.pdf
  28 ta mavzu (model: haiku)
[11/135] 3-sinf/3-sinf 3-Sinf Texnologiya.pdf
  30 ta mavzu (model: haiku)
[12/135] 4-sinf/4-sinf 4-Sinf Ingliz tili.pdf
  ! matn topilmadi (skaner PDF?) - o'tkazildi
[13/135] 4-sinf/4-sinf 4-Sinf Matematika.pdf
  28 ta mavzu (model: haiku)
[14/135] 4-sinf/4-sinf 4-Sinf Musiqa.pdf
  27 ta mavzu (model: haiku)
[15/135] 4-sinf/4-sinf 4-Sinf Odobnoma.pdf
  36 ta mavzu (model: haiku)
[16/135] 4-sinf/4-sinf 4-Sinf Ona tili.pdf
  17 ta mavzu (model: haiku)
[17/135] 4-sinf/4-sinf 4-Sinf O‘qish (metodika).pdf
  23 ta mavzu (model: haiku)
[18/135] 4-sinf/4-sinf 4-Sinf O‘qish.pdf
  36 ta mavzu (model: haiku)
    [6/36] QOVUN SAYLI - 30 ta
[19/135] 4-sinf/4-sinf 4-Sinf Rus tili.pdf
  42 ta mavzu (model: haiku)
[20/135] 4-sinf/4-sinf 4-Sinf Tabiatshunoslik.pdf
  33 ta mavzu (model: haiku)
    [16/33] O'simlik va hayvonot olami - 29 ta
    [15/33] Suv havzalari - 30 ta
    [14/33] Amaliy mashg'ulot. O'zbekiston respublikasining tabiiy xaritasi bilan ishlash - 30 ta
    [17/33] Tabiiat zonalari - 30 ta
    [18/33] O'zbekiston cho'llari tabiati - 30 ta
    [20/33] Tog' yonbag'irlari tabiati - 29 ta
    [19/33] O'zbekiston adirlari tabiati - 30 ta
    [21/33] O'rmonlar - 30 ta
    [22/33] O'zbekiston tabiatini muhofaza qilish - 29 ta
    [24/33] Amaliy mashg'ulot. Suvlarni muhofaza qilishni o'rganish - 30 ta
    [23/33] O'zbekiston qo'riqxonalari - 30 ta
    [25/33] Vatanimiz xaritasi yonida - 30 ta
    [27/33] Namangan viloyati - 30 ta
    [26/33] Toshkent shahri va Toshkent viloyati - 30 ta
    [28/33] Farg'ona viloyati - 29 ta
    [30/33] Qashqadaryo va Surxondaryo viloyatlari - 28 ta
    [29/33] Sirdaryo, Jizzax va Samarqand viloyatlari - 30 ta
    [31/33] Buxoro va Navoiy viloyatlari - 30 ta
    ! tejamkor rejim bu kompyuterda ishlamadi - oddiy rejimga o'tildi
    [32/33] Qoraqalpog'iston Respublikasi va Xorazm viloyati - 30 ta
    [33/33] Amaliy mashg'ulot. O'z yashash joyi tabiati, tabiat yodgorliklari va madaniy yodgorliklarini o'rganish - 30 ta
[21/135] 4-sinf/4-sinf 4-Sinf Tasviriy san’at.pdf
  23 ta mavzu (model: haiku)
    [2/23] «QOVUN VA ANOR» MAVZUSIDA NATYURMORT ISHLASH - 30 ta
    [3/23] «QOVUN SAYLIDA» MAVZUSIDA KOMPOZITSIYA ISHLASH - 30 ta
    [1/23] TASVIRIY SAN'ATNING TURLARI VA JANRLARI - 29 ta
    [6/23] KUB RASMINI CHIZISH - 30 ta
    [4/23] «RAQQOSA» HAYKALINI ISHLASH - 30 ta
    [5/23] «KUZGI GULLAR» MAVZUSIDA RASM ISHLASH - 30 ta
    [7/23] 1-NAZORAT ISHI - 30 ta
    [8/23] «QUSHLAR HAYOTI» MAVZUSIDA KOMPOZITSIYA ISHLASH - 29 ta
    [10/23] KVADRAT SHAKLIDA NAQSH ISHLASH - 30 ta
    [9/23] «O'ZBEKISTON ME'MORIY YODGORLIKLARI» MAVZUSIDA SUHBAT - 30 ta
    [11/23] «SPORT O'YINLARI» MAVZUSIDA KOMPOZITSIYA ISHLASH - 30 ta
    [13/23] DOIRA SHAKLIDA NAQSH ISHLASH - 30 ta
    [12/23] «QISH KELDI» MAVZUSIDA RASM ISHLASH - 30 ta
    [15/23] «UR, TO'QMOQ» ERTAGI ASOSIDA ILLUSTRATSIYA ISHLASH - 30 ta
    [16/23] «HARAKATLANAYOTGAN ROBOT» MAVZUSIDA KOMPOZITSIYA ISHLASH - 30 ta
    [14/23] «TUYA BILAN BO'TALOQ» MAVZUSIDA HAYKAL ISHLASH - 30 ta
    [17/23] «FUTBOLCHI» MAVZUSIDA HAYKAL ISHLASH - 29 ta
    [18/23] «TOG'DA BAHOR» MAVZUSIDA KOMPOZITSIYA ISHLASH - 30 ta
    [19/23] 3-NAZORAT ISHI - 28 ta
    [20/23] «BAHOR GULLARI» MAVZUSIDA KOMPOZITSIYA ISHLASH - 29 ta
    [21/23] «BOKSCHI» MAVZUSIDA HAYKAL ISHLASH - 30 ta
    [22/23] «POYGA» MAVZUSIDA RASM ISHLASH - 30 ta
    [23/23] «BO'RI BILAN TURNA» MASALIGA ILLUSTRATSIYA ISHLASH - 30 ta
[22/135] 4-sinf/4-sinf 4-Sinf Texnologiya.pdf
  49 ta mavzu (model: haiku)
    [3/49] KUCHUKCHA YASASH - 30 ta
    [1/49] KIRISH - 29 ta
    [2/49] QOG'OZNI BUKLASH USULLARI - 30 ta
    xato: Expecting value: line 1 column 1 (char 0)
    ! [6] KUZGI BARGLARDAN GUL YASASH - o'tkazildi
    [4/49] QOG'OZDAN POYGA AVTOMOBIL MODELINI YASASH - 29 ta
    [5/49] TABIIY MATERIALLARDAN APPLIKATSIYA USULIDA GUL YASASH - 30 ta
    [7/49] OSHXONA JIHOZLARI BILAN TANISHTIRISH VA YASASH - 30 ta
    [8/49] UY-RO'ZG'OR BUYUMLARI BILAN TANISHTIRISH VA YASASH - 29 ta
    [9/49] PAZANDACHILIKDA TAYYORLANADIGAN XAMIR TURLARI - 29 ta
    [11/49] QOG'OZDAN PAPYE-MASHE USULIDA BUYUMLAR YASASH - 30 ta
    [10/49] QOG'OZDAN CHUCHVARA YASASH - 30 ta
    [12/49] SOMONDAN HAJMLI O'YINCHOQLAR YASASH - 29 ta
    [13/49] SOMONDAN APPLIKATSIYA USULIDA PEYZAJ TAYYORLASH - 30 ta
    [14/49] SUVDA HARAKATLANADIGAN TRANSPORT YASASH (KATAMARAN) - 30 ta
    xato: Expecting value: line 1 column 1 (char 0)
    xato: Expecting value: line 1 column 1 (char 0)
    ! [17] POLIMER MATERIALLARDAN O'YINCHOQ YASASH - o'tkazildi
    [16/49] UCHUVCHI MODELINI YASASH - 30 ta
    [15/49] QIZIL YELKANLI KEMA YASASH - 30 ta
    [18/49] QORBOBO USTAXONASIDA ARCHA BEZAGINI YASASH - 29 ta
    [20/49] SHAR SHAKLIDA ARCHA O'YINCHOG'I YASASH - 30 ta
    [19/49] ARCHANI BEZATISH UCHUN MARJON YASASH - 30 ta
    [21/49] QOG'OZDAN ARCHA YASASH - 30 ta
    [22/49] TABRIKNOMA YASASH - 29 ta
    [23/49] ERTAK QAHRAMONLARINI YASASH - 30 ta
    [25/49] IPDAN O'YINCHOQ YASASH - 30 ta
    [24/49] PLASTILINDAN SAVAT KO'TARGAN TULKI YASASH - 30 ta
    [28/49] BEZAKLI O'YINCHOQ YOSTIQ TIKISH - 30 ta
    [27/49] MATODAN YUMSHOQ O'YINCHOQ TIKISH - 30 ta
    xato: Expecting value: line 1 column 1 (char 0)
    xato: Expecting value: line 1 column 1 (char 0)
    ! [29] O'YINCHOQ TIKISH (Uyda mustaqil ishlash uchun) - o'tkazildi
    [26/49] IPDAN SAKKIZOYOQ YASASH - 30 ta
    [30/49] YUK MASHINASI MODELINI YASASH - 30 ta
    [33/49] BAYRAM TABRIKNOMASINI YASASH - 29 ta
    [31/49] AVTOMOBIL MODELINI YASASH - 30 ta
    [34/49] NAVRO'Z BAYRAMIGA TABRIKNOMA YASASH - 30 ta
    [32/49] 8-MART BAYRAMIGA TABRIKNOMA - 29 ta
    [36/49] TIKUVCHILIK - 29 ta
    [35/49] "GULZOR" MANZARASINI KVILLING USULIDA ISHLASH - 30 ta
    [37/49] GAZLAMADAN GUL PANNOSINI YASASH - 29 ta
    [38/49] TO'QISH HAQIDA MA'LUMOT - 30 ta
    [39/49] ILGAKDA TO'QISH - 30 ta
    [40/49] TUXUM PO'CHOG'IDAN IJODIY ISHLAR - 30 ta
    [41/49] QISH MANZARASINI TASVIRLASH - 30 ta
    [43/49] TABRIKNOMA TAYYORLASH - 30 ta
    [44/49] SAVAT VA GULLAR YASASH - 30 ta
    [45/49] GULDASTA YASASH - 30 ta
    [42/49] APPLIKATSIYA USULIDA BAHOR MANZARASINI YASASH - 30 ta
    [46/49] QOG'OZDAN KABUTAR YASASH - 29 ta
    [48/49] QOG'OZDAN XO'ROZ YASASH - 30 ta
    [49/49] QUSH POLAPONINI TO'QISH - 29 ta
    [47/49] QOG'OZDAN OQQUSH YASASH - 30 ta
[23/135] 5-sinf/5-sinf 5-Sinf Adabiyot.pdf
  22 ta mavzu (model: haiku)
    [2/22] Hikmat durdonalari - Maqollar - 29 ta
    [3/22] Topishmoqlar - 30 ta
    [1/22] Adabiyot – so'z san'ati - 28 ta
    [4/22] Imom Buxoriy - 30 ta
    [5/22] Ezop - 30 ta
    [6/22] Ertaklar olamida - Uch o'g'a-ini botirlar ertagi - 29 ta
    [7/22] Hamid Olimjon - Oygul bilan Baxtiyor - 30 ta
    [10/22] Mirkarim Osim - Bolalikning beg'ubor olami - 30 ta
    [8/22] Aka-uka Grimmlar - Botir tikuvchi - 30 ta
    [9/22] Ertaklar olamida bo'limi yuzasidan takrorlash - 30 ta
    [12/22] Mirtemir - 29 ta
    [11/22] Oybek - Bolaning ko'ngli poshsho - 30 ta
    [14/22] Bolalikning beg'ubor olami bo'limi yuzasidan takrorlash - 29 ta
    [13/22] O'tkir Hoshimov - Dunyoning ishlari - 30 ta
    [17/22] Muhammad Aminxo'ja Muqimiy - Sayohatnoma - 30 ta
    [16/22] Zahiriddin Muhammad Bobur - 29 ta
    [15/22] Alisher Navoi - Mumtoz adabiyot bo'stoni - 30 ta
    [19/22] Abdulla Avloniy - Vatanni sevmoq imondandir - 30 ta
    [20/22] Erkin Vohidov - Nido dostoni - 29 ta
    [18/22] Sa'diy Sheroziiy - 30 ta
    [21/22] Abdulla Oripov - 29 ta
    [22/22] Nodar Dumbazo - 30 ta
[24/135] 5-sinf/5-sinf 5-Sinf Biologiya.pdf
  13 ta mavzu (model: haiku)
    [1/13] 1-§. Biologiya – hayot haqidagi fan - 29 ta
    [2/13] 1-laboratoriya mashg'uloti - 30 ta
    [3/13] Hujayra va to'qima - 29 ta
    [4/13] Bakteriyalar - 30 ta
    [6/13] Suvo'tlar - 30 ta
    [5/13] Zamburug'lar - 30 ta
    [7/13] Yuksak o'simliklar - 30 ta
    [9/13] Umurtqasiz hayvonlar - 29 ta
    [10/13] Hayvonlarning hayot sikli - 30 ta
    [11/13] Umurtqali hayvonlar - 29 ta
    [8/13] Xona o'simliklari va dorivor o'simliklari - 29 ta
    [12/13] Odamning tuzilishi va funktsiyalari - 30 ta
    [13/13] 16-§. Ekologik omillar - 30 ta
[25/135] 5-sinf/5-sinf 5-Sinf Geografiya.pdf
  23 ta mavzu (model: haiku)
    [2/23] 2-§. Geografik kashfiyotlar va hozirgi zamon geografiyasi - 28 ta
    [1/23] 1-§. Kirish. Geografiya nimani o'rganadi? - 29 ta
    [3/23] 3-§. Quyosh, Oy va yulduzlar - 29 ta
    [5/23] 5-§. Yerning o'z o'qi vа Quyosh аtrоfidA аylаnishi - 30 ta
    [6/23] 6-§. Geografik xaritalar - 30 ta
    [4/23] 4-§. Yerning shаkli vа o'lchаmlаri - 30 ta
    [7/23] 7-§. Joy balandligi - 30 ta
    [8/23] 8-§. Masshtab - 28 ta
    [9/23] 9-§. Geografik xaritallar - 30 ta
    [11/23] 12-§. Amaliy mashg'ulot - 30 ta
    [10/23] 11-§. Geografik koordinatalar - 30 ta
    [12/23] 13-14-§. Yerning tuzilishi va qobiqlar - 30 ta
    [14/23] 16-§. Yer yuzasi relyefining asosiy shakllari - 30 ta
    [13/23] 15-§. Yer po'stining harakatlari - 30 ta
    [15/23] 17-§. Gidrosferaning tarkibi. Dunyo okeani - 30 ta
    [17/23] 22-§. Havo harorati - 30 ta
    [16/23] 21-§. Atmosferaning tuzilishi - 30 ta
    [18/23] 23-§. Amaliy mashg'ulot - 30 ta
    xato: Expecting ',' delimiter: line 26 column 218 (char 6326)
    [20/23] 25-§. Havoning namligi va yog'inlar - 30 ta
    [21/23] 26-§. Amaliy mashg'ulot - 30 ta
    [19/23] 24-§. Shamol - 30 ta
    [22/23] 27-§. Ob-havo va iqlim - 30 ta
    [23/23] 28-§. Yerning hayot qobig'i — biosfera - 29 ta
[26/135] 5-sinf/5-sinf 5-Sinf Informatika.pdf
  32 ta mavzu (model: haiku)
    [1/32] 1-dars. Kompyuter xonasida xavfsizlik texnikasi qoidalari va sanitariya-gigiyena talablari - 30 ta
    [2/32] 2-dars. Informatika fani haqida - 30 ta
    [3/32] 3-dars. Axborot va raqamli texnologiyalar - 30 ta
    [5/32] 5-dars. Amaliy mashg'ulot - 30 ta
    [4/32] 4-dars. Axborotni kodlash. Axborot o'lchov birliklari - 30 ta
    xato: Expecting ',' delimiter: line 31 column 260 (char 7741)
    [7/32] 7-dars. Kompyuterning qo'shimcha qurilmalari - 29 ta
    [8/32] 8-dars. Klaviatura va sichqoncha bilan ishlash ko'nikmalari - 30 ta
    [6/32] 6-dars. Kompyuter va uning tuzilishi - 30 ta
    [10/32] 10-dars. Kompyuterni boshqaruvchi dasturlar - 30 ta
    [11/32] 11-dars. Fayl va papka tushunchasi - 30 ta
    [9/32] 9-dars. Klaviatura trenajyorlari va yumuq ko'zlar usulida matn terish mashqlari - 29 ta
    [12/32] 12-dars. Amaliy mashg'ulot. Fayl va papkalar hosil qilish va amallar bajarish - 29 ta
    [14/32] 14-dars. Hujjatlarni formatlash uskunalari - 29 ta
    [13/32] 13-dars. Matn protsessori dasturi va uning interfeysi - 30 ta
    [15/32] 15-dars. Matn protsessori dasturida hujjat yaratish va tahrirlash - 30 ta
    [16/32] 16-dars. Hujjatlarda rasmlar bilan ishlash - 30 ta
    [17/32] 17-dars. Hujjatlarda jadvallar bilan ishlash - 30 ta
    [18/32] 18-dars. WordArt obyekti va sarvaraq (titul) yaratish - 29 ta
    [20/32] 21-dars. Grafik muharrirlarida sodda tasvirlar yaratish - 30 ta
    [19/32] 20-dars. Grafik muharrir interfeysi va uskunalar paneli - 28 ta
    [21/32] 22-dars. Grafik muharrirlarida matn bilan ishlash - 30 ta
    [22/32] 23-dars. Grafik muharrirlarida sohani belgilash amallari - 30 ta
    [23/32] 24-dars. Qatlamlar bilan ishlash - 29 ta
    [24/32] 25-dars. Grafik muharrirlarida foto va rasmlarni qayta ishlash - 29 ta
    [25/32] 27-dars. Scratch dasturlash muhiti - 30 ta
    [26/32] 28-dars. Spraytlar bilan ishlash - 30 ta
    [29/32] 31-dars. Ovoz va matn bilan ishlash - 30 ta
    [28/32] 30-dars. Sprayt liboslari (kostyumlari)ni almashtirish - 30 ta
    [27/32] 29-dars. Sodda animatsiya dasturini yaratish - 30 ta
    [32/32] 34-dars. Nazorat ishi - 29 ta
    [30/32] 32-dars. Scratch dasturida shakllar yaratish - 30 ta
    [31/32] 33-dars. Scratch muhitida sodda multfilmlar yaratish - 30 ta
[27/135] 5-sinf/5-sinf 5-Sinf Ingliz tili.pdf
  13 ta mavzu (model: haiku)
    [1/13] UNIT 1 All about me - 30 ta
    [2/13] UNIT 2 At home and at work - 30 ta
    [3/13] UNIT 3 What do you look like? - 30 ta
    [4/13] UNIT 4 My school life - 29 ta
    [5/13] UNIT 5 I like English. Do you? - 29 ta
    [6/13] UNIT 6 In the classroom - 30 ta
    [7/13] UNIT 7 My day - 30 ta
    [8/13] UNIT 8 Things I like - 30 ta
    [9/13] UNIT 9 Furry friends - 29 ta
    [10/13] UNIT 10 Wildlife - 30 ta
    [13/13] UNIT 13 Spring holidays - 30 ta
    [11/13] UNIT 11 Seasons - 29 ta
    [12/13] UNIT 12 The weather - 30 ta
[28/135] 5-sinf/5-sinf 5-Sinf Matematika (1-qism).pdf
  36 ta mavzu (model: haiku)
    [3/36] Kesma - 30 ta
    [1/36] Natural sonlar va nol - 30 ta
    [2/36] Sodda geometrik shakllar - 30 ta
    [4/36] Uzunlik o'lchov birliklari - 30 ta
    [5/36] Shkalalar va sonlar nurida - 30 ta
    [7/36] Natural sonlarni yaxmlash - 30 ta
    [6/36] Natural sonlarni taqqoslash - 30 ta
    [8/36] Natural sonlarni qo'shish - 30 ta
    [9/36] Natural sonlarni ayirish - 30 ta
    [11/36] Matematik masala va tenglamalar - 30 ta
    [10/36] Sonli va harfli ifodalalar - 30 ta
    [12/36] To'g'ri va teskari masalalar - 30 ta
    [14/36] Natural sonlarni ko'paytirish - 30 ta
    [13/36] Takrorlashga doir masalalar - 30 ta
    [15/36] Natural sonlarni bo'lish - 30 ta
    [16/36] Qoldiqli bo'lish - 30 ta
    [17/36] Ko'paytirishning taqsimot qonuni - 30 ta

Limit tugadi.
You've hit your session limit · resets 11:40am (Asia/Tashkent)

Limit tiklanishi kutilmoqda: 1 daqiqa. To'xtatish uchun Ctrl+C.
Qaytadan urinilmoqda - ish to'xtagan joydan davom etadi.

[1/135] 3-sinf/3-sinf 3-Sinf Ingliz tili.pdf
  ! matn topilmadi (skaner PDF?) - o'tkazildi
[2/135] 3-sinf/3-sinf 3-Sinf Matematika.pdf
  83 ta mavzu (model: haiku)
[3/135] 3-sinf/3-sinf 3-Sinf Musiqa.pdf
  1 ta mavzu (model: haiku)
[4/135] 3-sinf/3-sinf 3-Sinf Odobnoma.pdf
  24 ta mavzu (model: haiku)
[5/135] 3-sinf/3-sinf 3-Sinf Ona tili.pdf

Limit tugadi.
You've hit your session limit · resets 11:40am (Asia/Tashkent)

Limit tiklanishi kutilmoqda: 1 daqiqa. To'xtatish uchun Ctrl+C.
Qaytadan urinilmoqda - ish to'xtagan joydan davom etadi.

[1/135] 3-sinf/3-sinf 3-Sinf Ingliz tili.pdf
  ! matn topilmadi (skaner PDF?) - o'tkazildi
[2/135] 3-sinf/3-sinf 3-Sinf Matematika.pdf
  83 ta mavzu (model: haiku)
[3/135] 3-sinf/3-sinf 3-Sinf Musiqa.pdf
  1 ta mavzu (model: haiku)
[4/135] 3-sinf/3-sinf 3-Sinf Odobnoma.pdf
  24 ta mavzu (model: haiku)
[5/135] 3-sinf/3-sinf 3-Sinf Ona tili.pdf

Limit tugadi.
You've hit your session limit · resets 11:40am (Asia/Tashkent)

Limit tiklanishi kutilmoqda: 1 daqiqa. To'xtatish uchun Ctrl+C.
Qaytadan urinilmoqda - ish to'xtagan joydan davom etadi.

[1/135] 3-sinf/3-sinf 3-Sinf Ingliz tili.pdf
  ! matn topilmadi (skaner PDF?) - o'tkazildi
[2/135] 3-sinf/3-sinf 3-Sinf Matematika.pdf
  83 ta mavzu (model: haiku)
[3/135] 3-sinf/3-sinf 3-Sinf Musiqa.pdf
  1 ta mavzu (model: haiku)
[4/135] 3-sinf/3-sinf 3-Sinf Odobnoma.pdf
  24 ta mavzu (model: haiku)
[5/135] 3-sinf/3-sinf 3-Sinf Ona tili.pdf

Limit tugadi.
You've hit your session limit · resets 11:40am (Asia/Tashkent)
Client.listTools() called but server does not advertise tools capability - returning empty list
Client.listTools() called but server does not advertise tools capability - returning empty list

Limit tiklanishi kutilmoqda: 1 daqiqa. To'xtatish uchun Ctrl+C.
Qaytadan urinilmoqda - ish to'xtagan joydan davom etadi.

[1/135] 3-sinf/3-sinf 3-Sinf Ingliz tili.pdf
  ! matn topilmadi (skaner PDF?) - o'tkazildi
[2/135] 3-sinf/3-sinf 3-Sinf Matematika.pdf
  83 ta mavzu (model: haiku)
[3/135] 3-sinf/3-sinf 3-Sinf Musiqa.pdf
  1 ta mavzu (model: haiku)
[4/135] 3-sinf/3-sinf 3-Sinf Odobnoma.pdf
  24 ta mavzu (model: haiku)
[5/135] 3-sinf/3-sinf 3-Sinf Ona tili.pdf

Limit tugadi.
You've hit your session limit · resets 11:40am (Asia/Tashkent)
Client.listTools() called but server does not advertise tools capability - returning empty list

Limit tiklanishi kutilmoqda: 1 daqiqa. To'xtatish uchun Ctrl+C.
Qaytadan urinilmoqda - ish to'xtagan joydan davom etadi.

[1/135] 3-sinf/3-sinf 3-Sinf Ingliz tili.pdf
  ! matn topilmadi (skaner PDF?) - o'tkazildi
[2/135] 3-sinf/3-sinf 3-Sinf Matematika.pdf
  83 ta mavzu (model: haiku)
[3/135] 3-sinf/3-sinf 3-Sinf Musiqa.pdf
  1 ta mavzu (model: haiku)
[4/135] 3-sinf/3-sinf 3-Sinf Odobnoma.pdf
  24 ta mavzu (model: haiku)
[5/135] 3-sinf/3-sinf 3-Sinf Ona tili.pdf

Limit tugadi.
You've hit your session limit · resets 11:40am (Asia/Tashkent)
Client.listTools() called but server does not advertise tools capability - returning empty list

Limit tiklanishi kutilmoqda: 1 daqiqa. To'xtatish uchun Ctrl+C.
Qaytadan urinilmoqda - ish to'xtagan joydan davom etadi.

[1/135] 3-sinf/3-sinf 3-Sinf Ingliz tili.pdf
  ! matn topilmadi (skaner PDF?) - o'tkazildi
[2/135] 3-sinf/3-sinf 3-Sinf Matematika.pdf
  83 ta mavzu (model: haiku)
[3/135] 3-sinf/3-sinf 3-Sinf Musiqa.pdf
  1 ta mavzu (model: haiku)
[4/135] 3-sinf/3-sinf 3-Sinf Odobnoma.pdf
  24 ta mavzu (model: haiku)
[5/135] 3-sinf/3-sinf 3-Sinf Ona tili.pdf

Limit tugadi.
You've hit your session limit · resets 11:40am (Asia/Tashkent)

Limit tiklanishi kutilmoqda: 1 daqiqa. To'xtatish uchun Ctrl+C.
Qaytadan urinilmoqda - ish to'xtagan joydan davom etadi.

[1/135] 3-sinf/3-sinf 3-Sinf Ingliz tili.pdf
  ! matn topilmadi (skaner PDF?) - o'tkazildi
[2/135] 3-sinf/3-sinf 3-Sinf Matematika.pdf
  83 ta mavzu (model: haiku)
[3/135] 3-sinf/3-sinf 3-Sinf Musiqa.pdf
  1 ta mavzu (model: haiku)
[4/135] 3-sinf/3-sinf 3-Sinf Odobnoma.pdf
  24 ta mavzu (model: haiku)
[5/135] 3-sinf/3-sinf 3-Sinf Ona tili.pdf

Limit tugadi.
You've hit your session limit · resets 11:40am (Asia/Tashkent)

Limit tiklanishi kutilmoqda: 1 daqiqa. To'xtatish uchun Ctrl+C.
Qaytadan urinilmoqda - ish to'xtagan joydan davom etadi.

[1/135] 3-sinf/3-sinf 3-Sinf Ingliz tili.pdf
  ! matn topilmadi (skaner PDF?) - o'tkazildi
[2/135] 3-sinf/3-sinf 3-Sinf Matematika.pdf
  83 ta mavzu (model: haiku)
[3/135] 3-sinf/3-sinf 3-Sinf Musiqa.pdf
  1 ta mavzu (model: haiku)
[4/135] 3-sinf/3-sinf 3-Sinf Odobnoma.pdf
  24 ta mavzu (model: haiku)
[5/135] 3-sinf/3-sinf 3-Sinf Ona tili.pdf

Limit tugadi.
You've hit your session limit · resets 11:40am (Asia/Tashkent)
Client.listTools() called but server does not advertise tools capability - returning empty list

Limit tiklanishi kutilmoqda: 1 daqiqa. To'xtatish uchun Ctrl+C.
Qaytadan urinilmoqda - ish to'xtagan joydan davom etadi.

[1/135] 3-sinf/3-sinf 3-Sinf Ingliz tili.pdf
  ! matn topilmadi (skaner PDF?) - o'tkazildi
[2/135] 3-sinf/3-sinf 3-Sinf Matematika.pdf
  83 ta mavzu (model: haiku)
[3/135] 3-sinf/3-sinf 3-Sinf Musiqa.pdf
  1 ta mavzu (model: haiku)
[4/135] 3-sinf/3-sinf 3-Sinf Odobnoma.pdf
  24 ta mavzu (model: haiku)
[5/135] 3-sinf/3-sinf 3-Sinf Ona tili.pdf

Limit tugadi.
You've hit your session limit · resets 11:40am (Asia/Tashkent)

Limit tiklanishi kutilmoqda: 1 daqiqa. To'xtatish uchun Ctrl+C.
Qaytadan urinilmoqda - ish to'xtagan joydan davom etadi.

[1/135] 3-sinf/3-sinf 3-Sinf Ingliz tili.pdf
  ! matn topilmadi (skaner PDF?) - o'tkazildi
[2/135] 3-sinf/3-sinf 3-Sinf Matematika.pdf
  83 ta mavzu (model: haiku)
[3/135] 3-sinf/3-sinf 3-Sinf Musiqa.pdf
  1 ta mavzu (model: haiku)
[4/135] 3-sinf/3-sinf 3-Sinf Odobnoma.pdf
  24 ta mavzu (model: haiku)
[5/135] 3-sinf/3-sinf 3-Sinf Ona tili.pdf

Limit tugadi.
You've hit your session limit · resets 11:40am (Asia/Tashkent)
Client.listTools() called but server does not advertise tools capability - returning empty list

Limit tiklanishi kutilmoqda: 1 daqiqa. To'xtatish uchun Ctrl+C.
Qaytadan urinilmoqda - ish to'xtagan joydan davom etadi.

[1/135] 3-sinf/3-sinf 3-Sinf Ingliz tili.pdf
  ! matn topilmadi (skaner PDF?) - o'tkazildi
[2/135] 3-sinf/3-sinf 3-Sinf Matematika.pdf
  83 ta mavzu (model: haiku)
[3/135] 3-sinf/3-sinf 3-Sinf Musiqa.pdf
  1 ta mavzu (model: haiku)
[4/135] 3-sinf/3-sinf 3-Sinf Odobnoma.pdf
  24 ta mavzu (model: haiku)
[5/135] 3-sinf/3-sinf 3-Sinf Ona tili.pdf

Limit tugadi.
You've hit your session limit · resets 11:40am (Asia/Tashkent)

Limit tiklanishi kutilmoqda: 1 daqiqa. To'xtatish uchun Ctrl+C.
Qaytadan urinilmoqda - ish to'xtagan joydan davom etadi.

[1/135] 3-sinf/3-sinf 3-Sinf Ingliz tili.pdf
  ! matn topilmadi (skaner PDF?) - o'tkazildi
[2/135] 3-sinf/3-sinf 3-Sinf Matematika.pdf
  83 ta mavzu (model: haiku)
[3/135] 3-sinf/3-sinf 3-Sinf Musiqa.pdf
  1 ta mavzu (model: haiku)
[4/135] 3-sinf/3-sinf 3-Sinf Odobnoma.pdf
  24 ta mavzu (model: haiku)
[5/135] 3-sinf/3-sinf 3-Sinf Ona tili.pdf

Limit tugadi.
You've hit your session limit · resets 11:40am (Asia/Tashkent)

Limit tiklanishi kutilmoqda: 1 daqiqa. To'xtatish uchun Ctrl+C.
Qaytadan urinilmoqda - ish to'xtagan joydan davom etadi.

[1/135] 3-sinf/3-sinf 3-Sinf Ingliz tili.pdf
  ! matn topilmadi (skaner PDF?) - o'tkazildi
[2/135] 3-sinf/3-sinf 3-Sinf Matematika.pdf
  83 ta mavzu (model: haiku)
[3/135] 3-sinf/3-sinf 3-Sinf Musiqa.pdf
  1 ta mavzu (model: haiku)
[4/135] 3-sinf/3-sinf 3-Sinf Odobnoma.pdf
  24 ta mavzu (model: haiku)
[5/135] 3-sinf/3-sinf 3-Sinf Ona tili.pdf

Limit tugadi.
You've hit your session limit · resets 11:40am (Asia/Tashkent)
Client.listTools() called but server does not advertise tools capability - returning empty list

Limit tiklanishi kutilmoqda: 1 daqiqa. To'xtatish uchun Ctrl+C.
Qaytadan urinilmoqda - ish to'xtagan joydan davom etadi.

[1/135] 3-sinf/3-sinf 3-Sinf Ingliz tili.pdf
  ! matn topilmadi (skaner PDF?) - o'tkazildi
[2/135] 3-sinf/3-sinf 3-Sinf Matematika.pdf
  83 ta mavzu (model: haiku)
[3/135] 3-sinf/3-sinf 3-Sinf Musiqa.pdf
  1 ta mavzu (model: haiku)
[4/135] 3-sinf/3-sinf 3-Sinf Odobnoma.pdf
  24 ta mavzu (model: haiku)
[5/135] 3-sinf/3-sinf 3-Sinf Ona tili.pdf

Limit tugadi.
You've hit your session limit · resets 11:40am (Asia/Tashkent)

Limit tiklanishi kutilmoqda: 1 daqiqa. To'xtatish uchun Ctrl+C.
Qaytadan urinilmoqda - ish to'xtagan joydan davom etadi.

[1/135] 3-sinf/3-sinf 3-Sinf Ingliz tili.pdf
  ! matn topilmadi (skaner PDF?) - o'tkazildi
[2/135] 3-sinf/3-sinf 3-Sinf Matematika.pdf
  83 ta mavzu (model: haiku)
[3/135] 3-sinf/3-sinf 3-Sinf Musiqa.pdf
  1 ta mavzu (model: haiku)
[4/135] 3-sinf/3-sinf 3-Sinf Odobnoma.pdf
  24 ta mavzu (model: haiku)
[5/135] 3-sinf/3-sinf 3-Sinf Ona tili.pdf

Limit tugadi.
You've hit your session limit · resets 11:40am (Asia/Tashkent)

Limit tiklanishi kutilmoqda: 1 daqiqa. To'xtatish uchun Ctrl+C.
Qaytadan urinilmoqda - ish to'xtagan joydan davom etadi.

[1/135] 3-sinf/3-sinf 3-Sinf Ingliz tili.pdf
  ! matn topilmadi (skaner PDF?) - o'tkazildi
[2/135] 3-sinf/3-sinf 3-Sinf Matematika.pdf
  83 ta mavzu (model: haiku)
[3/135] 3-sinf/3-sinf 3-Sinf Musiqa.pdf
  1 ta mavzu (model: haiku)
[4/135] 3-sinf/3-sinf 3-Sinf Odobnoma.pdf
  24 ta mavzu (model: haiku)
[5/135] 3-sinf/3-sinf 3-Sinf Ona tili.pdf

Limit tugadi.
You've hit your session limit · resets 11:40am (Asia/Tashkent)

Limit tiklanishi kutilmoqda: 1 daqiqa. To'xtatish uchun Ctrl+C.
Qaytadan urinilmoqda - ish to'xtagan joydan davom etadi.

[1/135] 3-sinf/3-sinf 3-Sinf Ingliz tili.pdf
  ! matn topilmadi (skaner PDF?) - o'tkazildi
[2/135] 3-sinf/3-sinf 3-Sinf Matematika.pdf
  83 ta mavzu (model: haiku)
[3/135] 3-sinf/3-sinf 3-Sinf Musiqa.pdf
  1 ta mavzu (model: haiku)
[4/135] 3-sinf/3-sinf 3-Sinf Odobnoma.pdf
  24 ta mavzu (model: haiku)
[5/135] 3-sinf/3-sinf 3-Sinf Ona tili.pdf

Limit tugadi.
You've hit your session limit · resets 11:40am (Asia/Tashkent)

Limit tiklanishi kutilmoqda: 1 daqiqa. To'xtatish uchun Ctrl+C.
Qaytadan urinilmoqda - ish to'xtagan joydan davom etadi.

[1/135] 3-sinf/3-sinf 3-Sinf Ingliz tili.pdf
  ! matn topilmadi (skaner PDF?) - o'tkazildi
[2/135] 3-sinf/3-sinf 3-Sinf Matematika.pdf
  83 ta mavzu (model: haiku)
[3/135] 3-sinf/3-sinf 3-Sinf Musiqa.pdf
  1 ta mavzu (model: haiku)
[4/135] 3-sinf/3-sinf 3-Sinf Odobnoma.pdf
  24 ta mavzu (model: haiku)
[5/135] 3-sinf/3-sinf 3-Sinf Ona tili.pdf

Limit tugadi.
You've hit your session limit · resets 11:40am (Asia/Tashkent)

Limit tiklanishi kutilmoqda: 1 daqiqa. To'xtatish uchun Ctrl+C.
Qaytadan urinilmoqda - ish to'xtagan joydan davom etadi.

[1/135] 3-sinf/3-sinf 3-Sinf Ingliz tili.pdf
  ! matn topilmadi (skaner PDF?) - o'tkazildi
[2/135] 3-sinf/3-sinf 3-Sinf Matematika.pdf
  83 ta mavzu (model: haiku)
[3/135] 3-sinf/3-sinf 3-Sinf Musiqa.pdf
  1 ta mavzu (model: haiku)
[4/135] 3-sinf/3-sinf 3-Sinf Odobnoma.pdf
  24 ta mavzu (model: haiku)
[5/135] 3-sinf/3-sinf 3-Sinf Ona tili.pdf

Limit tugadi.
You've hit your session limit · resets 11:40am (Asia/Tashkent)

Limit tiklanishi kutilmoqda: 1 daqiqa. To'xtatish uchun Ctrl+C.
Qaytadan urinilmoqda - ish to'xtagan joydan davom etadi.

[1/135] 3-sinf/3-sinf 3-Sinf Ingliz tili.pdf
  ! matn topilmadi (skaner PDF?) - o'tkazildi
[2/135] 3-sinf/3-sinf 3-Sinf Matematika.pdf
  83 ta mavzu (model: haiku)
[3/135] 3-sinf/3-sinf 3-Sinf Musiqa.pdf
  1 ta mavzu (model: haiku)
[4/135] 3-sinf/3-sinf 3-Sinf Odobnoma.pdf
  24 ta mavzu (model: haiku)
[5/135] 3-sinf/3-sinf 3-Sinf Ona tili.pdf

Limit tugadi.
You've hit your session limit · resets 11:40am (Asia/Tashkent)
Client.listTools() called but server does not advertise tools capability - returning empty list

Limit tiklanishi kutilmoqda: 1 daqiqa. To'xtatish uchun Ctrl+C.
Qaytadan urinilmoqda - ish to'xtagan joydan davom etadi.

[1/135] 3-sinf/3-sinf 3-Sinf Ingliz tili.pdf
  ! matn topilmadi (skaner PDF?) - o'tkazildi
[2/135] 3-sinf/3-sinf 3-Sinf Matematika.pdf
  83 ta mavzu (model: haiku)
[3/135] 3-sinf/3-sinf 3-Sinf Musiqa.pdf
  1 ta mavzu (model: haiku)
[4/135] 3-sinf/3-sinf 3-Sinf Odobnoma.pdf
  24 ta mavzu (model: haiku)
[5/135] 3-sinf/3-sinf 3-Sinf Ona tili.pdf

Limit tugadi.
You've hit your session limit · resets 11:40am (Asia/Tashkent)

Limit tiklanishi kutilmoqda: 1 daqiqa. To'xtatish uchun Ctrl+C.
Qaytadan urinilmoqda - ish to'xtagan joydan davom etadi.

[1/135] 3-sinf/3-sinf 3-Sinf Ingliz tili.pdf
  ! matn topilmadi (skaner PDF?) - o'tkazildi
[2/135] 3-sinf/3-sinf 3-Sinf Matematika.pdf
  83 ta mavzu (model: haiku)
[3/135] 3-sinf/3-sinf 3-Sinf Musiqa.pdf
  1 ta mavzu (model: haiku)
[4/135] 3-sinf/3-sinf 3-Sinf Odobnoma.pdf
  24 ta mavzu (model: haiku)
[5/135] 3-sinf/3-sinf 3-Sinf Ona tili.pdf

Limit tugadi.
You've hit your session limit · resets 11:40am (Asia/Tashkent)

Limit tiklanishi kutilmoqda: 1 daqiqa. To'xtatish uchun Ctrl+C.
Qaytadan urinilmoqda - ish to'xtagan joydan davom etadi.

[1/135] 3-sinf/3-sinf 3-Sinf Ingliz tili.pdf
  ! matn topilmadi (skaner PDF?) - o'tkazildi
[2/135] 3-sinf/3-sinf 3-Sinf Matematika.pdf
  83 ta mavzu (model: haiku)
[3/135] 3-sinf/3-sinf 3-Sinf Musiqa.pdf
  1 ta mavzu (model: haiku)
[4/135] 3-sinf/3-sinf 3-Sinf Odobnoma.pdf
  24 ta mavzu (model: haiku)
[5/135] 3-sinf/3-sinf 3-Sinf Ona tili.pdf

Limit tugadi.
You've hit your session limit · resets 11:40am (Asia/Tashkent)

Limit tiklanishi kutilmoqda: 1 daqiqa. To'xtatish uchun Ctrl+C.
Qaytadan urinilmoqda - ish to'xtagan joydan davom etadi.

[1/135] 3-sinf/3-sinf 3-Sinf Ingliz tili.pdf
  ! matn topilmadi (skaner PDF?) - o'tkazildi
[2/135] 3-sinf/3-sinf 3-Sinf Matematika.pdf
  83 ta mavzu (model: haiku)
[3/135] 3-sinf/3-sinf 3-Sinf Musiqa.pdf
  1 ta mavzu (model: haiku)
[4/135] 3-sinf/3-sinf 3-Sinf Odobnoma.pdf
  24 ta mavzu (model: haiku)
[5/135] 3-sinf/3-sinf 3-Sinf Ona tili.pdf

Limit tugadi.
You've hit your session limit · resets 11:40am (Asia/Tashkent)

Limit tiklanishi kutilmoqda: 1 daqiqa. To'xtatish uchun Ctrl+C.
Qaytadan urinilmoqda - ish to'xtagan joydan davom etadi.

[1/135] 3-sinf/3-sinf 3-Sinf Ingliz tili.pdf
  ! matn topilmadi (skaner PDF?) - o'tkazildi
[2/135] 3-sinf/3-sinf 3-Sinf Matematika.pdf
  83 ta mavzu (model: haiku)
[3/135] 3-sinf/3-sinf 3-Sinf Musiqa.pdf
  1 ta mavzu (model: haiku)
[4/135] 3-sinf/3-sinf 3-Sinf Odobnoma.pdf
  24 ta mavzu (model: haiku)
[5/135] 3-sinf/3-sinf 3-Sinf Ona tili.pdf

Limit tugadi.
You've hit your session limit · resets 11:40am (Asia/Tashkent)

Limit tiklanishi kutilmoqda: 1 daqiqa. To'xtatish uchun Ctrl+C.
Qaytadan urinilmoqda - ish to'xtagan joydan davom etadi.

[1/135] 3-sinf/3-sinf 3-Sinf Ingliz tili.pdf
  ! matn topilmadi (skaner PDF?) - o'tkazildi
[2/135] 3-sinf/3-sinf 3-Sinf Matematika.pdf
  83 ta mavzu (model: haiku)
[3/135] 3-sinf/3-sinf 3-Sinf Musiqa.pdf
  1 ta mavzu (model: haiku)
[4/135] 3-sinf/3-sinf 3-Sinf Odobnoma.pdf
  24 ta mavzu (model: haiku)
[5/135] 3-sinf/3-sinf 3-Sinf Ona tili.pdf

Limit tugadi.
You've hit your session limit · resets 11:40am (Asia/Tashkent)

Limit tiklanishi kutilmoqda: 1 daqiqa. To'xtatish uchun Ctrl+C.
Qaytadan urinilmoqda - ish to'xtagan joydan davom etadi.

[1/135] 3-sinf/3-sinf 3-Sinf Ingliz tili.pdf
  ! matn topilmadi (skaner PDF?) - o'tkazildi
[2/135] 3-sinf/3-sinf 3-Sinf Matematika.pdf
  83 ta mavzu (model: haiku)
[3/135] 3-sinf/3-sinf 3-Sinf Musiqa.pdf
  1 ta mavzu (model: haiku)
[4/135] 3-sinf/3-sinf 3-Sinf Odobnoma.pdf
  24 ta mavzu (model: haiku)
[5/135] 3-sinf/3-sinf 3-Sinf Ona tili.pdf

Limit tugadi.
You've hit your session limit · resets 11:40am (Asia/Tashkent)

Limit tiklanishi kutilmoqda: 1 daqiqa. To'xtatish uchun Ctrl+C.
Qaytadan urinilmoqda - ish to'xtagan joydan davom etadi.

[1/135] 3-sinf/3-sinf 3-Sinf Ingliz tili.pdf
  ! matn topilmadi (skaner PDF?) - o'tkazildi
[2/135] 3-sinf/3-sinf 3-Sinf Matematika.pdf
  83 ta mavzu (model: haiku)
[3/135] 3-sinf/3-sinf 3-Sinf Musiqa.pdf
  1 ta mavzu (model: haiku)
[4/135] 3-sinf/3-sinf 3-Sinf Odobnoma.pdf
  24 ta mavzu (model: haiku)
[5/135] 3-sinf/3-sinf 3-Sinf Ona tili.pdf

Limit tugadi.
You've hit your session limit · resets 11:40am (Asia/Tashkent)

Limit tiklanishi kutilmoqda: 1 daqiqa. To'xtatish uchun Ctrl+C.
Qaytadan urinilmoqda - ish to'xtagan joydan davom etadi.

[1/135] 3-sinf/3-sinf 3-Sinf Ingliz tili.pdf
  ! matn topilmadi (skaner PDF?) - o'tkazildi
[2/135] 3-sinf/3-sinf 3-Sinf Matematika.pdf
  83 ta mavzu (model: haiku)
[3/135] 3-sinf/3-sinf 3-Sinf Musiqa.pdf
  1 ta mavzu (model: haiku)
[4/135] 3-sinf/3-sinf 3-Sinf Odobnoma.pdf
  24 ta mavzu (model: haiku)
[5/135] 3-sinf/3-sinf 3-Sinf Ona tili.pdf

Limit tugadi.
You've hit your session limit · resets 11:40am (Asia/Tashkent)
Client.listTools() called but server does not advertise tools capability - returning empty list

Limit tiklanishi kutilmoqda: 1 daqiqa. To'xtatish uchun Ctrl+C.
Qaytadan urinilmoqda - ish to'xtagan joydan davom etadi.

[1/135] 3-sinf/3-sinf 3-Sinf Ingliz tili.pdf
  ! matn topilmadi (skaner PDF?) - o'tkazildi
[2/135] 3-sinf/3-sinf 3-Sinf Matematika.pdf
  83 ta mavzu (model: haiku)
[3/135] 3-sinf/3-sinf 3-Sinf Musiqa.pdf
  1 ta mavzu (model: haiku)
[4/135] 3-sinf/3-sinf 3-Sinf Odobnoma.pdf
  24 ta mavzu (model: haiku)
[5/135] 3-sinf/3-sinf 3-Sinf Ona tili.pdf

Limit tugadi.
You've hit your session limit · resets 11:40am (Asia/Tashkent)

Limit tiklanishi kutilmoqda: 1 daqiqa. To'xtatish uchun Ctrl+C.
Qaytadan urinilmoqda - ish to'xtagan joydan davom etadi.

[1/135] 3-sinf/3-sinf 3-Sinf Ingliz tili.pdf
  ! matn topilmadi (skaner PDF?) - o'tkazildi
[2/135] 3-sinf/3-sinf 3-Sinf Matematika.pdf
  83 ta mavzu (model: haiku)
[3/135] 3-sinf/3-sinf 3-Sinf Musiqa.pdf
  1 ta mavzu (model: haiku)
[4/135] 3-sinf/3-sinf 3-Sinf Odobnoma.pdf
  24 ta mavzu (model: haiku)
[5/135] 3-sinf/3-sinf 3-Sinf Ona tili.pdf

Limit tugadi.
You've hit your session limit · resets 11:40am (Asia/Tashkent)

Limit tiklanishi kutilmoqda: 1 daqiqa. To'xtatish uchun Ctrl+C.
Qaytadan urinilmoqda - ish to'xtagan joydan davom etadi.

[1/135] 3-sinf/3-sinf 3-Sinf Ingliz tili.pdf
  ! matn topilmadi (skaner PDF?) - o'tkazildi
[2/135] 3-sinf/3-sinf 3-Sinf Matematika.pdf
  83 ta mavzu (model: haiku)
[3/135] 3-sinf/3-sinf 3-Sinf Musiqa.pdf
  1 ta mavzu (model: haiku)
[4/135] 3-sinf/3-sinf 3-Sinf Odobnoma.pdf
  24 ta mavzu (model: haiku)
[5/135] 3-sinf/3-sinf 3-Sinf Ona tili.pdf

Limit tugadi.
You've hit your session limit · resets 11:40am (Asia/Tashkent)

Limit tiklanishi kutilmoqda: 1 daqiqa. To'xtatish uchun Ctrl+C.
Qaytadan urinilmoqda - ish to'xtagan joydan davom etadi.

[1/135] 3-sinf/3-sinf 3-Sinf Ingliz tili.pdf
  ! matn topilmadi (skaner PDF?) - o'tkazildi
[2/135] 3-sinf/3-sinf 3-Sinf Matematika.pdf
  83 ta mavzu (model: haiku)
[3/135] 3-sinf/3-sinf 3-Sinf Musiqa.pdf
  1 ta mavzu (model: haiku)
[4/135] 3-sinf/3-sinf 3-Sinf Odobnoma.pdf
  24 ta mavzu (model: haiku)
[5/135] 3-sinf/3-sinf 3-Sinf Ona tili.pdf

Limit tugadi.
You've hit your session limit · resets 11:40am (Asia/Tashkent)

Limit tiklanishi kutilmoqda: 1 daqiqa. To'xtatish uchun Ctrl+C.
Qaytadan urinilmoqda - ish to'xtagan joydan davom etadi.

[1/135] 3-sinf/3-sinf 3-Sinf Ingliz tili.pdf
  ! matn topilmadi (skaner PDF?) - o'tkazildi
[2/135] 3-sinf/3-sinf 3-Sinf Matematika.pdf
  83 ta mavzu (model: haiku)
[3/135] 3-sinf/3-sinf 3-Sinf Musiqa.pdf
  1 ta mavzu (model: haiku)
[4/135] 3-sinf/3-sinf 3-Sinf Odobnoma.pdf
  24 ta mavzu (model: haiku)
[5/135] 3-sinf/3-sinf 3-Sinf Ona tili.pdf

Limit tugadi.
You've hit your session limit · resets 11:40am (Asia/Tashkent)

Limit tiklanishi kutilmoqda: 1 daqiqa. To'xtatish uchun Ctrl+C.
Qaytadan urinilmoqda - ish to'xtagan joydan davom etadi.

[1/135] 3-sinf/3-sinf 3-Sinf Ingliz tili.pdf
  ! matn topilmadi (skaner PDF?) - o'tkazildi
[2/135] 3-sinf/3-sinf 3-Sinf Matematika.pdf
  83 ta mavzu (model: haiku)
[3/135] 3-sinf/3-sinf 3-Sinf Musiqa.pdf
  1 ta mavzu (model: haiku)
[4/135] 3-sinf/3-sinf 3-Sinf Odobnoma.pdf
  24 ta mavzu (model: haiku)
[5/135] 3-sinf/3-sinf 3-Sinf Ona tili.pdf

Limit tugadi.
You've hit your session limit · resets 11:40am (Asia/Tashkent)

Limit tiklanishi kutilmoqda: 1 daqiqa. To'xtatish uchun Ctrl+C.
Qaytadan urinilmoqda - ish to'xtagan joydan davom etadi.

[1/135] 3-sinf/3-sinf 3-Sinf Ingliz tili.pdf
  ! matn topilmadi (skaner PDF?) - o'tkazildi
[2/135] 3-sinf/3-sinf 3-Sinf Matematika.pdf
  83 ta mavzu (model: haiku)
[3/135] 3-sinf/3-sinf 3-Sinf Musiqa.pdf
  1 ta mavzu (model: haiku)
[4/135] 3-sinf/3-sinf 3-Sinf Odobnoma.pdf
  24 ta mavzu (model: haiku)
[5/135] 3-sinf/3-sinf 3-Sinf Ona tili.pdf

Limit tugadi.
You've hit your session limit · resets 11:40am (Asia/Tashkent)
Client.listTools() called but server does not advertise tools capability - returning empty list

Limit tiklanishi kutilmoqda: 1 daqiqa. To'xtatish uchun Ctrl+C.
Qaytadan urinilmoqda - ish to'xtagan joydan davom etadi.

[1/135] 3-sinf/3-sinf 3-Sinf Ingliz tili.pdf
  ! matn topilmadi (skaner PDF?) - o'tkazildi
[2/135] 3-sinf/3-sinf 3-Sinf Matematika.pdf
  83 ta mavzu (model: haiku)
[3/135] 3-sinf/3-sinf 3-Sinf Musiqa.pdf
  1 ta mavzu (model: haiku)
[4/135] 3-sinf/3-sinf 3-Sinf Odobnoma.pdf
  24 ta mavzu (model: haiku)
[5/135] 3-sinf/3-sinf 3-Sinf Ona tili.pdf

Limit tugadi.
You've hit your session limit · resets 11:40am (Asia/Tashkent)

Limit tiklanishi kutilmoqda: 1 daqiqa. To'xtatish uchun Ctrl+C.
Qaytadan urinilmoqda - ish to'xtagan joydan davom etadi.

[1/135] 3-sinf/3-sinf 3-Sinf Ingliz tili.pdf
  ! matn topilmadi (skaner PDF?) - o'tkazildi
[2/135] 3-sinf/3-sinf 3-Sinf Matematika.pdf
  83 ta mavzu (model: haiku)
[3/135] 3-sinf/3-sinf 3-Sinf Musiqa.pdf
  1 ta mavzu (model: haiku)
[4/135] 3-sinf/3-sinf 3-Sinf Odobnoma.pdf
  24 ta mavzu (model: haiku)
[5/135] 3-sinf/3-sinf 3-Sinf Ona tili.pdf

Limit tugadi.
You've hit your session limit · resets 11:40am (Asia/Tashkent)

Limit tiklanishi kutilmoqda: 1 daqiqa. To'xtatish uchun Ctrl+C.
Qaytadan urinilmoqda - ish to'xtagan joydan davom etadi.

[1/135] 3-sinf/3-sinf 3-Sinf Ingliz tili.pdf
  ! matn topilmadi (skaner PDF?) - o'tkazildi
[2/135] 3-sinf/3-sinf 3-Sinf Matematika.pdf
  83 ta mavzu (model: haiku)
[3/135] 3-sinf/3-sinf 3-Sinf Musiqa.pdf
  1 ta mavzu (model: haiku)
[4/135] 3-sinf/3-sinf 3-Sinf Odobnoma.pdf
  24 ta mavzu (model: haiku)
[5/135] 3-sinf/3-sinf 3-Sinf Ona tili.pdf

Limit tugadi.
You've hit your session limit · resets 11:40am (Asia/Tashkent)

Limit tiklanishi kutilmoqda: 1 daqiqa. To'xtatish uchun Ctrl+C.
Qaytadan urinilmoqda - ish to'xtagan joydan davom etadi.

[1/135] 3-sinf/3-sinf 3-Sinf Ingliz tili.pdf
  ! matn topilmadi (skaner PDF?) - o'tkazildi
[2/135] 3-sinf/3-sinf 3-Sinf Matematika.pdf
  83 ta mavzu (model: haiku)
[3/135] 3-sinf/3-sinf 3-Sinf Musiqa.pdf
  1 ta mavzu (model: haiku)
[4/135] 3-sinf/3-sinf 3-Sinf Odobnoma.pdf
  24 ta mavzu (model: haiku)
[5/135] 3-sinf/3-sinf 3-Sinf Ona tili.pdf

Limit tugadi.
You've hit your session limit · resets 11:40am (Asia/Tashkent)

Limit tiklanishi kutilmoqda: 1 daqiqa. To'xtatish uchun Ctrl+C.
Qaytadan urinilmoqda - ish to'xtagan joydan davom etadi.

[1/135] 3-sinf/3-sinf 3-Sinf Ingliz tili.pdf
  ! matn topilmadi (skaner PDF?) - o'tkazildi
[2/135] 3-sinf/3-sinf 3-Sinf Matematika.pdf
  83 ta mavzu (model: haiku)
[3/135] 3-sinf/3-sinf 3-Sinf Musiqa.pdf
  1 ta mavzu (model: haiku)
[4/135] 3-sinf/3-sinf 3-Sinf Odobnoma.pdf
  24 ta mavzu (model: haiku)
[5/135] 3-sinf/3-sinf 3-Sinf Ona tili.pdf

Limit tugadi.
You've hit your session limit · resets 11:40am (Asia/Tashkent)

Limit tiklanishi kutilmoqda: 1 daqiqa. To'xtatish uchun Ctrl+C.
Qaytadan urinilmoqda - ish to'xtagan joydan davom etadi.

[1/135] 3-sinf/3-sinf 3-Sinf Ingliz tili.pdf
  ! matn topilmadi (skaner PDF?) - o'tkazildi
[2/135] 3-sinf/3-sinf 3-Sinf Matematika.pdf
  83 ta mavzu (model: haiku)
[3/135] 3-sinf/3-sinf 3-Sinf Musiqa.pdf
  1 ta mavzu (model: haiku)
[4/135] 3-sinf/3-sinf 3-Sinf Odobnoma.pdf
  24 ta mavzu (model: haiku)
[5/135] 3-sinf/3-sinf 3-Sinf Ona tili.pdf

Limit tugadi.
You've hit your session limit · resets 11:40am (Asia/Tashkent)

Limit tiklanishi kutilmoqda: 1 daqiqa. To'xtatish uchun Ctrl+C.
Qaytadan urinilmoqda - ish to'xtagan joydan davom etadi.

[1/135] 3-sinf/3-sinf 3-Sinf Ingliz tili.pdf
  ! matn topilmadi (skaner PDF?) - o'tkazildi
[2/135] 3-sinf/3-sinf 3-Sinf Matematika.pdf
  83 ta mavzu (model: haiku)
[3/135] 3-sinf/3-sinf 3-Sinf Musiqa.pdf
  1 ta mavzu (model: haiku)
[4/135] 3-sinf/3-sinf 3-Sinf Odobnoma.pdf
  24 ta mavzu (model: haiku)
[5/135] 3-sinf/3-sinf 3-Sinf Ona tili.pdf

Limit tugadi.
You've hit your session limit · resets 11:40am (Asia/Tashkent)

Limit tiklanishi kutilmoqda: 1 daqiqa. To'xtatish uchun Ctrl+C.
Qaytadan urinilmoqda - ish to'xtagan joydan davom etadi.

[1/135] 3-sinf/3-sinf 3-Sinf Ingliz tili.pdf
  ! matn topilmadi (skaner PDF?) - o'tkazildi
[2/135] 3-sinf/3-sinf 3-Sinf Matematika.pdf
  83 ta mavzu (model: haiku)
[3/135] 3-sinf/3-sinf 3-Sinf Musiqa.pdf
  1 ta mavzu (model: haiku)
[4/135] 3-sinf/3-sinf 3-Sinf Odobnoma.pdf
  24 ta mavzu (model: haiku)
[5/135] 3-sinf/3-sinf 3-Sinf Ona tili.pdf

Limit tugadi.
You've hit your session limit · resets 11:40am (Asia/Tashkent)

Limit tiklanishi kutilmoqda: 1 daqiqa. To'xtatish uchun Ctrl+C.
Qaytadan urinilmoqda - ish to'xtagan joydan davom etadi.

[1/135] 3-sinf/3-sinf 3-Sinf Ingliz tili.pdf
  ! matn topilmadi (skaner PDF?) - o'tkazildi
[2/135] 3-sinf/3-sinf 3-Sinf Matematika.pdf
  83 ta mavzu (model: haiku)
[3/135] 3-sinf/3-sinf 3-Sinf Musiqa.pdf
  1 ta mavzu (model: haiku)
[4/135] 3-sinf/3-sinf 3-Sinf Odobnoma.pdf
  24 ta mavzu (model: haiku)
[5/135] 3-sinf/3-sinf 3-Sinf Ona tili.pdf

Limit tugadi.
You've hit your session limit · resets 11:40am (Asia/Tashkent)

Limit tiklanishi kutilmoqda: 1 daqiqa. To'xtatish uchun Ctrl+C.
Qaytadan urinilmoqda - ish to'xtagan joydan davom etadi.

[1/135] 3-sinf/3-sinf 3-Sinf Ingliz tili.pdf
  ! matn topilmadi (skaner PDF?) - o'tkazildi
[2/135] 3-sinf/3-sinf 3-Sinf Matematika.pdf
  83 ta mavzu (model: haiku)
[3/135] 3-sinf/3-sinf 3-Sinf Musiqa.pdf
  1 ta mavzu (model: haiku)
[4/135] 3-sinf/3-sinf 3-Sinf Odobnoma.pdf
  24 ta mavzu (model: haiku)
[5/135] 3-sinf/3-sinf 3-Sinf Ona tili.pdf

Limit tugadi.
You've hit your session limit · resets 11:40am (Asia/Tashkent)

Limit tiklanishi kutilmoqda: 1 daqiqa. To'xtatish uchun Ctrl+C.
Qaytadan urinilmoqda - ish to'xtagan joydan davom etadi.

[1/135] 3-sinf/3-sinf 3-Sinf Ingliz tili.pdf
  ! matn topilmadi (skaner PDF?) - o'tkazildi
[2/135] 3-sinf/3-sinf 3-Sinf Matematika.pdf
  83 ta mavzu (model: haiku)
[3/135] 3-sinf/3-sinf 3-Sinf Musiqa.pdf
  1 ta mavzu (model: haiku)
[4/135] 3-sinf/3-sinf 3-Sinf Odobnoma.pdf
  24 ta mavzu (model: haiku)
[5/135] 3-sinf/3-sinf 3-Sinf Ona tili.pdf

Limit tugadi.
You've hit your session limit · resets 11:40am (Asia/Tashkent)
Client.listTools() called but server does not advertise tools capability - returning empty list

Limit tiklanishi kutilmoqda: 1 daqiqa. To'xtatish uchun Ctrl+C.
Qaytadan urinilmoqda - ish to'xtagan joydan davom etadi.

[1/135] 3-sinf/3-sinf 3-Sinf Ingliz tili.pdf
  ! matn topilmadi (skaner PDF?) - o'tkazildi
[2/135] 3-sinf/3-sinf 3-Sinf Matematika.pdf
  83 ta mavzu (model: haiku)
[3/135] 3-sinf/3-sinf 3-Sinf Musiqa.pdf
  1 ta mavzu (model: haiku)
[4/135] 3-sinf/3-sinf 3-Sinf Odobnoma.pdf
  24 ta mavzu (model: haiku)
[5/135] 3-sinf/3-sinf 3-Sinf Ona tili.pdf

Limit tugadi.
You've hit your session limit · resets 11:40am (Asia/Tashkent)

Limit tiklanishi kutilmoqda: 1 daqiqa. To'xtatish uchun Ctrl+C.
Qaytadan urinilmoqda - ish to'xtagan joydan davom etadi.

[1/135] 3-sinf/3-sinf 3-Sinf Ingliz tili.pdf
  ! matn topilmadi (skaner PDF?) - o'tkazildi
[2/135] 3-sinf/3-sinf 3-Sinf Matematika.pdf
  83 ta mavzu (model: haiku)
[3/135] 3-sinf/3-sinf 3-Sinf Musiqa.pdf
  1 ta mavzu (model: haiku)
[4/135] 3-sinf/3-sinf 3-Sinf Odobnoma.pdf
  24 ta mavzu (model: haiku)
[5/135] 3-sinf/3-sinf 3-Sinf Ona tili.pdf

`claude` javob bermadi. Quyidagi xabarni tekshiring:
Request timed out

