135 ta PDF topildi

[1/135] 3-sinf/3-sinf 3-Sinf Ingliz tili.pdf
  ! matn topilmadi (skaner PDF?) - o'tkazildi
[2/135] 3-sinf/3-sinf 3-Sinf Matematika.pdf
  83 ta mavzu (model: haiku)
[3/135] 3-sinf/3-sinf 3-Sinf Musiqa.pdf
  1 ta mavzu (model: haiku)
[4/135] 3-sinf/3-sinf 3-Sinf Odobnoma.pdf
  24 ta mavzu (model: haiku)
[5/135] 3-sinf/3-sinf 3-Sinf Ona tili.pdf
  ! mavzular aniqlanmadi - o'tkazildi (keyingi safar qayta urinadi)
[6/135] 3-sinf/3-sinf 3-Sinf O‘qish.pdf
  77 ta mavzu (model: haiku)
[7/135] 3-sinf/3-sinf 3-Sinf Rus tili.pdf
  24 ta mavzu (model: haiku)
[8/135] 3-sinf/3-sinf 3-Sinf Tabiatshunoslik.pdf
  41 ta mavzu (model: haiku)
[9/135] 3-sinf/3-sinf 3-Sinf Tarbiya.pdf
  20 ta mavzu (model: haiku)
[10/135] 3-sinf/3-sinf 3-Sinf Tasviriy san’at.pdf
  28 ta mavzu (model: haiku)
[11/135] 3-sinf/3-sinf 3-Sinf Texnologiya.pdf
  30 ta mavzu (model: haiku)
[12/135] 4-sinf/4-sinf 4-Sinf Ingliz tili.pdf
  ! matn topilmadi (skaner PDF?) - o'tkazildi
[13/135] 4-sinf/4-sinf 4-Sinf Matematika.pdf
  28 ta mavzu (model: haiku)
[14/135] 4-sinf/4-sinf 4-Sinf Musiqa.pdf
  27 ta mavzu (model: haiku)
[15/135] 4-sinf/4-sinf 4-Sinf Odobnoma.pdf
  36 ta mavzu (model: haiku)
[16/135] 4-sinf/4-sinf 4-Sinf Ona tili.pdf
  17 ta mavzu (model: haiku)
[17/135] 4-sinf/4-sinf 4-Sinf O‘qish (metodika).pdf
  23 ta mavzu (model: haiku)
[18/135] 4-sinf/4-sinf 4-Sinf O‘qish.pdf
  36 ta mavzu (model: haiku)
[19/135] 4-sinf/4-sinf 4-Sinf Rus tili.pdf
  42 ta mavzu (model: haiku)
[20/135] 4-sinf/4-sinf 4-Sinf Tabiatshunoslik.pdf
  33 ta mavzu (model: haiku)
[21/135] 4-sinf/4-sinf 4-Sinf Tasviriy san’at.pdf
  23 ta mavzu (model: haiku)
[22/135] 4-sinf/4-sinf 4-Sinf Texnologiya.pdf
  49 ta mavzu (model: haiku)
    [17/49] POLIMER MATERIALLARDAN O'YINCHOQ YASASH - 30 ta
    [29/49] O'YINCHOQ TIKISH (Uyda mustaqil ishlash uchun) - 30 ta
    [6/49] KUZGI BARGLARDAN GUL YASASH - 30 ta
[23/135] 5-sinf/5-sinf 5-Sinf Adabiyot.pdf
  22 ta mavzu (model: haiku)
[24/135] 5-sinf/5-sinf 5-Sinf Biologiya.pdf
  13 ta mavzu (model: haiku)
[25/135] 5-sinf/5-sinf 5-Sinf Geografiya.pdf
  23 ta mavzu (model: haiku)
[26/135] 5-sinf/5-sinf 5-Sinf Informatika.pdf
  32 ta mavzu (model: haiku)
[27/135] 5-sinf/5-sinf 5-Sinf Ingliz tili.pdf
  13 ta mavzu (model: haiku)
[28/135] 5-sinf/5-sinf 5-Sinf Matematika (1-qism).pdf
  36 ta mavzu (model: haiku)
    [20/36] Murakkabroq masalalarni yechish - 30 ta
    [19/36] O'tilganlarni takrorlash - 30 ta
    [18/36] Ifodalarni soddalashtirish - 30 ta
    [21/36] To'rt ambulga doir hisoblash algoritmlari - 30 ta
    [22/36] Daraja - 30 ta
    [23/36] Jadval tuzish - 30 ta
    [24/36] Diagramma qurish - 30 ta
    [25/36] Matnli masalalar - 30 ta
    [27/36] Geometrik mazmundagi matnli masalalar - 30 ta
    [28/36] Harakatga doir masalalar - 30 ta
    [26/36] Nisbatlarga doir masalalar - 30 ta
    [29/36] Ikki jo'n harakatga doir masalalar - 29 ta
    [30/36] Xarid va sotish masalalar - 30 ta
    [31/36] Bajarilgan ishga doir masalalar - 30 ta
    [32/36] Burchaklar - 30 ta
    [33/36] Parallel va perpendikulyar to'g'ri chiziqlar - 30 ta
    [36/36] Yuzi - 30 ta
    [34/36] Siniq chiziq - 30 ta
    [35/36] Perimetr - 30 ta
[29/135] 5-sinf/5-sinf 5-Sinf Matematika (2-qism).pdf
  20 ta mavzu (model: haiku)
    [3/20] Aylana va doira - 30 ta
    [2/20] Yuz o'lchov birliklari - 30 ta
    [1/20] Murakkab shakllarning yuzi - 30 ta
    [4/20] Kasrlar - 30 ta
    [5/20] Kasrni taqqoslash - 30 ta
    [6/20] To'g'ri va noto'g'ri kasrlar - 30 ta
    [8/20] Kasrlarni ayirish - 30 ta
    [7/20] Kasrlarni qo'shish - 30 ta
    [9/20] Aralash sonlar - 30 ta
    [10/20] Aralash sonlarni qo'shish va ayirish - 30 ta
    [11/20] Fazoviy shakllar. Ko'pyoqlar - 30 ta
    [12/20] To'g'ri burchakli parallelepiped va kub - 30 ta
    [14/20] To'g'ri burchakli parallelepipedning hajmi - 30 ta
    [15/20] O'nli kasrlar - 30 ta
    [17/20] O'nli kasrlarni ko'paytirish - 30 ta
    [16/20] O'nli kasrlarni qo'shish va ayirish - 30 ta
    [13/20] Ko'pyoqlarni yoyilmasiga ko'ra yasash - 30 ta
    [18/20] O'nli kasrni o'nli kasrga bo'lish - 30 ta
    [20/20] Ma'lumotlar tahlili - 29 ta
    [19/20] Foizlar - 30 ta
[30/135] 5-sinf/5-sinf 5-Sinf Musiqa.pdf
  29 ta mavzu (model: haiku)
    [2/29] Musiqiy tovushlarning yaratilishi - 30 ta
    [3/29] 3-dars. O'zbek xalq cholg'ulari orkestrining torli-urma va mizrobli cholg'ular guruhi - 30 ta
    [1/29] 1-2-dars. Orkestr. Orkestr turlari haqida. O'zbek xalq cholg'ulari orkestri va uning damli cholg'ular guruhi - 30 ta
    [5/29] 4-dars. O'zbek xalq cholg'ulari orkestrining torli-kamonli cholg'ular guruhi - 29 ta
    [6/29] 5-dars. O'zbek xalq cholg'ulari orkestrining zarbli cholg'ular guruhi - 30 ta
    [4/29] Musiqada kalitlar - 30 ta
    [9/29] Musiqada dinamik belgilar - 30 ta
    [7/29] Musiqada lad va tonallik tushunchalari - 30 ta
    [8/29] 6-dars. Simfonik orkestr va uning torli-kamonli cholg'ular guruhi - 28 ta
    [11/29] Nota cho'zimlarini uzaytiruvchi belgilar - 29 ta
    [10/29] 7-8-dars. Simfonik orkestrning yog'och va mis damli cholg'ular guruhi - 30 ta
    [13/29] 4-dars. Xalq cholg'ulari orkestri va xor uchun O'zbekiston kompozitorlari ijodining ahamiyati - 29 ta
    [12/29] 1-2-dars. Xor jamoalarining tuzilishi va turlari - 29 ta
    [14/29] 5-dars. Musiqada vokal-simfonik janrlar - 30 ta
    [16/29] 1-dars. Sahnaviy musiqa asarlari - 30 ta
    [17/29] 2-3-dars. Balet san'ati. O'zbek baleti - 29 ta
    [15/29] 6-7-dars. Qasida janri. Kantata va oratoriyalar - 29 ta
    [18/29] 4-dars. O'zbek raqs san'ati - 30 ta
    xato: Expecting ',' delimiter: line 26 column 94 (char 5231)
    [19/29] 6-dars. Musiqali drama - 30 ta
    [20/29] 7-dars. Musiqali komediya - 29 ta
    [21/29] 8-9-dars. Uzeir Hojibekovning Arshin mol-olon musiqali komediyasining dunyo xalqlari san'atidagi o'rni va ahamiyati - 30 ta
    [22/29] 10-dars. Respublika teatrlarida bolalar uchun yaratilgan musiqali ertak-tomoshalar - 30 ta
    [23/29] To'rt chorak (4/4) o'lchovida dirijyorlik - 30 ta
    [25/29] 2-dars. Jahon opera san'atida J. Verdi - 30 ta
    [24/29] 1-dars. Opera san'ati - 29 ta
    [27/29] 4-dars. O'zbek musiqasida opera janri - 30 ta
    [26/29] 3-dars. V.Motsart, J.Bize, P.Chaykovskiy, N.Rimskiy-Korsakov kabi dunyo tan olgan kompozitorlarning operalari - 30 ta
    [28/29] 6-dars. Bolalar uchun operalar - 30 ta
    [29/29] 7-8-dars. Zamonaviy kompozitorlik ijodiyotining madaniy hayotimiz rivojidagi ahamiyati - 30 ta
[31/135] 5-sinf/5-sinf 5-Sinf Ona tili.pdf
  52 ta mavzu (model: haiku)
    [2/52] 2-dars. O'zbek tili – davlat tili - 30 ta
    [3/52] 3-dars. Mustaqil so'z turkumlarini takrorlash. Ot so'z turkumi - 29 ta
    [1/52] 1-dars. Tilning ijtimoiy ahamiyati - 30 ta
    [4/52] 5-dars. Son va olmosh so'z turkumlarini takrorlash - 30 ta
    [5/52] 6-dars. Fe'l so'z turkumini takrorlash - 30 ta
    [6/52] 7-dars. Tilshunoslik va uning bo'limlari. Fonetika - 30 ta
    [8/52] 14-dars. Undosh tovushlar - 30 ta
    [7/52] 9–10-darslar. Nazorat ishi - 29 ta
    [9/52] 19-dars. Nutq tovushlarining ma'no farqlash vazifasi - 28 ta
    [10/52] 20-dars. Matn va lug'at ustida ishlash - 30 ta
    [12/52] 22-dars. Matn va lug'at ustida ishlash - 30 ta
    [11/52] 21-dars. Fonetik hodisalar. So'zlarda tovush ortishi - 30 ta
    [13/52] 23-dars. So'zlarda tovush tushishi - 30 ta
    xato: Expecting ',' delimiter: line 22 column 278 (char 4674)
    [15/52] 29-dars. Urg'u va uning ahamiyati - 30 ta
    [14/52] 28-dars. Nazorat ishi - 30 ta
    [17/52] 34-dars. Lotin yozuviga asoslangan o'zbek alifbosi - 29 ta
    [16/52] 31-dars. Matn va lug'at ustida ishlash - 30 ta
    [18/52] 37-dars. Ayrim unlilar imlosi. A va o unlilarining talaffuzi va imlosi - 30 ta
    [19/52] 38-dars. I va u unlilarining talaffuzi va imlosi - 30 ta
    [20/52] 41-dars. Yonma-yon kelgan unlilar talaffuzi va imlosi - 30 ta
    [21/52] 44-dars. Q va g' undoshlarining talaffuzi va imlosi - 30 ta
    [24/52] 70-dars. O'zbek tilining lug'at boyligi - 30 ta
    [22/52] 55-dars. Ng, ng harflar birikmasi va uning vazifasi - 30 ta
    [23/52] 65-dars. Qo'shib yozish - 30 ta
    [26/52] 79-dars. Matn va lug'at ustida ishlash - 30 ta
    [27/52] 80-dars. O'zbek tili leksikasining boyish manbalari. O'z va o'zlashgan so'zlar - 29 ta
    [25/52] 74-dars. Omonimlar. Nutqda omonimlardan foydalanish - 30 ta
    [29/52] 89-dars. Matn va lug'at ustida ishlash - 30 ta
    [28/52] 81-dars. Yangi paydo bo'lgan so'zlar - 29 ta
    [30/52] 90-dars. Mustahkamlash - 29 ta
    [31/52] 91-dars. Terminlar. Kasbiy terminlar - 30 ta
    [33/52] 94-dars. Matn va lug'at ustida ishlash - 30 ta
    [32/52] 92-dars. Iqtisodiyotga oid terminlar - 30 ta
    [35/52] 96-dars. Ijtimoiy-gumanitar fanlarning terminlari - 29 ta
    [34/52] 95-dars. Aniq fanlarga oid terminlar - 29 ta
    [36/52] 98-dars. Qavm-qarindoshlik bilan bog'liq so'zlar - 29 ta
    [38/52] 101-dars. Iboralar - 30 ta
    [39/52] 104-dars. Nazorat ishi va uning tahlili - 30 ta
    [37/52] 100-dars. Nazorat ishi va uning tahlili - 30 ta
    [41/52] 106-dars. Maqollar (davomi) - 30 ta
    [40/52] 105-dars. Maqollar - 30 ta
    [42/52] 110-dars. Lug'at va uning turlari - 29 ta
    [43/52] 115-dars. Izohli lug'at - 30 ta
    [45/52] 119-dars. Matn va lug'at ustida ishlash - 29 ta
    [44/52] 118-dars. Imlo lug'ati - 29 ta
    [47/52] 124-dars. So'roq belgisining ishlatilishi - 30 ta
    [46/52] 122-dars. Punktuatsiya bo'limi haqida ma'lumot - 30 ta
    [49/52] 128-dars. Ish qog'ozlari ustida ishlash. E'lon, xat - 29 ta
    [48/52] 126-dars. Qo'shtirnoqning ishlatilishi - 30 ta
    [50/52] 132-dars. Fonetika va grafika bo'yicha o'tilganlarni takrorlash - 30 ta
    [52/52] 134-dars. Leksikologiya bo'yicha o'tilganlarni takrorlash - 30 ta
    [51/52] 133-dars. Imlo (orfografiya) bo'yicha o'tilganlarni takrorlash - 30 ta
[32/135] 5-sinf/5-sinf 5-Sinf Rus tili.pdf
  30 ta mavzu (model: haiku)
    [2/30] 1. Здравствуй, школа! - 28 ta
    [1/30] 1 СЕНТЯБРЯ — ДЕНЬ НЕЗАВИСИМОСТИ РЕСПУБЛИКИ УЗБЕКИСТАН - 30 ta
    [3/30] 2. Как познакомиться? - 29 ta
    [4/30] 3. Мои предметы - 30 ta
    [6/30] 5. Как сказать о множестве предметов? - 29 ta
    [5/30] 4. Мои друзья - 29 ta
    [7/30] 6. Имя прилагательное - 30 ta
    [8/30] 7. Осень. Праздник урожая - 30 ta
    [9/30] 8. Всем нужно заниматься спортом! - 30 ta
    [11/30] 10. Настоящее время глаголов - 30 ta
    [10/30] 9. Что видел ты в музее? - 30 ta
    [12/30] 11. Будущее время глаголов - 30 ta
    [14/30] 13. Сегодня в нашей школе праздник - 30 ta
    [13/30] 12. Театр кукол. Бураттино - 30 ta
    [15/30] 15. В гостях у друзей - 30 ta
    [17/30] 17. Имя числительное - 30 ta
    [16/30] 16. Наш помощник — школьная библиотека - 30 ta
    [18/30] 18. Числительные 5-20 - 30 ta
    [20/30] 22. Кому сколько лет? - 29 ta
    [19/30] 20. Дательный падеж - 29 ta
    [21/30] 23. Винительный падеж - 29 ta
    [22/30] 25. Мы знаем правила этикета - 30 ta
    [23/30] 27. Кем я хочу быть? - 30 ta
    [25/30] 29. На улицах Ташкента - 29 ta
    [26/30] 30. О чём мы можем рассказать? - 30 ta
    [24/30] 28. О чём мы узнали на телестудии? - 30 ta
    [27/30] 31. Обобщение и систематизация. Имя существительное - 30 ta
    [28/30] 32. Имя прилагательное - 30 ta
    [29/30] 33. Имя числительное - 30 ta
    [30/30] Литературное чтение - 30 ta
[33/135] 5-sinf/5-sinf 5-Sinf Tarixdan hikoyalar.pdf
  34 ta mavzu (model: haiku)
    [2/34] Tarixda yil hisobi - 30 ta
    [3/34] Dunyo xaritasi tarixi - 30 ta
    [1/34] Tarixiy manbalar - 30 ta
    [5/34] Qoyatosh suratlari - 30 ta
    [4/34] Eng qadimgi odamlar va ularning manzilgohlari - 30 ta
    [7/34] Yevropa va Amerikada dastlabki sivilizatsiyalar - 29 ta
    [8/34] Qadimgi shaharlarning paydo bo'lishi - 30 ta
    [6/34] Yozuv – insoniyatning buyuk kashfiyoti - 30 ta
    [9/34] Qadimgi dunyoning yetti mo'jizasi - 30 ta
    [10/34] O'rtaasyadagi qadimgi davlatlar - 30 ta
    [11/34] Tangalar – tarix guvohi - 30 ta
    [12/34] Savdo yo'llari - 29 ta
    [14/34] Transport va aloqa vositalari - 30 ta
    [13/34] Buyuk geografik kashfiyotlar - 29 ta
    [16/34] Yurtimizning buyuk allomalari - 30 ta
    [17/34] To'maris va Shiroq jasorati - 30 ta
    [15/34] Maktab – bilim o'chog'i - 30 ta
    [18/34] Spitamen - 29 ta
    [19/34] Jaloliddin Manguberdi xalqimizning milliy qahramoni - 30 ta
    [20/34] Sohibqiron Amir Temur - 30 ta
    [21/34] Mustamlakachilik davri - 29 ta
    [22/34] O'zbekistonning tarixiy shaharlari - 30 ta
    [25/34] Ikkinchi jahon urushi - 30 ta
    [24/34] Birinchi jahon urushi - 30 ta
    [23/34] O'zbekiston poytaxti Toshkent - 30 ta
    [26/34] Birlashgan millatlar tashkiloti (BMT) - 30 ta
    [27/34] BMT va dunyo bolalari - 30 ta
    [29/34] O'zbekistonning iqtisodi mustaqilligi - 30 ta
    [28/34] O'zbekiston mustaqilligining qo'lga kiritilishi - 30 ta
    [30/34] O'zbek tilini saqlab qolish - 30 ta
    [31/34] Milliy birlik va diniy bag'rikenglik - 30 ta
    [32/34] Xalqaro hamkorlik - 30 ta
    [34/34] XXI asr – ilm-fan va taraqqiyot asri - 30 ta
    [33/34] Dunyo xavfsizligiga tahdid - 30 ta
[34/135] 5-sinf/5-sinf 5-Sinf Tasviriy san’at.pdf

Limit tugadi.
You've hit your session limit · resets 4:40pm (Asia/Tashkent)

Limit tiklanishi kutilmoqda: 1 daqiqa. To'xtatish uchun Ctrl+C.
Qaytadan urinilmoqda - ish to'xtagan joydan davom etadi.

[1/135] 3-sinf/3-sinf 3-Sinf Ingliz tili.pdf
  ! matn topilmadi (skaner PDF?) - o'tkazildi
[2/135] 3-sinf/3-sinf 3-Sinf Matematika.pdf
  83 ta mavzu (model: haiku)
[3/135] 3-sinf/3-sinf 3-Sinf Musiqa.pdf
  1 ta mavzu (model: haiku)
[4/135] 3-sinf/3-sinf 3-Sinf Odobnoma.pdf
  24 ta mavzu (model: haiku)
[5/135] 3-sinf/3-sinf 3-Sinf Ona tili.pdf

Limit tugadi.
You've hit your session limit · resets 4:40pm (Asia/Tashkent)

Limit tiklanishi kutilmoqda: 1 daqiqa. To'xtatish uchun Ctrl+C.
Qaytadan urinilmoqda - ish to'xtagan joydan davom etadi.

[1/135] 3-sinf/3-sinf 3-Sinf Ingliz tili.pdf
  ! matn topilmadi (skaner PDF?) - o'tkazildi
[2/135] 3-sinf/3-sinf 3-Sinf Matematika.pdf
  83 ta mavzu (model: haiku)
[3/135] 3-sinf/3-sinf 3-Sinf Musiqa.pdf
  1 ta mavzu (model: haiku)
[4/135] 3-sinf/3-sinf 3-Sinf Odobnoma.pdf
  24 ta mavzu (model: haiku)
[5/135] 3-sinf/3-sinf 3-Sinf Ona tili.pdf

Limit tugadi.
You've hit your session limit · resets 4:40pm (Asia/Tashkent)

Limit tiklanishi kutilmoqda: 1 daqiqa. To'xtatish uchun Ctrl+C.
Qaytadan urinilmoqda - ish to'xtagan joydan davom etadi.

[1/135] 3-sinf/3-sinf 3-Sinf Ingliz tili.pdf
  ! matn topilmadi (skaner PDF?) - o'tkazildi
[2/135] 3-sinf/3-sinf 3-Sinf Matematika.pdf
  83 ta mavzu (model: haiku)
[3/135] 3-sinf/3-sinf 3-Sinf Musiqa.pdf
  1 ta mavzu (model: haiku)
[4/135] 3-sinf/3-sinf 3-Sinf Odobnoma.pdf
  24 ta mavzu (model: haiku)
[5/135] 3-sinf/3-sinf 3-Sinf Ona tili.pdf

Limit tugadi.
You've hit your session limit · resets 4:40pm (Asia/Tashkent)

Limit tiklanishi kutilmoqda: 1 daqiqa. To'xtatish uchun Ctrl+C.
Qaytadan urinilmoqda - ish to'xtagan joydan davom etadi.

[1/135] 3-sinf/3-sinf 3-Sinf Ingliz tili.pdf
  ! matn topilmadi (skaner PDF?) - o'tkazildi
[2/135] 3-sinf/3-sinf 3-Sinf Matematika.pdf
  83 ta mavzu (model: haiku)
[3/135] 3-sinf/3-sinf 3-Sinf Musiqa.pdf
  1 ta mavzu (model: haiku)
[4/135] 3-sinf/3-sinf 3-Sinf Odobnoma.pdf
  24 ta mavzu (model: haiku)
[5/135] 3-sinf/3-sinf 3-Sinf Ona tili.pdf

Limit tugadi.
You've hit your session limit · resets 4:40pm (Asia/Tashkent)

Limit tiklanishi kutilmoqda: 1 daqiqa. To'xtatish uchun Ctrl+C.
Qaytadan urinilmoqda - ish to'xtagan joydan davom etadi.

[1/135] 3-sinf/3-sinf 3-Sinf Ingliz tili.pdf
  ! matn topilmadi (skaner PDF?) - o'tkazildi
[2/135] 3-sinf/3-sinf 3-Sinf Matematika.pdf
  83 ta mavzu (model: haiku)
[3/135] 3-sinf/3-sinf 3-Sinf Musiqa.pdf
  1 ta mavzu (model: haiku)
[4/135] 3-sinf/3-sinf 3-Sinf Odobnoma.pdf
  24 ta mavzu (model: haiku)
[5/135] 3-sinf/3-sinf 3-Sinf Ona tili.pdf

Limit tugadi.
You've hit your session limit · resets 4:40pm (Asia/Tashkent)

Limit tiklanishi kutilmoqda: 1 daqiqa. To'xtatish uchun Ctrl+C.
Qaytadan urinilmoqda - ish to'xtagan joydan davom etadi.

[1/135] 3-sinf/3-sinf 3-Sinf Ingliz tili.pdf
  ! matn topilmadi (skaner PDF?) - o'tkazildi
[2/135] 3-sinf/3-sinf 3-Sinf Matematika.pdf
  83 ta mavzu (model: haiku)
[3/135] 3-sinf/3-sinf 3-Sinf Musiqa.pdf
  1 ta mavzu (model: haiku)
[4/135] 3-sinf/3-sinf 3-Sinf Odobnoma.pdf
  24 ta mavzu (model: haiku)
[5/135] 3-sinf/3-sinf 3-Sinf Ona tili.pdf

Limit tugadi.
You've hit your session limit · resets 4:40pm (Asia/Tashkent)

Limit tiklanishi kutilmoqda: 1 daqiqa. To'xtatish uchun Ctrl+C.
Qaytadan urinilmoqda - ish to'xtagan joydan davom etadi.

[1/135] 3-sinf/3-sinf 3-Sinf Ingliz tili.pdf
  ! matn topilmadi (skaner PDF?) - o'tkazildi
[2/135] 3-sinf/3-sinf 3-Sinf Matematika.pdf
  83 ta mavzu (model: haiku)
[3/135] 3-sinf/3-sinf 3-Sinf Musiqa.pdf
  1 ta mavzu (model: haiku)
[4/135] 3-sinf/3-sinf 3-Sinf Odobnoma.pdf
  24 ta mavzu (model: haiku)
[5/135] 3-sinf/3-sinf 3-Sinf Ona tili.pdf

Limit tugadi.
You've hit your session limit · resets 4:40pm (Asia/Tashkent)

Limit tiklanishi kutilmoqda: 1 daqiqa. To'xtatish uchun Ctrl+C.
Qaytadan urinilmoqda - ish to'xtagan joydan davom etadi.

[1/135] 3-sinf/3-sinf 3-Sinf Ingliz tili.pdf
  ! matn topilmadi (skaner PDF?) - o'tkazildi
[2/135] 3-sinf/3-sinf 3-Sinf Matematika.pdf
  83 ta mavzu (model: haiku)
[3/135] 3-sinf/3-sinf 3-Sinf Musiqa.pdf
  1 ta mavzu (model: haiku)
[4/135] 3-sinf/3-sinf 3-Sinf Odobnoma.pdf
  24 ta mavzu (model: haiku)
[5/135] 3-sinf/3-sinf 3-Sinf Ona tili.pdf

Limit tugadi.
You've hit your session limit · resets 4:40pm (Asia/Tashkent)

Limit tiklanishi kutilmoqda: 1 daqiqa. To'xtatish uchun Ctrl+C.
Qaytadan urinilmoqda - ish to'xtagan joydan davom etadi.

[1/135] 3-sinf/3-sinf 3-Sinf Ingliz tili.pdf
  ! matn topilmadi (skaner PDF?) - o'tkazildi
[2/135] 3-sinf/3-sinf 3-Sinf Matematika.pdf
  83 ta mavzu (model: haiku)
[3/135] 3-sinf/3-sinf 3-Sinf Musiqa.pdf
  1 ta mavzu (model: haiku)
[4/135] 3-sinf/3-sinf 3-Sinf Odobnoma.pdf
  24 ta mavzu (model: haiku)
[5/135] 3-sinf/3-sinf 3-Sinf Ona tili.pdf

Limit tugadi.
You've hit your session limit · resets 4:40pm (Asia/Tashkent)

Limit tiklanishi kutilmoqda: 1 daqiqa. To'xtatish uchun Ctrl+C.
Qaytadan urinilmoqda - ish to'xtagan joydan davom etadi.

[1/135] 3-sinf/3-sinf 3-Sinf Ingliz tili.pdf
  ! matn topilmadi (skaner PDF?) - o'tkazildi
[2/135] 3-sinf/3-sinf 3-Sinf Matematika.pdf
  83 ta mavzu (model: haiku)
[3/135] 3-sinf/3-sinf 3-Sinf Musiqa.pdf
  1 ta mavzu (model: haiku)
[4/135] 3-sinf/3-sinf 3-Sinf Odobnoma.pdf
  24 ta mavzu (model: haiku)
[5/135] 3-sinf/3-sinf 3-Sinf Ona tili.pdf

Limit tugadi.
You've hit your session limit · resets 4:40pm (Asia/Tashkent)

Limit tiklanishi kutilmoqda: 1 daqiqa. To'xtatish uchun Ctrl+C.
Qaytadan urinilmoqda - ish to'xtagan joydan davom etadi.

[1/135] 3-sinf/3-sinf 3-Sinf Ingliz tili.pdf
  ! matn topilmadi (skaner PDF?) - o'tkazildi
[2/135] 3-sinf/3-sinf 3-Sinf Matematika.pdf
  83 ta mavzu (model: haiku)
[3/135] 3-sinf/3-sinf 3-Sinf Musiqa.pdf
  1 ta mavzu (model: haiku)
[4/135] 3-sinf/3-sinf 3-Sinf Odobnoma.pdf
  24 ta mavzu (model: haiku)
[5/135] 3-sinf/3-sinf 3-Sinf Ona tili.pdf

Limit tugadi.
You've hit your session limit · resets 4:40pm (Asia/Tashkent)

Limit tiklanishi kutilmoqda: 1 daqiqa. To'xtatish uchun Ctrl+C.
Qaytadan urinilmoqda - ish to'xtagan joydan davom etadi.

[1/135] 3-sinf/3-sinf 3-Sinf Ingliz tili.pdf
  ! matn topilmadi (skaner PDF?) - o'tkazildi
[2/135] 3-sinf/3-sinf 3-Sinf Matematika.pdf
  83 ta mavzu (model: haiku)
[3/135] 3-sinf/3-sinf 3-Sinf Musiqa.pdf
  1 ta mavzu (model: haiku)
[4/135] 3-sinf/3-sinf 3-Sinf Odobnoma.pdf
  24 ta mavzu (model: haiku)
[5/135] 3-sinf/3-sinf 3-Sinf Ona tili.pdf

Limit tugadi.
You've hit your session limit · resets 4:40pm (Asia/Tashkent)

Limit tiklanishi kutilmoqda: 1 daqiqa. To'xtatish uchun Ctrl+C.
Qaytadan urinilmoqda - ish to'xtagan joydan davom etadi.

[1/135] 3-sinf/3-sinf 3-Sinf Ingliz tili.pdf
  ! matn topilmadi (skaner PDF?) - o'tkazildi
[2/135] 3-sinf/3-sinf 3-Sinf Matematika.pdf
  83 ta mavzu (model: haiku)
[3/135] 3-sinf/3-sinf 3-Sinf Musiqa.pdf
  1 ta mavzu (model: haiku)
[4/135] 3-sinf/3-sinf 3-Sinf Odobnoma.pdf
  24 ta mavzu (model: haiku)
[5/135] 3-sinf/3-sinf 3-Sinf Ona tili.pdf

Limit tugadi.
You've hit your session limit · resets 4:40pm (Asia/Tashkent)

Limit tiklanishi kutilmoqda: 1 daqiqa. To'xtatish uchun Ctrl+C.
Qaytadan urinilmoqda - ish to'xtagan joydan davom etadi.

[1/135] 3-sinf/3-sinf 3-Sinf Ingliz tili.pdf
  ! matn topilmadi (skaner PDF?) - o'tkazildi
[2/135] 3-sinf/3-sinf 3-Sinf Matematika.pdf
  83 ta mavzu (model: haiku)
[3/135] 3-sinf/3-sinf 3-Sinf Musiqa.pdf
  1 ta mavzu (model: haiku)
[4/135] 3-sinf/3-sinf 3-Sinf Odobnoma.pdf
  24 ta mavzu (model: haiku)
[5/135] 3-sinf/3-sinf 3-Sinf Ona tili.pdf

Limit tugadi.
You've hit your session limit · resets 4:40pm (Asia/Tashkent)

Limit tiklanishi kutilmoqda: 1 daqiqa. To'xtatish uchun Ctrl+C.
Qaytadan urinilmoqda - ish to'xtagan joydan davom etadi.

[1/135] 3-sinf/3-sinf 3-Sinf Ingliz tili.pdf
  ! matn topilmadi (skaner PDF?) - o'tkazildi
[2/135] 3-sinf/3-sinf 3-Sinf Matematika.pdf
  83 ta mavzu (model: haiku)
[3/135] 3-sinf/3-sinf 3-Sinf Musiqa.pdf
  1 ta mavzu (model: haiku)
[4/135] 3-sinf/3-sinf 3-Sinf Odobnoma.pdf
  24 ta mavzu (model: haiku)
[5/135] 3-sinf/3-sinf 3-Sinf Ona tili.pdf

Limit tugadi.
You've hit your session limit · resets 4:40pm (Asia/Tashkent)

Limit tiklanishi kutilmoqda: 1 daqiqa. To'xtatish uchun Ctrl+C.
Qaytadan urinilmoqda - ish to'xtagan joydan davom etadi.

[1/135] 3-sinf/3-sinf 3-Sinf Ingliz tili.pdf
  ! matn topilmadi (skaner PDF?) - o'tkazildi
[2/135] 3-sinf/3-sinf 3-Sinf Matematika.pdf
  83 ta mavzu (model: haiku)
[3/135] 3-sinf/3-sinf 3-Sinf Musiqa.pdf
  1 ta mavzu (model: haiku)
[4/135] 3-sinf/3-sinf 3-Sinf Odobnoma.pdf
  24 ta mavzu (model: haiku)
[5/135] 3-sinf/3-sinf 3-Sinf Ona tili.pdf

Limit tugadi.
You've hit your session limit · resets 4:40pm (Asia/Tashkent)

Limit tiklanishi kutilmoqda: 1 daqiqa. To'xtatish uchun Ctrl+C.
Qaytadan urinilmoqda - ish to'xtagan joydan davom etadi.

[1/135] 3-sinf/3-sinf 3-Sinf Ingliz tili.pdf
  ! matn topilmadi (skaner PDF?) - o'tkazildi
[2/135] 3-sinf/3-sinf 3-Sinf Matematika.pdf
  83 ta mavzu (model: haiku)
[3/135] 3-sinf/3-sinf 3-Sinf Musiqa.pdf
  1 ta mavzu (model: haiku)
[4/135] 3-sinf/3-sinf 3-Sinf Odobnoma.pdf
  24 ta mavzu (model: haiku)
[5/135] 3-sinf/3-sinf 3-Sinf Ona tili.pdf

Limit tugadi.
You've hit your session limit · resets 4:40pm (Asia/Tashkent)

Limit tiklanishi kutilmoqda: 1 daqiqa. To'xtatish uchun Ctrl+C.
Qaytadan urinilmoqda - ish to'xtagan joydan davom etadi.

[1/135] 3-sinf/3-sinf 3-Sinf Ingliz tili.pdf
  ! matn topilmadi (skaner PDF?) - o'tkazildi
[2/135] 3-sinf/3-sinf 3-Sinf Matematika.pdf
  83 ta mavzu (model: haiku)
[3/135] 3-sinf/3-sinf 3-Sinf Musiqa.pdf
  1 ta mavzu (model: haiku)
[4/135] 3-sinf/3-sinf 3-Sinf Odobnoma.pdf
  24 ta mavzu (model: haiku)
[5/135] 3-sinf/3-sinf 3-Sinf Ona tili.pdf

Limit tugadi.
You've hit your session limit · resets 4:40pm (Asia/Tashkent)

Limit tiklanishi kutilmoqda: 1 daqiqa. To'xtatish uchun Ctrl+C.
Qaytadan urinilmoqda - ish to'xtagan joydan davom etadi.

[1/135] 3-sinf/3-sinf 3-Sinf Ingliz tili.pdf
  ! matn topilmadi (skaner PDF?) - o'tkazildi
[2/135] 3-sinf/3-sinf 3-Sinf Matematika.pdf
  83 ta mavzu (model: haiku)
[3/135] 3-sinf/3-sinf 3-Sinf Musiqa.pdf
  1 ta mavzu (model: haiku)
[4/135] 3-sinf/3-sinf 3-Sinf Odobnoma.pdf
  24 ta mavzu (model: haiku)
[5/135] 3-sinf/3-sinf 3-Sinf Ona tili.pdf

Limit tugadi.
You've hit your session limit · resets 4:40pm (Asia/Tashkent)

Limit tiklanishi kutilmoqda: 1 daqiqa. To'xtatish uchun Ctrl+C.
Qaytadan urinilmoqda - ish to'xtagan joydan davom etadi.

[1/135] 3-sinf/3-sinf 3-Sinf Ingliz tili.pdf
  ! matn topilmadi (skaner PDF?) - o'tkazildi
[2/135] 3-sinf/3-sinf 3-Sinf Matematika.pdf
  83 ta mavzu (model: haiku)
[3/135] 3-sinf/3-sinf 3-Sinf Musiqa.pdf
  1 ta mavzu (model: haiku)
[4/135] 3-sinf/3-sinf 3-Sinf Odobnoma.pdf
  24 ta mavzu (model: haiku)
[5/135] 3-sinf/3-sinf 3-Sinf Ona tili.pdf

Limit tugadi.
You've hit your session limit · resets 4:40pm (Asia/Tashkent)

Limit tiklanishi kutilmoqda: 1 daqiqa. To'xtatish uchun Ctrl+C.
Qaytadan urinilmoqda - ish to'xtagan joydan davom etadi.

[1/135] 3-sinf/3-sinf 3-Sinf Ingliz tili.pdf
  ! matn topilmadi (skaner PDF?) - o'tkazildi
[2/135] 3-sinf/3-sinf 3-Sinf Matematika.pdf
  83 ta mavzu (model: haiku)
[3/135] 3-sinf/3-sinf 3-Sinf Musiqa.pdf
  1 ta mavzu (model: haiku)
[4/135] 3-sinf/3-sinf 3-Sinf Odobnoma.pdf
  24 ta mavzu (model: haiku)
[5/135] 3-sinf/3-sinf 3-Sinf Ona tili.pdf

Limit tugadi.
You've hit your session limit · resets 4:40pm (Asia/Tashkent)

Limit tiklanishi kutilmoqda: 1 daqiqa. To'xtatish uchun Ctrl+C.
Qaytadan urinilmoqda - ish to'xtagan joydan davom etadi.

[1/135] 3-sinf/3-sinf 3-Sinf Ingliz tili.pdf
  ! matn topilmadi (skaner PDF?) - o'tkazildi
[2/135] 3-sinf/3-sinf 3-Sinf Matematika.pdf
  83 ta mavzu (model: haiku)
[3/135] 3-sinf/3-sinf 3-Sinf Musiqa.pdf
  1 ta mavzu (model: haiku)
[4/135] 3-sinf/3-sinf 3-Sinf Odobnoma.pdf
  24 ta mavzu (model: haiku)
[5/135] 3-sinf/3-sinf 3-Sinf Ona tili.pdf

Limit tugadi.
You've hit your session limit · resets 4:40pm (Asia/Tashkent)

Limit tiklanishi kutilmoqda: 1 daqiqa. To'xtatish uchun Ctrl+C.
Qaytadan urinilmoqda - ish to'xtagan joydan davom etadi.

[1/135] 3-sinf/3-sinf 3-Sinf Ingliz tili.pdf
  ! matn topilmadi (skaner PDF?) - o'tkazildi
[2/135] 3-sinf/3-sinf 3-Sinf Matematika.pdf
  83 ta mavzu (model: haiku)
[3/135] 3-sinf/3-sinf 3-Sinf Musiqa.pdf
  1 ta mavzu (model: haiku)
[4/135] 3-sinf/3-sinf 3-Sinf Odobnoma.pdf
  24 ta mavzu (model: haiku)
[5/135] 3-sinf/3-sinf 3-Sinf Ona tili.pdf

Limit tugadi.
You've hit your session limit · resets 4:40pm (Asia/Tashkent)

Limit tiklanishi kutilmoqda: 1 daqiqa. To'xtatish uchun Ctrl+C.
Qaytadan urinilmoqda - ish to'xtagan joydan davom etadi.

[1/135] 3-sinf/3-sinf 3-Sinf Ingliz tili.pdf
  ! matn topilmadi (skaner PDF?) - o'tkazildi
[2/135] 3-sinf/3-sinf 3-Sinf Matematika.pdf
  83 ta mavzu (model: haiku)
[3/135] 3-sinf/3-sinf 3-Sinf Musiqa.pdf
  1 ta mavzu (model: haiku)
[4/135] 3-sinf/3-sinf 3-Sinf Odobnoma.pdf
  24 ta mavzu (model: haiku)
[5/135] 3-sinf/3-sinf 3-Sinf Ona tili.pdf

Limit tugadi.
You've hit your session limit · resets 4:40pm (Asia/Tashkent)

Limit tiklanishi kutilmoqda: 1 daqiqa. To'xtatish uchun Ctrl+C.
Qaytadan urinilmoqda - ish to'xtagan joydan davom etadi.

[1/135] 3-sinf/3-sinf 3-Sinf Ingliz tili.pdf
  ! matn topilmadi (skaner PDF?) - o'tkazildi
[2/135] 3-sinf/3-sinf 3-Sinf Matematika.pdf
  83 ta mavzu (model: haiku)
[3/135] 3-sinf/3-sinf 3-Sinf Musiqa.pdf
  1 ta mavzu (model: haiku)
[4/135] 3-sinf/3-sinf 3-Sinf Odobnoma.pdf
  24 ta mavzu (model: haiku)
[5/135] 3-sinf/3-sinf 3-Sinf Ona tili.pdf

Limit tugadi.
You've hit your session limit · resets 4:40pm (Asia/Tashkent)

Limit tiklanishi kutilmoqda: 1 daqiqa. To'xtatish uchun Ctrl+C.
Qaytadan urinilmoqda - ish to'xtagan joydan davom etadi.

[1/135] 3-sinf/3-sinf 3-Sinf Ingliz tili.pdf
  ! matn topilmadi (skaner PDF?) - o'tkazildi
[2/135] 3-sinf/3-sinf 3-Sinf Matematika.pdf
  83 ta mavzu (model: haiku)
[3/135] 3-sinf/3-sinf 3-Sinf Musiqa.pdf
  1 ta mavzu (model: haiku)
[4/135] 3-sinf/3-sinf 3-Sinf Odobnoma.pdf
  24 ta mavzu (model: haiku)
[5/135] 3-sinf/3-sinf 3-Sinf Ona tili.pdf

Limit tugadi.
You've hit your session limit · resets 4:40pm (Asia/Tashkent)

Limit tiklanishi kutilmoqda: 1 daqiqa. To'xtatish uchun Ctrl+C.
Qaytadan urinilmoqda - ish to'xtagan joydan davom etadi.

[1/135] 3-sinf/3-sinf 3-Sinf Ingliz tili.pdf
  ! matn topilmadi (skaner PDF?) - o'tkazildi
[2/135] 3-sinf/3-sinf 3-Sinf Matematika.pdf
  83 ta mavzu (model: haiku)
[3/135] 3-sinf/3-sinf 3-Sinf Musiqa.pdf
  1 ta mavzu (model: haiku)
[4/135] 3-sinf/3-sinf 3-Sinf Odobnoma.pdf
  24 ta mavzu (model: haiku)
[5/135] 3-sinf/3-sinf 3-Sinf Ona tili.pdf

Limit tugadi.
You've hit your session limit · resets 4:40pm (Asia/Tashkent)

Limit tiklanishi kutilmoqda: 1 daqiqa. To'xtatish uchun Ctrl+C.
Qaytadan urinilmoqda - ish to'xtagan joydan davom etadi.

[1/135] 3-sinf/3-sinf 3-Sinf Ingliz tili.pdf
  ! matn topilmadi (skaner PDF?) - o'tkazildi
[2/135] 3-sinf/3-sinf 3-Sinf Matematika.pdf
  83 ta mavzu (model: haiku)
[3/135] 3-sinf/3-sinf 3-Sinf Musiqa.pdf
  1 ta mavzu (model: haiku)
[4/135] 3-sinf/3-sinf 3-Sinf Odobnoma.pdf
  24 ta mavzu (model: haiku)
[5/135] 3-sinf/3-sinf 3-Sinf Ona tili.pdf

Limit tugadi.
You've hit your session limit · resets 4:40pm (Asia/Tashkent)

Limit tiklanishi kutilmoqda: 1 daqiqa. To'xtatish uchun Ctrl+C.
Qaytadan urinilmoqda - ish to'xtagan joydan davom etadi.

[1/135] 3-sinf/3-sinf 3-Sinf Ingliz tili.pdf
  ! matn topilmadi (skaner PDF?) - o'tkazildi
[2/135] 3-sinf/3-sinf 3-Sinf Matematika.pdf
  83 ta mavzu (model: haiku)
[3/135] 3-sinf/3-sinf 3-Sinf Musiqa.pdf
  1 ta mavzu (model: haiku)
[4/135] 3-sinf/3-sinf 3-Sinf Odobnoma.pdf
  24 ta mavzu (model: haiku)
[5/135] 3-sinf/3-sinf 3-Sinf Ona tili.pdf

Limit tugadi.
You've hit your session limit · resets 4:40pm (Asia/Tashkent)

Limit tiklanishi kutilmoqda: 1 daqiqa. To'xtatish uchun Ctrl+C.
Qaytadan urinilmoqda - ish to'xtagan joydan davom etadi.

[1/135] 3-sinf/3-sinf 3-Sinf Ingliz tili.pdf
  ! matn topilmadi (skaner PDF?) - o'tkazildi
[2/135] 3-sinf/3-sinf 3-Sinf Matematika.pdf
  83 ta mavzu (model: haiku)
[3/135] 3-sinf/3-sinf 3-Sinf Musiqa.pdf
  1 ta mavzu (model: haiku)
[4/135] 3-sinf/3-sinf 3-Sinf Odobnoma.pdf
  24 ta mavzu (model: haiku)
[5/135] 3-sinf/3-sinf 3-Sinf Ona tili.pdf

Limit tugadi.
You've hit your session limit · resets 4:40pm (Asia/Tashkent)

Limit tiklanishi kutilmoqda: 1 daqiqa. To'xtatish uchun Ctrl+C.
Qaytadan urinilmoqda - ish to'xtagan joydan davom etadi.

[1/135] 3-sinf/3-sinf 3-Sinf Ingliz tili.pdf
  ! matn topilmadi (skaner PDF?) - o'tkazildi
[2/135] 3-sinf/3-sinf 3-Sinf Matematika.pdf
  83 ta mavzu (model: haiku)
[3/135] 3-sinf/3-sinf 3-Sinf Musiqa.pdf
  1 ta mavzu (model: haiku)
[4/135] 3-sinf/3-sinf 3-Sinf Odobnoma.pdf
  24 ta mavzu (model: haiku)
[5/135] 3-sinf/3-sinf 3-Sinf Ona tili.pdf

Limit tugadi.
You've hit your session limit · resets 4:40pm (Asia/Tashkent)

Limit tiklanishi kutilmoqda: 1 daqiqa. To'xtatish uchun Ctrl+C.
Qaytadan urinilmoqda - ish to'xtagan joydan davom etadi.

[1/135] 3-sinf/3-sinf 3-Sinf Ingliz tili.pdf
  ! matn topilmadi (skaner PDF?) - o'tkazildi
[2/135] 3-sinf/3-sinf 3-Sinf Matematika.pdf
  83 ta mavzu (model: haiku)
[3/135] 3-sinf/3-sinf 3-Sinf Musiqa.pdf
  1 ta mavzu (model: haiku)
[4/135] 3-sinf/3-sinf 3-Sinf Odobnoma.pdf
  24 ta mavzu (model: haiku)
[5/135] 3-sinf/3-sinf 3-Sinf Ona tili.pdf

Limit tugadi.
You've hit your session limit · resets 4:40pm (Asia/Tashkent)

Limit tiklanishi kutilmoqda: 1 daqiqa. To'xtatish uchun Ctrl+C.
Qaytadan urinilmoqda - ish to'xtagan joydan davom etadi.

[1/135] 3-sinf/3-sinf 3-Sinf Ingliz tili.pdf
  ! matn topilmadi (skaner PDF?) - o'tkazildi
[2/135] 3-sinf/3-sinf 3-Sinf Matematika.pdf
  83 ta mavzu (model: haiku)
[3/135] 3-sinf/3-sinf 3-Sinf Musiqa.pdf
  1 ta mavzu (model: haiku)
[4/135] 3-sinf/3-sinf 3-Sinf Odobnoma.pdf
  24 ta mavzu (model: haiku)
[5/135] 3-sinf/3-sinf 3-Sinf Ona tili.pdf

Limit tugadi.
You've hit your session limit · resets 4:40pm (Asia/Tashkent)

Limit tiklanishi kutilmoqda: 1 daqiqa. To'xtatish uchun Ctrl+C.
Qaytadan urinilmoqda - ish to'xtagan joydan davom etadi.

[1/135] 3-sinf/3-sinf 3-Sinf Ingliz tili.pdf
  ! matn topilmadi (skaner PDF?) - o'tkazildi
[2/135] 3-sinf/3-sinf 3-Sinf Matematika.pdf
  83 ta mavzu (model: haiku)
[3/135] 3-sinf/3-sinf 3-Sinf Musiqa.pdf
  1 ta mavzu (model: haiku)
[4/135] 3-sinf/3-sinf 3-Sinf Odobnoma.pdf
  24 ta mavzu (model: haiku)
[5/135] 3-sinf/3-sinf 3-Sinf Ona tili.pdf

Limit tugadi.
You've hit your session limit · resets 4:40pm (Asia/Tashkent)

Limit tiklanishi kutilmoqda: 1 daqiqa. To'xtatish uchun Ctrl+C.
Qaytadan urinilmoqda - ish to'xtagan joydan davom etadi.

[1/135] 3-sinf/3-sinf 3-Sinf Ingliz tili.pdf
  ! matn topilmadi (skaner PDF?) - o'tkazildi
[2/135] 3-sinf/3-sinf 3-Sinf Matematika.pdf
  83 ta mavzu (model: haiku)
[3/135] 3-sinf/3-sinf 3-Sinf Musiqa.pdf
  1 ta mavzu (model: haiku)
[4/135] 3-sinf/3-sinf 3-Sinf Odobnoma.pdf
  24 ta mavzu (model: haiku)
[5/135] 3-sinf/3-sinf 3-Sinf Ona tili.pdf

Limit tugadi.
You've hit your session limit · resets 4:40pm (Asia/Tashkent)

Limit tiklanishi kutilmoqda: 1 daqiqa. To'xtatish uchun Ctrl+C.
Qaytadan urinilmoqda - ish to'xtagan joydan davom etadi.

[1/135] 3-sinf/3-sinf 3-Sinf Ingliz tili.pdf
  ! matn topilmadi (skaner PDF?) - o'tkazildi
[2/135] 3-sinf/3-sinf 3-Sinf Matematika.pdf
  83 ta mavzu (model: haiku)
[3/135] 3-sinf/3-sinf 3-Sinf Musiqa.pdf
  1 ta mavzu (model: haiku)
[4/135] 3-sinf/3-sinf 3-Sinf Odobnoma.pdf
  24 ta mavzu (model: haiku)
[5/135] 3-sinf/3-sinf 3-Sinf Ona tili.pdf

Limit tugadi.
You've hit your session limit · resets 4:40pm (Asia/Tashkent)

Limit tiklanishi kutilmoqda: 1 daqiqa. To'xtatish uchun Ctrl+C.
Qaytadan urinilmoqda - ish to'xtagan joydan davom etadi.

[1/135] 3-sinf/3-sinf 3-Sinf Ingliz tili.pdf
  ! matn topilmadi (skaner PDF?) - o'tkazildi
[2/135] 3-sinf/3-sinf 3-Sinf Matematika.pdf
  83 ta mavzu (model: haiku)
[3/135] 3-sinf/3-sinf 3-Sinf Musiqa.pdf
  1 ta mavzu (model: haiku)
[4/135] 3-sinf/3-sinf 3-Sinf Odobnoma.pdf
  24 ta mavzu (model: haiku)
[5/135] 3-sinf/3-sinf 3-Sinf Ona tili.pdf

Limit tugadi.
You've hit your session limit · resets 4:40pm (Asia/Tashkent)

Limit tiklanishi kutilmoqda: 1 daqiqa. To'xtatish uchun Ctrl+C.
Qaytadan urinilmoqda - ish to'xtagan joydan davom etadi.

[1/135] 3-sinf/3-sinf 3-Sinf Ingliz tili.pdf
  ! matn topilmadi (skaner PDF?) - o'tkazildi
[2/135] 3-sinf/3-sinf 3-Sinf Matematika.pdf
  83 ta mavzu (model: haiku)
[3/135] 3-sinf/3-sinf 3-Sinf Musiqa.pdf
  1 ta mavzu (model: haiku)
[4/135] 3-sinf/3-sinf 3-Sinf Odobnoma.pdf
  24 ta mavzu (model: haiku)
[5/135] 3-sinf/3-sinf 3-Sinf Ona tili.pdf

Limit tugadi.
You've hit your session limit · resets 4:40pm (Asia/Tashkent)

Limit tiklanishi kutilmoqda: 1 daqiqa. To'xtatish uchun Ctrl+C.
Qaytadan urinilmoqda - ish to'xtagan joydan davom etadi.

[1/135] 3-sinf/3-sinf 3-Sinf Ingliz tili.pdf
  ! matn topilmadi (skaner PDF?) - o'tkazildi
[2/135] 3-sinf/3-sinf 3-Sinf Matematika.pdf
  83 ta mavzu (model: haiku)
[3/135] 3-sinf/3-sinf 3-Sinf Musiqa.pdf
  1 ta mavzu (model: haiku)
[4/135] 3-sinf/3-sinf 3-Sinf Odobnoma.pdf
  24 ta mavzu (model: haiku)
[5/135] 3-sinf/3-sinf 3-Sinf Ona tili.pdf

Limit tugadi.
You've hit your session limit · resets 4:40pm (Asia/Tashkent)

Limit tiklanishi kutilmoqda: 1 daqiqa. To'xtatish uchun Ctrl+C.
Qaytadan urinilmoqda - ish to'xtagan joydan davom etadi.

[1/135] 3-sinf/3-sinf 3-Sinf Ingliz tili.pdf
  ! matn topilmadi (skaner PDF?) - o'tkazildi
[2/135] 3-sinf/3-sinf 3-Sinf Matematika.pdf
  83 ta mavzu (model: haiku)
[3/135] 3-sinf/3-sinf 3-Sinf Musiqa.pdf
  1 ta mavzu (model: haiku)
[4/135] 3-sinf/3-sinf 3-Sinf Odobnoma.pdf
  24 ta mavzu (model: haiku)
[5/135] 3-sinf/3-sinf 3-Sinf Ona tili.pdf

Limit tugadi.
You've hit your session limit · resets 4:40pm (Asia/Tashkent)

Limit tiklanishi kutilmoqda: 1 daqiqa. To'xtatish uchun Ctrl+C.
Qaytadan urinilmoqda - ish to'xtagan joydan davom etadi.

[1/135] 3-sinf/3-sinf 3-Sinf Ingliz tili.pdf
  ! matn topilmadi (skaner PDF?) - o'tkazildi
[2/135] 3-sinf/3-sinf 3-Sinf Matematika.pdf
  83 ta mavzu (model: haiku)
[3/135] 3-sinf/3-sinf 3-Sinf Musiqa.pdf
  1 ta mavzu (model: haiku)
[4/135] 3-sinf/3-sinf 3-Sinf Odobnoma.pdf
  24 ta mavzu (model: haiku)
[5/135] 3-sinf/3-sinf 3-Sinf Ona tili.pdf

Limit tugadi.
You've hit your session limit · resets 4:40pm (Asia/Tashkent)

Limit tiklanishi kutilmoqda: 1 daqiqa. To'xtatish uchun Ctrl+C.
Qaytadan urinilmoqda - ish to'xtagan joydan davom etadi.

[1/135] 3-sinf/3-sinf 3-Sinf Ingliz tili.pdf
  ! matn topilmadi (skaner PDF?) - o'tkazildi
[2/135] 3-sinf/3-sinf 3-Sinf Matematika.pdf
  83 ta mavzu (model: haiku)
[3/135] 3-sinf/3-sinf 3-Sinf Musiqa.pdf
  1 ta mavzu (model: haiku)
[4/135] 3-sinf/3-sinf 3-Sinf Odobnoma.pdf
  24 ta mavzu (model: haiku)
[5/135] 3-sinf/3-sinf 3-Sinf Ona tili.pdf

Limit tugadi.
You've hit your session limit · resets 4:40pm (Asia/Tashkent)

Limit tiklanishi kutilmoqda: 1 daqiqa. To'xtatish uchun Ctrl+C.
Qaytadan urinilmoqda - ish to'xtagan joydan davom etadi.

[1/135] 3-sinf/3-sinf 3-Sinf Ingliz tili.pdf
  ! matn topilmadi (skaner PDF?) - o'tkazildi
[2/135] 3-sinf/3-sinf 3-Sinf Matematika.pdf
  83 ta mavzu (model: haiku)
[3/135] 3-sinf/3-sinf 3-Sinf Musiqa.pdf
  1 ta mavzu (model: haiku)
[4/135] 3-sinf/3-sinf 3-Sinf Odobnoma.pdf
  24 ta mavzu (model: haiku)
[5/135] 3-sinf/3-sinf 3-Sinf Ona tili.pdf

Limit tugadi.
You've hit your session limit · resets 4:40pm (Asia/Tashkent)

Limit tiklanishi kutilmoqda: 1 daqiqa. To'xtatish uchun Ctrl+C.
Qaytadan urinilmoqda - ish to'xtagan joydan davom etadi.

[1/135] 3-sinf/3-sinf 3-Sinf Ingliz tili.pdf
  ! matn topilmadi (skaner PDF?) - o'tkazildi
[2/135] 3-sinf/3-sinf 3-Sinf Matematika.pdf
  83 ta mavzu (model: haiku)
[3/135] 3-sinf/3-sinf 3-Sinf Musiqa.pdf
  1 ta mavzu (model: haiku)
[4/135] 3-sinf/3-sinf 3-Sinf Odobnoma.pdf
  24 ta mavzu (model: haiku)
[5/135] 3-sinf/3-sinf 3-Sinf Ona tili.pdf

Limit tugadi.
You've hit your session limit · resets 4:40pm (Asia/Tashkent)

Limit tiklanishi kutilmoqda: 1 daqiqa. To'xtatish uchun Ctrl+C.
Qaytadan urinilmoqda - ish to'xtagan joydan davom etadi.

[1/135] 3-sinf/3-sinf 3-Sinf Ingliz tili.pdf
  ! matn topilmadi (skaner PDF?) - o'tkazildi
[2/135] 3-sinf/3-sinf 3-Sinf Matematika.pdf
  83 ta mavzu (model: haiku)
[3/135] 3-sinf/3-sinf 3-Sinf Musiqa.pdf
  1 ta mavzu (model: haiku)
[4/135] 3-sinf/3-sinf 3-Sinf Odobnoma.pdf
  24 ta mavzu (model: haiku)
[5/135] 3-sinf/3-sinf 3-Sinf Ona tili.pdf

Limit tugadi.
You've hit your session limit · resets 4:40pm (Asia/Tashkent)

Limit tiklanishi kutilmoqda: 1 daqiqa. To'xtatish uchun Ctrl+C.
Qaytadan urinilmoqda - ish to'xtagan joydan davom etadi.

[1/135] 3-sinf/3-sinf 3-Sinf Ingliz tili.pdf
  ! matn topilmadi (skaner PDF?) - o'tkazildi
[2/135] 3-sinf/3-sinf 3-Sinf Matematika.pdf
  83 ta mavzu (model: haiku)
[3/135] 3-sinf/3-sinf 3-Sinf Musiqa.pdf
  1 ta mavzu (model: haiku)
[4/135] 3-sinf/3-sinf 3-Sinf Odobnoma.pdf
  24 ta mavzu (model: haiku)
[5/135] 3-sinf/3-sinf 3-Sinf Ona tili.pdf

Limit tugadi.
You've hit your session limit · resets 4:40pm (Asia/Tashkent)

Limit tiklanishi kutilmoqda: 1 daqiqa. To'xtatish uchun Ctrl+C.
Qaytadan urinilmoqda - ish to'xtagan joydan davom etadi.

[1/135] 3-sinf/3-sinf 3-Sinf Ingliz tili.pdf
  ! matn topilmadi (skaner PDF?) - o'tkazildi
[2/135] 3-sinf/3-sinf 3-Sinf Matematika.pdf
  83 ta mavzu (model: haiku)
[3/135] 3-sinf/3-sinf 3-Sinf Musiqa.pdf
  1 ta mavzu (model: haiku)
[4/135] 3-sinf/3-sinf 3-Sinf Odobnoma.pdf
  24 ta mavzu (model: haiku)
[5/135] 3-sinf/3-sinf 3-Sinf Ona tili.pdf

Limit tugadi.
You've hit your session limit · resets 4:40pm (Asia/Tashkent)

Limit tiklanishi kutilmoqda: 1 daqiqa. To'xtatish uchun Ctrl+C.
Qaytadan urinilmoqda - ish to'xtagan joydan davom etadi.

[1/135] 3-sinf/3-sinf 3-Sinf Ingliz tili.pdf
  ! matn topilmadi (skaner PDF?) - o'tkazildi
[2/135] 3-sinf/3-sinf 3-Sinf Matematika.pdf
  83 ta mavzu (model: haiku)
[3/135] 3-sinf/3-sinf 3-Sinf Musiqa.pdf
  1 ta mavzu (model: haiku)
[4/135] 3-sinf/3-sinf 3-Sinf Odobnoma.pdf
  24 ta mavzu (model: haiku)
[5/135] 3-sinf/3-sinf 3-Sinf Ona tili.pdf

Limit tugadi.
You've hit your session limit · resets 4:40pm (Asia/Tashkent)

Limit tiklanishi kutilmoqda: 1 daqiqa. To'xtatish uchun Ctrl+C.
Qaytadan urinilmoqda - ish to'xtagan joydan davom etadi.

[1/135] 3-sinf/3-sinf 3-Sinf Ingliz tili.pdf
  ! matn topilmadi (skaner PDF?) - o'tkazildi
[2/135] 3-sinf/3-sinf 3-Sinf Matematika.pdf
  83 ta mavzu (model: haiku)
[3/135] 3-sinf/3-sinf 3-Sinf Musiqa.pdf
  1 ta mavzu (model: haiku)
[4/135] 3-sinf/3-sinf 3-Sinf Odobnoma.pdf
  24 ta mavzu (model: haiku)
[5/135] 3-sinf/3-sinf 3-Sinf Ona tili.pdf

Limit tugadi.
You've hit your session limit · resets 4:40pm (Asia/Tashkent)

Limit tiklanishi kutilmoqda: 1 daqiqa. To'xtatish uchun Ctrl+C.
Qaytadan urinilmoqda - ish to'xtagan joydan davom etadi.

[1/135] 3-sinf/3-sinf 3-Sinf Ingliz tili.pdf
  ! matn topilmadi (skaner PDF?) - o'tkazildi
[2/135] 3-sinf/3-sinf 3-Sinf Matematika.pdf
  83 ta mavzu (model: haiku)
[3/135] 3-sinf/3-sinf 3-Sinf Musiqa.pdf
  1 ta mavzu (model: haiku)
[4/135] 3-sinf/3-sinf 3-Sinf Odobnoma.pdf
  24 ta mavzu (model: haiku)
[5/135] 3-sinf/3-sinf 3-Sinf Ona tili.pdf

Limit tugadi.
You've hit your session limit · resets 4:40pm (Asia/Tashkent)

Limit tiklanishi kutilmoqda: 1 daqiqa. To'xtatish uchun Ctrl+C.
Qaytadan urinilmoqda - ish to'xtagan joydan davom etadi.

[1/135] 3-sinf/3-sinf 3-Sinf Ingliz tili.pdf
  ! matn topilmadi (skaner PDF?) - o'tkazildi
[2/135] 3-sinf/3-sinf 3-Sinf Matematika.pdf
  83 ta mavzu (model: haiku)
[3/135] 3-sinf/3-sinf 3-Sinf Musiqa.pdf
  1 ta mavzu (model: haiku)
[4/135] 3-sinf/3-sinf 3-Sinf Odobnoma.pdf
  24 ta mavzu (model: haiku)
[5/135] 3-sinf/3-sinf 3-Sinf Ona tili.pdf

Limit tugadi.
You've hit your session limit · resets 4:40pm (Asia/Tashkent)

Limit tiklanishi kutilmoqda: 1 daqiqa. To'xtatish uchun Ctrl+C.
Qaytadan urinilmoqda - ish to'xtagan joydan davom etadi.

[1/135] 3-sinf/3-sinf 3-Sinf Ingliz tili.pdf
  ! matn topilmadi (skaner PDF?) - o'tkazildi
[2/135] 3-sinf/3-sinf 3-Sinf Matematika.pdf
  83 ta mavzu (model: haiku)
[3/135] 3-sinf/3-sinf 3-Sinf Musiqa.pdf
  1 ta mavzu (model: haiku)
[4/135] 3-sinf/3-sinf 3-Sinf Odobnoma.pdf
  24 ta mavzu (model: haiku)
[5/135] 3-sinf/3-sinf 3-Sinf Ona tili.pdf

Limit tugadi.
You've hit your session limit · resets 4:40pm (Asia/Tashkent)

Limit tiklanishi kutilmoqda: 1 daqiqa. To'xtatish uchun Ctrl+C.
Qaytadan urinilmoqda - ish to'xtagan joydan davom etadi.

[1/135] 3-sinf/3-sinf 3-Sinf Ingliz tili.pdf
  ! matn topilmadi (skaner PDF?) - o'tkazildi
[2/135] 3-sinf/3-sinf 3-Sinf Matematika.pdf
  83 ta mavzu (model: haiku)
[3/135] 3-sinf/3-sinf 3-Sinf Musiqa.pdf
  1 ta mavzu (model: haiku)
[4/135] 3-sinf/3-sinf 3-Sinf Odobnoma.pdf
  24 ta mavzu (model: haiku)
[5/135] 3-sinf/3-sinf 3-Sinf Ona tili.pdf

Limit tugadi.
You've hit your session limit · resets 4:40pm (Asia/Tashkent)

Limit tiklanishi kutilmoqda: 1 daqiqa. To'xtatish uchun Ctrl+C.
Qaytadan urinilmoqda - ish to'xtagan joydan davom etadi.

[1/135] 3-sinf/3-sinf 3-Sinf Ingliz tili.pdf
  ! matn topilmadi (skaner PDF?) - o'tkazildi
[2/135] 3-sinf/3-sinf 3-Sinf Matematika.pdf
  83 ta mavzu (model: haiku)
[3/135] 3-sinf/3-sinf 3-Sinf Musiqa.pdf
  1 ta mavzu (model: haiku)
[4/135] 3-sinf/3-sinf 3-Sinf Odobnoma.pdf
  24 ta mavzu (model: haiku)
[5/135] 3-sinf/3-sinf 3-Sinf Ona tili.pdf

Limit tugadi.
You've hit your session limit · resets 4:40pm (Asia/Tashkent)

Limit tiklanishi kutilmoqda: 1 daqiqa. To'xtatish uchun Ctrl+C.
Qaytadan urinilmoqda - ish to'xtagan joydan davom etadi.

[1/135] 3-sinf/3-sinf 3-Sinf Ingliz tili.pdf
  ! matn topilmadi (skaner PDF?) - o'tkazildi
[2/135] 3-sinf/3-sinf 3-Sinf Matematika.pdf
  83 ta mavzu (model: haiku)
[3/135] 3-sinf/3-sinf 3-Sinf Musiqa.pdf
  1 ta mavzu (model: haiku)
[4/135] 3-sinf/3-sinf 3-Sinf Odobnoma.pdf
  24 ta mavzu (model: haiku)
[5/135] 3-sinf/3-sinf 3-Sinf Ona tili.pdf

Limit tugadi.
You've hit your session limit · resets 4:40pm (Asia/Tashkent)

Limit tiklanishi kutilmoqda: 1 daqiqa. To'xtatish uchun Ctrl+C.
Qaytadan urinilmoqda - ish to'xtagan joydan davom etadi.

[1/135] 3-sinf/3-sinf 3-Sinf Ingliz tili.pdf
  ! matn topilmadi (skaner PDF?) - o'tkazildi
[2/135] 3-sinf/3-sinf 3-Sinf Matematika.pdf
  83 ta mavzu (model: haiku)
[3/135] 3-sinf/3-sinf 3-Sinf Musiqa.pdf
  1 ta mavzu (model: haiku)
[4/135] 3-sinf/3-sinf 3-Sinf Odobnoma.pdf
  24 ta mavzu (model: haiku)
[5/135] 3-sinf/3-sinf 3-Sinf Ona tili.pdf

Limit tugadi.
You've hit your session limit · resets 4:40pm (Asia/Tashkent)

Limit tiklanishi kutilmoqda: 1 daqiqa. To'xtatish uchun Ctrl+C.
Qaytadan urinilmoqda - ish to'xtagan joydan davom etadi.

[1/135] 3-sinf/3-sinf 3-Sinf Ingliz tili.pdf
  ! matn topilmadi (skaner PDF?) - o'tkazildi
[2/135] 3-sinf/3-sinf 3-Sinf Matematika.pdf
  83 ta mavzu (model: haiku)
[3/135] 3-sinf/3-sinf 3-Sinf Musiqa.pdf
  1 ta mavzu (model: haiku)
[4/135] 3-sinf/3-sinf 3-Sinf Odobnoma.pdf
  24 ta mavzu (model: haiku)
[5/135] 3-sinf/3-sinf 3-Sinf Ona tili.pdf

Limit tugadi.
You've hit your session limit · resets 4:40pm (Asia/Tashkent)

Limit tiklanishi kutilmoqda: 1 daqiqa. To'xtatish uchun Ctrl+C.
Qaytadan urinilmoqda - ish to'xtagan joydan davom etadi.

[1/135] 3-sinf/3-sinf 3-Sinf Ingliz tili.pdf
  ! matn topilmadi (skaner PDF?) - o'tkazildi
[2/135] 3-sinf/3-sinf 3-Sinf Matematika.pdf
  83 ta mavzu (model: haiku)
[3/135] 3-sinf/3-sinf 3-Sinf Musiqa.pdf
  1 ta mavzu (model: haiku)
[4/135] 3-sinf/3-sinf 3-Sinf Odobnoma.pdf
  24 ta mavzu (model: haiku)
[5/135] 3-sinf/3-sinf 3-Sinf Ona tili.pdf
  ! mavzular aniqlanmadi - o'tkazildi (keyingi safar qayta urinadi)
[6/135] 3-sinf/3-sinf 3-Sinf O‘qish.pdf
  77 ta mavzu (model: haiku)
[7/135] 3-sinf/3-sinf 3-Sinf Rus tili.pdf
  24 ta mavzu (model: haiku)
[8/135] 3-sinf/3-sinf 3-Sinf Tabiatshunoslik.pdf
  41 ta mavzu (model: haiku)
[9/135] 3-sinf/3-sinf 3-Sinf Tarbiya.pdf
  20 ta mavzu (model: haiku)
[10/135] 3-sinf/3-sinf 3-Sinf Tasviriy san’at.pdf
  28 ta mavzu (model: haiku)
[11/135] 3-sinf/3-sinf 3-Sinf Texnologiya.pdf
  30 ta mavzu (model: haiku)
[12/135] 4-sinf/4-sinf 4-Sinf Ingliz tili.pdf
  ! matn topilmadi (skaner PDF?) - o'tkazildi
[13/135] 4-sinf/4-sinf 4-Sinf Matematika.pdf
  28 ta mavzu (model: haiku)
[14/135] 4-sinf/4-sinf 4-Sinf Musiqa.pdf
  27 ta mavzu (model: haiku)
[15/135] 4-sinf/4-sinf 4-Sinf Odobnoma.pdf
  36 ta mavzu (model: haiku)
[16/135] 4-sinf/4-sinf 4-Sinf Ona tili.pdf
  17 ta mavzu (model: haiku)
[17/135] 4-sinf/4-sinf 4-Sinf O‘qish (metodika).pdf
  23 ta mavzu (model: haiku)
[18/135] 4-sinf/4-sinf 4-Sinf O‘qish.pdf
  36 ta mavzu (model: haiku)
[19/135] 4-sinf/4-sinf 4-Sinf Rus tili.pdf
  42 ta mavzu (model: haiku)
[20/135] 4-sinf/4-sinf 4-Sinf Tabiatshunoslik.pdf
  33 ta mavzu (model: haiku)
[21/135] 4-sinf/4-sinf 4-Sinf Tasviriy san’at.pdf
  23 ta mavzu (model: haiku)
[22/135] 4-sinf/4-sinf 4-Sinf Texnologiya.pdf
  49 ta mavzu (model: haiku)
[23/135] 5-sinf/5-sinf 5-Sinf Adabiyot.pdf
  22 ta mavzu (model: haiku)
[24/135] 5-sinf/5-sinf 5-Sinf Biologiya.pdf
  13 ta mavzu (model: haiku)
[25/135] 5-sinf/5-sinf 5-Sinf Geografiya.pdf
  23 ta mavzu (model: haiku)
[26/135] 5-sinf/5-sinf 5-Sinf Informatika.pdf
  32 ta mavzu (model: haiku)
[27/135] 5-sinf/5-sinf 5-Sinf Ingliz tili.pdf
  13 ta mavzu (model: haiku)
[28/135] 5-sinf/5-sinf 5-Sinf Matematika (1-qism).pdf
  36 ta mavzu (model: haiku)
[29/135] 5-sinf/5-sinf 5-Sinf Matematika (2-qism).pdf
  20 ta mavzu (model: haiku)
[30/135] 5-sinf/5-sinf 5-Sinf Musiqa.pdf
  29 ta mavzu (model: haiku)
[31/135] 5-sinf/5-sinf 5-Sinf Ona tili.pdf
  52 ta mavzu (model: haiku)
[32/135] 5-sinf/5-sinf 5-Sinf Rus tili.pdf
  30 ta mavzu (model: haiku)
[33/135] 5-sinf/5-sinf 5-Sinf Tarixdan hikoyalar.pdf
  34 ta mavzu (model: haiku)
[34/135] 5-sinf/5-sinf 5-Sinf Tasviriy san’at.pdf
  12 ta mavzu (model: haiku)
    [1/12] 1-dars. Tasviriy san'atning ifoda vositalari haqida suhbat - 30 ta
    [2/12] 4-dars. Oq va qora ranglardan grafik rasm ishlash - 30 ta
    [3/12] 6-dars. Hajm – haykaltaroshlik - 30 ta
    [5/12] 8, 9-darslar. Rangtasvir xususiyatlari - 29 ta
    [4/12] 7-dars. Oydin tundagi yoki quyoshning botish chog'idagi daraxtni tasvirlash - 30 ta
    [8/12] 17-dars. Rangtasvirda naturmort - 30 ta
    [6/12] 10-dars. Rangtasvir va grafikada manzara - 30 ta
135 ta PDF topildi

[1/135] 3-sinf/3-sinf 3-Sinf Ingliz tili.pdf
  ! matn topilmadi (skaner PDF?) - o'tkazildi
[2/135] 3-sinf/3-sinf 3-Sinf Matematika.pdf
  83 ta mavzu (model: haiku)
[3/135] 3-sinf/3-sinf 3-Sinf Musiqa.pdf
  1 ta mavzu (model: haiku)
[4/135] 3-sinf/3-sinf 3-Sinf Odobnoma.pdf
  24 ta mavzu (model: haiku)
[5/135] 3-sinf/3-sinf 3-Sinf Ona tili.pdf
  ! mavzular aniqlanmadi - o'tkazildi (keyingi safar qayta urinadi)
[6/135] 3-sinf/3-sinf 3-Sinf O‘qish.pdf
  77 ta mavzu (model: haiku)
[7/135] 3-sinf/3-sinf 3-Sinf Rus tili.pdf
  24 ta mavzu (model: haiku)
[8/135] 3-sinf/3-sinf 3-Sinf Tabiatshunoslik.pdf
  41 ta mavzu (model: haiku)
[9/135] 3-sinf/3-sinf 3-Sinf Tarbiya.pdf
  20 ta mavzu (model: haiku)
[10/135] 3-sinf/3-sinf 3-Sinf Tasviriy san’at.pdf
  28 ta mavzu (model: haiku)
[11/135] 3-sinf/3-sinf 3-Sinf Texnologiya.pdf
  30 ta mavzu (model: haiku)
[12/135] 4-sinf/4-sinf 4-Sinf Ingliz tili.pdf
  ! matn topilmadi (skaner PDF?) - o'tkazildi
[13/135] 4-sinf/4-sinf 4-Sinf Matematika.pdf
  28 ta mavzu (model: haiku)
[14/135] 4-sinf/4-sinf 4-Sinf Musiqa.pdf
  27 ta mavzu (model: haiku)
[15/135] 4-sinf/4-sinf 4-Sinf Odobnoma.pdf
  36 ta mavzu (model: haiku)
[16/135] 4-sinf/4-sinf 4-Sinf Ona tili.pdf
  17 ta mavzu (model: haiku)
[17/135] 4-sinf/4-sinf 4-Sinf O‘qish (metodika).pdf
  23 ta mavzu (model: haiku)
[18/135] 4-sinf/4-sinf 4-Sinf O‘qish.pdf
  36 ta mavzu (model: haiku)
[19/135] 4-sinf/4-sinf 4-Sinf Rus tili.pdf
  42 ta mavzu (model: haiku)
[20/135] 4-sinf/4-sinf 4-Sinf Tabiatshunoslik.pdf
  33 ta mavzu (model: haiku)
[21/135] 4-sinf/4-sinf 4-Sinf Tasviriy san’at.pdf
  23 ta mavzu (model: haiku)
[22/135] 4-sinf/4-sinf 4-Sinf Texnologiya.pdf
  49 ta mavzu (model: haiku)
[23/135] 5-sinf/5-sinf 5-Sinf Adabiyot.pdf
  22 ta mavzu (model: haiku)
[24/135] 5-sinf/5-sinf 5-Sinf Biologiya.pdf
  13 ta mavzu (model: haiku)
[25/135] 5-sinf/5-sinf 5-Sinf Geografiya.pdf
  23 ta mavzu (model: haiku)
[26/135] 5-sinf/5-sinf 5-Sinf Informatika.pdf
  32 ta mavzu (model: haiku)
[27/135] 5-sinf/5-sinf 5-Sinf Ingliz tili.pdf
  13 ta mavzu (model: haiku)
[28/135] 5-sinf/5-sinf 5-Sinf Matematika (1-qism).pdf
  36 ta mavzu (model: haiku)
[29/135] 5-sinf/5-sinf 5-Sinf Matematika (2-qism).pdf
  20 ta mavzu (model: haiku)
[30/135] 5-sinf/5-sinf 5-Sinf Musiqa.pdf
  29 ta mavzu (model: haiku)
[31/135] 5-sinf/5-sinf 5-Sinf Ona tili.pdf
  52 ta mavzu (model: haiku)
[32/135] 5-sinf/5-sinf 5-Sinf Rus tili.pdf
  30 ta mavzu (model: haiku)
[33/135] 5-sinf/5-sinf 5-Sinf Tarixdan hikoyalar.pdf
  34 ta mavzu (model: haiku)
[34/135] 5-sinf/5-sinf 5-Sinf Tasviriy san’at.pdf
  12 ta mavzu (model: haiku)
[35/135] 5-sinf/5-sinf 5-Sinf Texnologiya.pdf
  64 ta mavzu (model: haiku)
[36/135] 5-sinf/5-sinf 5-Sinf Vatan tuyg‘usi.pdf
  10 ta mavzu (model: haiku)
[37/135] 6-sinf/6-sinf 6-Sinf Adabiyot (1-qism).pdf
  10 ta mavzu (model: haiku)
[38/135] 6-sinf/6-sinf 6-Sinf Adabiyot (2-qism).pdf
  11 ta mavzu (model: haiku)
[39/135] 6-sinf/6-sinf 6-Sinf Botanika.pdf
  ! matn topilmadi (skaner PDF?) - o'tkazildi
[40/135] 6-sinf/6-sinf 6-Sinf Fizika.pdf
  24 ta mavzu (model: haiku)
[41/135] 6-sinf/6-sinf 6-Sinf Geografiya.pdf
  61 ta mavzu (model: haiku)
[42/135] 6-sinf/6-sinf 6-Sinf Informatika (1).pdf
  12 ta mavzu (model: haiku)
[43/135] 6-sinf/6-sinf 6-Sinf Informatika (2).pdf
  14 ta mavzu (model: haiku)
[44/135] 6-sinf/6-sinf 6-Sinf Informatika.pdf
  24 ta mavzu (model: haiku)
[45/135] 6-sinf/6-sinf 6-Sinf Ingliz tili.pdf
  77 ta mavzu (model: haiku)
    xato: Expecting value: line 1 column 1 (char 0)
    ! [9] UNIT 2 LESSON 3 - o'tkazildi
    ! [3] UNIT 1 LESSON 3 - He wants to be a/an - o'tkazildi
    ! [14] UNIT 3 LESSON 2 - o'tkazildi
    ! [32] UNIT 6 LESSON 2 - Dinosaurs - o'tkazildi
    xato: Expecting value: line 1 column 1 (char 0)
    ! [6] UNIT 1 LESSON 6 - Project - o'tkazildi
    ! [49] UNIT 9 LESSON 1 - Continents, countries - o'tkazildi
    ! [44] UNIT 8 LESSON 2 - o'tkazildi
[46/135] 6-sinf/6-sinf 6-Sinf Matematika.pdf
  18 ta mavzu (model: haiku)
[47/135] 6-sinf/6-sinf 6-Sinf Musiqa.pdf
  ! matn topilmadi (skaner PDF?) - o'tkazildi
[48/135] 6-sinf/6-sinf 6-Sinf Ona tili.pdf
  46 ta mavzu (model: haiku)
    [8/46] SO'Z TURKUMLARI - 29 ta
    [9/46] FE'L - 30 ta
    [10/46] O'TIMLI VA O'TIMSIZ FE'LLAR - 30 ta
    [12/46] FE'LNING VAZIFA SHAKLLARI - 30 ta
    [11/46] NISBAT - 30 ta
    [13/46] HARAKAT NOMI - 29 ta
    [15/46] RAVISHDOSH - 30 ta
    [14/46] SIFATDOSH - 30 ta
    [16/46] KO'MAKCHI FE'LLAR - 30 ta
    [17/46] YASAMA FE'LLAR - 30 ta
    [18/46] FE'LNING ZAMON SHAKLLARI - 30 ta
    [19/46] FE'LNING MAYDALLIGI - 29 ta
    [20/46] OT TURKUMI - 30 ta
    [21/46] OT TUZILISHI - 29 ta
    [22/46] SHAXS OTLARI - 30 ta
    [23/46] NARSA OTLARI - 29 ta
    [24/46] O'RIN-JOY OTLARI - 30 ta
    [26/46] ANIQ VA MAVHUM OTLAR - 30 ta
    [27/46] SIFAT - 30 ta
    [25/46] FAOLIYAT-JARAYON OTLARI - 30 ta
    [28/46] SIFAT YASOVCHI QO'SHIMCHALAR - 30 ta
    [29/46] SIFAT TUZILISHI - 30 ta
    [30/46] SIFAT DARAJASI - 30 ta
    [33/46] SON - 29 ta
    xato: Expecting ',' delimiter: line 24 column 249 (char 4813)
    [32/46] RANG-TUS, MAZA-TA'M VA HID SIFATLARI - 30 ta
    [34/46] MIQDOR SONLAR - 30 ta
    [35/46] SANOQ SONLAR - 30 ta
    [31/46] XUSUSIYAT, HAJM-O'LCHOV, MAKON-ZAMON SIFATLARI - 30 ta
    [37/46] TAQSIM SONLAR - 30 ta
    [36/46] DONA SONLAR - 30 ta
    [38/46] KASR SONLAR - 30 ta
    [40/46] TARTIB SONLAR - 30 ta
    [39/46] HISOB SO'ZLARI - 30 ta
    [41/46] RAVISH - 30 ta
    [43/46] PAYT RAVISHLARI - 29 ta
    [42/46] HOLAT RAVISHLARI - 30 ta
    [45/46] MIQDOR-DARAJA RAVISHLARI - 29 ta
    [44/46] O'RIN RAVISHLARI - 30 ta
    [46/46] TARJIMAYI HOL - 29 ta
[49/135] 6-sinf/6-sinf 6-Sinf Rus tili.pdf
  37 ta mavzu (model: haiku)
    [3/37] Как описать внешний вид человека - 30 ta
    [2/37] Как сказать о профессии, занятии человека - 30 ta
    [1/37] Как выразить доброе, ласковое отношение - 30 ta
    [4/37] Черты характера человека - 30 ta
    [5/37] Как сравнить предметы по качеству - 29 ta
    [6/37] Глаголы несовершенного вида - 30 ta
    [7/37] Глаголы совершенного и несовершенного вида - 30 ta
    [8/37] Как вежливо попросить - 30 ta
    [9/37] Как сказать о предполагаемом, нереальном действии - 30 ta
    [11/37] Как сказать о времени действия - 30 ta
    [10/37] Как сказать о начальном и конечном пунктах движения - 29 ta
    [12/37] Как сказать о направлении движения - 30 ta
    [13/37] Как ещё сказать о местонахождении предмета - 30 ta
    [14/37] Как сказать о причине действия - 29 ta
    [15/37] Как сказать о точном количестве предметов - 30 ta
    [16/37] Что выражают междометия - 30 ta
    [17/37] Повторение. Имя существительное - 30 ta
    [18/37] Склонение имён прилагательных - 30 ta
    [19/37] Имя числительное - 30 ta
    [20/37] Местоимение - 30 ta
    [21/37] Глагол - 30 ta
    [22/37] Гуси-лебеди - 28 ta
    [23/37] Квартет - 30 ta
    [24/37] Стрекоза и Муравей - 29 ta
    [25/37] Сказка о рыбаке и рыбке - 29 ta
    [27/37] Зимний вечер - 29 ta
    [28/37] Парус - 29 ta
    xato: Expecting ',' delimiter: line 130 column 170 (char 5803)
    [29/37] Произведения Н.А. Некрасова - 30 ta
    [30/37] В ночном - 30 ta
    [26/37] Сказка о мёртвой царевне и семи богатырях - 30 ta
    [32/37] Первый снег - 29 ta
    [33/37] Ванька - 30 ta
    [31/37] Прыжок - 30 ta
    [34/37] Бюро лесных услуг - 30 ta
    [35/37] Крылатый будильник - 29 ta
    [37/37] Приключения на чужой планете - 29 ta
    xato: Expecting ',' delimiter: line 27 column 201 (char 6090)
    [36/37] Он живой и светится - 30 ta
[50/135] 6-sinf/6-sinf 6-Sinf Tarix.pdf
  44 ta mavzu (model: haiku)
    [3/44] 3-§. Urug'chilik jamiyati - 30 ta
    [2/44] 2-§. Eng qadimgi odamlar - 29 ta
    [1/44] 1-§. Qadimgi tarix – taraqqiyotning boshlanishi - 30 ta
    [4/44] 4-§. Eneolit va bronza davri - 30 ta
    [5/44] 5-§. Temir davri - 30 ta
    [6/44] 6-§. Nil vodiysi va uning aholisi - 30 ta
    [9/44] 9-§. Piramidalar va daxmalar - 29 ta
    [8/44] 8-§. Qadimgi Misrda din - 30 ta
    [10/44] 10-§. Qadimgi Misr madaniyati - 30 ta
    [7/44] 7-§. Qadimgi Misr - 30 ta
    [12/44] 12-§. Bobil podsholigi - 30 ta
    [11/44] 11-§. Mesopotamiya sivilizatsiyalari - 30 ta
    [14/44] 14-§. Ahamoniylar davlati - 30 ta
    [13/44] 13-§. Old Osiyo davlatlari - 28 ta
    [15/44] 15-§. Qadimgi Hindiston sivilizatsiyasi - 29 ta
    [18/44] 18-§. Miloddan avvalgi III-milodiy II asrlarda Xitoy - 30 ta
    [16/44] 16-§. Miloddan avvalgi I ming yillikda Hindiston - 30 ta
    [17/44] 17-§. Qadimgi Xitoy - 30 ta
    [19/44] 19-§. Qadimgi Xorazm, Qang' va Davan - 30 ta
    [20/44] 20-§. Zardushtiylik - 30 ta
    [21/44] 21-§. Antik tarixning boshlanishi - 30 ta
    [22/44] 22-§. Yunon davlatlari - 29 ta
    [23/44] 23-§. Yunon koloniyalari - 28 ta
    [24/44] 24-§. Afina davlatining rivojlanishi - 30 ta
    [26/44] 26-§. Yunonistonning Makedoniya tomonidan bosib olinishi - 29 ta
    [25/44] 25-§. Yunon-fors urushlari - 30 ta
    [27/44] 27-§. Fuqaro tarbiyasi - 30 ta
    [28/44] 28-§. Troy shahri - 30 ta

Limit tugadi.
You've hit your weekly limit · resets Sep 30 at 1pm (Asia/Tashkent)

Limit tiklanishi kutilmoqda: 1 daqiqa. To'xtatish uchun Ctrl+C.
Qaytadan urinilmoqda - ish to'xtagan joydan davom etadi.

[1/135] 3-sinf/3-sinf 3-Sinf Ingliz tili.pdf
  ! matn topilmadi (skaner PDF?) - o'tkazildi
[2/135] 3-sinf/3-sinf 3-Sinf Matematika.pdf
  83 ta mavzu (model: haiku)
[3/135] 3-sinf/3-sinf 3-Sinf Musiqa.pdf
  1 ta mavzu (model: haiku)
[4/135] 3-sinf/3-sinf 3-Sinf Odobnoma.pdf
  24 ta mavzu (model: haiku)
[5/135] 3-sinf/3-sinf 3-Sinf Ona tili.pdf

Limit tugadi.
You've hit your weekly limit · resets Sep 30 at 1pm (Asia/Tashkent)

Limit tiklanishi kutilmoqda: 1 daqiqa. To'xtatish uchun Ctrl+C.
Qaytadan urinilmoqda - ish to'xtagan joydan davom etadi.

[1/135] 3-sinf/3-sinf 3-Sinf Ingliz tili.pdf
  ! matn topilmadi (skaner PDF?) - o'tkazildi
[2/135] 3-sinf/3-sinf 3-Sinf Matematika.pdf
  83 ta mavzu (model: haiku)
[3/135] 3-sinf/3-sinf 3-Sinf Musiqa.pdf
  1 ta mavzu (model: haiku)
[4/135] 3-sinf/3-sinf 3-Sinf Odobnoma.pdf
  24 ta mavzu (model: haiku)
[5/135] 3-sinf/3-sinf 3-Sinf Ona tili.pdf

Limit tugadi.
You've hit your weekly limit · resets Sep 30 at 1pm (Asia/Tashkent)

Limit tiklanishi kutilmoqda: 1 daqiqa. To'xtatish uchun Ctrl+C.
Qaytadan urinilmoqda - ish to'xtagan joydan davom etadi.

[1/135] 3-sinf/3-sinf 3-Sinf Ingliz tili.pdf
  ! matn topilmadi (skaner PDF?) - o'tkazildi
[2/135] 3-sinf/3-sinf 3-Sinf Matematika.pdf
  83 ta mavzu (model: haiku)
[3/135] 3-sinf/3-sinf 3-Sinf Musiqa.pdf
  1 ta mavzu (model: haiku)
[4/135] 3-sinf/3-sinf 3-Sinf Odobnoma.pdf
  24 ta mavzu (model: haiku)
[5/135] 3-sinf/3-sinf 3-Sinf Ona tili.pdf

Limit tugadi.
You've hit your weekly limit · resets Sep 30 at 1pm (Asia/Tashkent)

Limit tiklanishi kutilmoqda: 1 daqiqa. To'xtatish uchun Ctrl+C.
Qaytadan urinilmoqda - ish to'xtagan joydan davom etadi.

[1/135] 3-sinf/3-sinf 3-Sinf Ingliz tili.pdf
  ! matn topilmadi (skaner PDF?) - o'tkazildi
[2/135] 3-sinf/3-sinf 3-Sinf Matematika.pdf
  83 ta mavzu (model: haiku)
[3/135] 3-sinf/3-sinf 3-Sinf Musiqa.pdf
  1 ta mavzu (model: haiku)
[4/135] 3-sinf/3-sinf 3-Sinf Odobnoma.pdf
  24 ta mavzu (model: haiku)
[5/135] 3-sinf/3-sinf 3-Sinf Ona tili.pdf

Limit tugadi.
You've hit your weekly limit · resets Sep 30 at 1pm (Asia/Tashkent)

Limit tiklanishi kutilmoqda: 1 daqiqa. To'xtatish uchun Ctrl+C.
Qaytadan urinilmoqda - ish to'xtagan joydan davom etadi.

[1/135] 3-sinf/3-sinf 3-Sinf Ingliz tili.pdf
  ! matn topilmadi (skaner PDF?) - o'tkazildi
[2/135] 3-sinf/3-sinf 3-Sinf Matematika.pdf
  83 ta mavzu (model: haiku)
[3/135] 3-sinf/3-sinf 3-Sinf Musiqa.pdf
  1 ta mavzu (model: haiku)
[4/135] 3-sinf/3-sinf 3-Sinf Odobnoma.pdf
  24 ta mavzu (model: haiku)
[5/135] 3-sinf/3-sinf 3-Sinf Ona tili.pdf

Limit tugadi.
You've hit your weekly limit · resets Sep 30 at 1pm (Asia/Tashkent)

Limit tiklanishi kutilmoqda: 1 daqiqa. To'xtatish uchun Ctrl+C.
Qaytadan urinilmoqda - ish to'xtagan joydan davom etadi.

[1/135] 3-sinf/3-sinf 3-Sinf Ingliz tili.pdf
  ! matn topilmadi (skaner PDF?) - o'tkazildi
[2/135] 3-sinf/3-sinf 3-Sinf Matematika.pdf
  83 ta mavzu (model: haiku)
[3/135] 3-sinf/3-sinf 3-Sinf Musiqa.pdf
  1 ta mavzu (model: haiku)
[4/135] 3-sinf/3-sinf 3-Sinf Odobnoma.pdf
  24 ta mavzu (model: haiku)
[5/135] 3-sinf/3-sinf 3-Sinf Ona tili.pdf

Limit tugadi.
You've hit your weekly limit · resets Sep 30 at 1pm (Asia/Tashkent)

Limit tiklanishi kutilmoqda: 1 daqiqa. To'xtatish uchun Ctrl+C.
Qaytadan urinilmoqda - ish to'xtagan joydan davom etadi.

[1/135] 3-sinf/3-sinf 3-Sinf Ingliz tili.pdf
  ! matn topilmadi (skaner PDF?) - o'tkazildi
[2/135] 3-sinf/3-sinf 3-Sinf Matematika.pdf
  83 ta mavzu (model: haiku)
[3/135] 3-sinf/3-sinf 3-Sinf Musiqa.pdf
  1 ta mavzu (model: haiku)
[4/135] 3-sinf/3-sinf 3-Sinf Odobnoma.pdf
  24 ta mavzu (model: haiku)
[5/135] 3-sinf/3-sinf 3-Sinf Ona tili.pdf

Limit tugadi.
You've hit your weekly limit · resets Sep 30 at 1pm (Asia/Tashkent)

Limit tiklanishi kutilmoqda: 1 daqiqa. To'xtatish uchun Ctrl+C.
Qaytadan urinilmoqda - ish to'xtagan joydan davom etadi.

[1/135] 3-sinf/3-sinf 3-Sinf Ingliz tili.pdf
  ! matn topilmadi (skaner PDF?) - o'tkazildi
[2/135] 3-sinf/3-sinf 3-Sinf Matematika.pdf
  83 ta mavzu (model: haiku)
[3/135] 3-sinf/3-sinf 3-Sinf Musiqa.pdf
  1 ta mavzu (model: haiku)
[4/135] 3-sinf/3-sinf 3-Sinf Odobnoma.pdf
  24 ta mavzu (model: haiku)
[5/135] 3-sinf/3-sinf 3-Sinf Ona tili.pdf

Limit tugadi.
You've hit your weekly limit · resets Sep 30 at 1pm (Asia/Tashkent)

Limit tiklanishi kutilmoqda: 1 daqiqa. To'xtatish uchun Ctrl+C.
Qaytadan urinilmoqda - ish to'xtagan joydan davom etadi.

[1/135] 3-sinf/3-sinf 3-Sinf Ingliz tili.pdf
  ! matn topilmadi (skaner PDF?) - o'tkazildi
[2/135] 3-sinf/3-sinf 3-Sinf Matematika.pdf
  83 ta mavzu (model: haiku)
[3/135] 3-sinf/3-sinf 3-Sinf Musiqa.pdf
  1 ta mavzu (model: haiku)
[4/135] 3-sinf/3-sinf 3-Sinf Odobnoma.pdf
  24 ta mavzu (model: haiku)
[5/135] 3-sinf/3-sinf 3-Sinf Ona tili.pdf

Limit tugadi.
You've hit your weekly limit · resets Sep 30 at 1pm (Asia/Tashkent)

Limit tiklanishi kutilmoqda: 1 daqiqa. To'xtatish uchun Ctrl+C.
Qaytadan urinilmoqda - ish to'xtagan joydan davom etadi.

[1/135] 3-sinf/3-sinf 3-Sinf Ingliz tili.pdf
  ! matn topilmadi (skaner PDF?) - o'tkazildi
[2/135] 3-sinf/3-sinf 3-Sinf Matematika.pdf
  83 ta mavzu (model: haiku)
[3/135] 3-sinf/3-sinf 3-Sinf Musiqa.pdf
  1 ta mavzu (model: haiku)
[4/135] 3-sinf/3-sinf 3-Sinf Odobnoma.pdf
  24 ta mavzu (model: haiku)
[5/135] 3-sinf/3-sinf 3-Sinf Ona tili.pdf

Limit tugadi.
You've hit your weekly limit · resets Sep 30 at 1pm (Asia/Tashkent)

Limit tiklanishi kutilmoqda: 1 daqiqa. To'xtatish uchun Ctrl+C.
Qaytadan urinilmoqda - ish to'xtagan joydan davom etadi.

[1/135] 3-sinf/3-sinf 3-Sinf Ingliz tili.pdf
  ! matn topilmadi (skaner PDF?) - o'tkazildi
[2/135] 3-sinf/3-sinf 3-Sinf Matematika.pdf
  83 ta mavzu (model: haiku)
[3/135] 3-sinf/3-sinf 3-Sinf Musiqa.pdf
  1 ta mavzu (model: haiku)
[4/135] 3-sinf/3-sinf 3-Sinf Odobnoma.pdf
  24 ta mavzu (model: haiku)
[5/135] 3-sinf/3-sinf 3-Sinf Ona tili.pdf

Limit tugadi.
You've hit your weekly limit · resets Sep 30 at 1pm (Asia/Tashkent)

Limit tiklanishi kutilmoqda: 1 daqiqa. To'xtatish uchun Ctrl+C.
Qaytadan urinilmoqda - ish to'xtagan joydan davom etadi.

[1/135] 3-sinf/3-sinf 3-Sinf Ingliz tili.pdf
  ! matn topilmadi (skaner PDF?) - o'tkazildi
[2/135] 3-sinf/3-sinf 3-Sinf Matematika.pdf
  83 ta mavzu (model: haiku)
[3/135] 3-sinf/3-sinf 3-Sinf Musiqa.pdf
  1 ta mavzu (model: haiku)
[4/135] 3-sinf/3-sinf 3-Sinf Odobnoma.pdf
  24 ta mavzu (model: haiku)
[5/135] 3-sinf/3-sinf 3-Sinf Ona tili.pdf

Limit tugadi.
You've hit your weekly limit · resets Sep 30 at 1pm (Asia/Tashkent)

Limit tiklanishi kutilmoqda: 1 daqiqa. To'xtatish uchun Ctrl+C.
Qaytadan urinilmoqda - ish to'xtagan joydan davom etadi.

[1/135] 3-sinf/3-sinf 3-Sinf Ingliz tili.pdf
  ! matn topilmadi (skaner PDF?) - o'tkazildi
[2/135] 3-sinf/3-sinf 3-Sinf Matematika.pdf
  83 ta mavzu (model: haiku)
[3/135] 3-sinf/3-sinf 3-Sinf Musiqa.pdf
  1 ta mavzu (model: haiku)
[4/135] 3-sinf/3-sinf 3-Sinf Odobnoma.pdf
  24 ta mavzu (model: haiku)
[5/135] 3-sinf/3-sinf 3-Sinf Ona tili.pdf

Limit tugadi.
You've hit your weekly limit · resets Sep 30 at 1pm (Asia/Tashkent)

Limit tiklanishi kutilmoqda: 1 daqiqa. To'xtatish uchun Ctrl+C.
Qaytadan urinilmoqda - ish to'xtagan joydan davom etadi.

[1/135] 3-sinf/3-sinf 3-Sinf Ingliz tili.pdf
  ! matn topilmadi (skaner PDF?) - o'tkazildi
[2/135] 3-sinf/3-sinf 3-Sinf Matematika.pdf
  83 ta mavzu (model: haiku)
[3/135] 3-sinf/3-sinf 3-Sinf Musiqa.pdf
  1 ta mavzu (model: haiku)
[4/135] 3-sinf/3-sinf 3-Sinf Odobnoma.pdf
  24 ta mavzu (model: haiku)
[5/135] 3-sinf/3-sinf 3-Sinf Ona tili.pdf

Limit tugadi.
You've hit your weekly limit · resets Sep 30 at 1pm (Asia/Tashkent)

Limit tiklanishi kutilmoqda: 1 daqiqa. To'xtatish uchun Ctrl+C.
Qaytadan urinilmoqda - ish to'xtagan joydan davom etadi.

[1/135] 3-sinf/3-sinf 3-Sinf Ingliz tili.pdf
  ! matn topilmadi (skaner PDF?) - o'tkazildi
[2/135] 3-sinf/3-sinf 3-Sinf Matematika.pdf
  83 ta mavzu (model: haiku)
[3/135] 3-sinf/3-sinf 3-Sinf Musiqa.pdf
  1 ta mavzu (model: haiku)
[4/135] 3-sinf/3-sinf 3-Sinf Odobnoma.pdf
  24 ta mavzu (model: haiku)
[5/135] 3-sinf/3-sinf 3-Sinf Ona tili.pdf

Limit tugadi.
You've hit your weekly limit · resets Sep 30 at 1pm (Asia/Tashkent)

Limit tiklanishi kutilmoqda: 1 daqiqa. To'xtatish uchun Ctrl+C.
Qaytadan urinilmoqda - ish to'xtagan joydan davom etadi.

[1/135] 3-sinf/3-sinf 3-Sinf Ingliz tili.pdf
  ! matn topilmadi (skaner PDF?) - o'tkazildi
[2/135] 3-sinf/3-sinf 3-Sinf Matematika.pdf
  83 ta mavzu (model: haiku)
[3/135] 3-sinf/3-sinf 3-Sinf Musiqa.pdf
  1 ta mavzu (model: haiku)
[4/135] 3-sinf/3-sinf 3-Sinf Odobnoma.pdf
  24 ta mavzu (model: haiku)
[5/135] 3-sinf/3-sinf 3-Sinf Ona tili.pdf

Limit tugadi.
You've hit your weekly limit · resets Sep 30 at 1pm (Asia/Tashkent)

Limit tiklanishi kutilmoqda: 1 daqiqa. To'xtatish uchun Ctrl+C.
Qaytadan urinilmoqda - ish to'xtagan joydan davom etadi.

[1/135] 3-sinf/3-sinf 3-Sinf Ingliz tili.pdf
  ! matn topilmadi (skaner PDF?) - o'tkazildi
[2/135] 3-sinf/3-sinf 3-Sinf Matematika.pdf
  83 ta mavzu (model: haiku)
[3/135] 3-sinf/3-sinf 3-Sinf Musiqa.pdf
  1 ta mavzu (model: haiku)
[4/135] 3-sinf/3-sinf 3-Sinf Odobnoma.pdf
  24 ta mavzu (model: haiku)
[5/135] 3-sinf/3-sinf 3-Sinf Ona tili.pdf

Limit tugadi.
You've hit your weekly limit · resets Sep 30 at 1pm (Asia/Tashkent)

Limit tiklanishi kutilmoqda: 1 daqiqa. To'xtatish uchun Ctrl+C.
Qaytadan urinilmoqda - ish to'xtagan joydan davom etadi.

[1/135] 3-sinf/3-sinf 3-Sinf Ingliz tili.pdf
  ! matn topilmadi (skaner PDF?) - o'tkazildi
[2/135] 3-sinf/3-sinf 3-Sinf Matematika.pdf
  83 ta mavzu (model: haiku)
[3/135] 3-sinf/3-sinf 3-Sinf Musiqa.pdf
  1 ta mavzu (model: haiku)
[4/135] 3-sinf/3-sinf 3-Sinf Odobnoma.pdf
  24 ta mavzu (model: haiku)
[5/135] 3-sinf/3-sinf 3-Sinf Ona tili.pdf

Limit tugadi.
You've hit your weekly limit · resets Sep 30 at 1pm (Asia/Tashkent)

Limit tiklanishi kutilmoqda: 1 daqiqa. To'xtatish uchun Ctrl+C.
Qaytadan urinilmoqda - ish to'xtagan joydan davom etadi.

[1/135] 3-sinf/3-sinf 3-Sinf Ingliz tili.pdf
  ! matn topilmadi (skaner PDF?) - o'tkazildi
[2/135] 3-sinf/3-sinf 3-Sinf Matematika.pdf
  83 ta mavzu (model: haiku)
[3/135] 3-sinf/3-sinf 3-Sinf Musiqa.pdf
  1 ta mavzu (model: haiku)
[4/135] 3-sinf/3-sinf 3-Sinf Odobnoma.pdf
  24 ta mavzu (model: haiku)
[5/135] 3-sinf/3-sinf 3-Sinf Ona tili.pdf

Limit tugadi.
You've hit your weekly limit · resets Sep 30 at 1pm (Asia/Tashkent)

Limit tiklanishi kutilmoqda: 1 daqiqa. To'xtatish uchun Ctrl+C.
Qaytadan urinilmoqda - ish to'xtagan joydan davom etadi.

[1/135] 3-sinf/3-sinf 3-Sinf Ingliz tili.pdf
  ! matn topilmadi (skaner PDF?) - o'tkazildi
[2/135] 3-sinf/3-sinf 3-Sinf Matematika.pdf
  83 ta mavzu (model: haiku)
[3/135] 3-sinf/3-sinf 3-Sinf Musiqa.pdf
  1 ta mavzu (model: haiku)
[4/135] 3-sinf/3-sinf 3-Sinf Odobnoma.pdf
  24 ta mavzu (model: haiku)
[5/135] 3-sinf/3-sinf 3-Sinf Ona tili.pdf

Limit tugadi.
You've hit your weekly limit · resets Sep 30 at 1pm (Asia/Tashkent)

Limit tiklanishi kutilmoqda: 1 daqiqa. To'xtatish uchun Ctrl+C.
Qaytadan urinilmoqda - ish to'xtagan joydan davom etadi.

[1/135] 3-sinf/3-sinf 3-Sinf Ingliz tili.pdf
  ! matn topilmadi (skaner PDF?) - o'tkazildi
[2/135] 3-sinf/3-sinf 3-Sinf Matematika.pdf
  83 ta mavzu (model: haiku)
[3/135] 3-sinf/3-sinf 3-Sinf Musiqa.pdf
  1 ta mavzu (model: haiku)
[4/135] 3-sinf/3-sinf 3-Sinf Odobnoma.pdf
  24 ta mavzu (model: haiku)
[5/135] 3-sinf/3-sinf 3-Sinf Ona tili.pdf

Limit tugadi.
You've hit your weekly limit · resets Sep 30 at 1pm (Asia/Tashkent)

Limit tiklanishi kutilmoqda: 1 daqiqa. To'xtatish uchun Ctrl+C.
Qaytadan urinilmoqda - ish to'xtagan joydan davom etadi.

[1/135] 3-sinf/3-sinf 3-Sinf Ingliz tili.pdf
  ! matn topilmadi (skaner PDF?) - o'tkazildi
[2/135] 3-sinf/3-sinf 3-Sinf Matematika.pdf
  83 ta mavzu (model: haiku)
[3/135] 3-sinf/3-sinf 3-Sinf Musiqa.pdf
  1 ta mavzu (model: haiku)
[4/135] 3-sinf/3-sinf 3-Sinf Odobnoma.pdf
  24 ta mavzu (model: haiku)
[5/135] 3-sinf/3-sinf 3-Sinf Ona tili.pdf

Limit tugadi.
You've hit your weekly limit · resets Sep 30 at 1pm (Asia/Tashkent)

Limit tiklanishi kutilmoqda: 1 daqiqa. To'xtatish uchun Ctrl+C.
Qaytadan urinilmoqda - ish to'xtagan joydan davom etadi.

[1/135] 3-sinf/3-sinf 3-Sinf Ingliz tili.pdf
  ! matn topilmadi (skaner PDF?) - o'tkazildi
[2/135] 3-sinf/3-sinf 3-Sinf Matematika.pdf
  83 ta mavzu (model: haiku)
[3/135] 3-sinf/3-sinf 3-Sinf Musiqa.pdf
  1 ta mavzu (model: haiku)
[4/135] 3-sinf/3-sinf 3-Sinf Odobnoma.pdf
  24 ta mavzu (model: haiku)
[5/135] 3-sinf/3-sinf 3-Sinf Ona tili.pdf

Limit tugadi.
You've hit your weekly limit · resets Sep 30 at 1pm (Asia/Tashkent)

Limit tiklanishi kutilmoqda: 1 daqiqa. To'xtatish uchun Ctrl+C.
Qaytadan urinilmoqda - ish to'xtagan joydan davom etadi.

[1/135] 3-sinf/3-sinf 3-Sinf Ingliz tili.pdf
  ! matn topilmadi (skaner PDF?) - o'tkazildi
[2/135] 3-sinf/3-sinf 3-Sinf Matematika.pdf
  83 ta mavzu (model: haiku)
[3/135] 3-sinf/3-sinf 3-Sinf Musiqa.pdf
  1 ta mavzu (model: haiku)
[4/135] 3-sinf/3-sinf 3-Sinf Odobnoma.pdf
  24 ta mavzu (model: haiku)
[5/135] 3-sinf/3-sinf 3-Sinf Ona tili.pdf

Limit tugadi.
You've hit your weekly limit · resets Sep 30 at 1pm (Asia/Tashkent)

Limit tiklanishi kutilmoqda: 1 daqiqa. To'xtatish uchun Ctrl+C.
Qaytadan urinilmoqda - ish to'xtagan joydan davom etadi.

[1/135] 3-sinf/3-sinf 3-Sinf Ingliz tili.pdf
  ! matn topilmadi (skaner PDF?) - o'tkazildi
[2/135] 3-sinf/3-sinf 3-Sinf Matematika.pdf
  83 ta mavzu (model: haiku)
[3/135] 3-sinf/3-sinf 3-Sinf Musiqa.pdf
  1 ta mavzu (model: haiku)
[4/135] 3-sinf/3-sinf 3-Sinf Odobnoma.pdf
  24 ta mavzu (model: haiku)
[5/135] 3-sinf/3-sinf 3-Sinf Ona tili.pdf

Limit tugadi.
You've hit your weekly limit · resets Sep 30 at 1pm (Asia/Tashkent)

Limit tiklanishi kutilmoqda: 1 daqiqa. To'xtatish uchun Ctrl+C.
Qaytadan urinilmoqda - ish to'xtagan joydan davom etadi.

[1/135] 3-sinf/3-sinf 3-Sinf Ingliz tili.pdf
  ! matn topilmadi (skaner PDF?) - o'tkazildi
[2/135] 3-sinf/3-sinf 3-Sinf Matematika.pdf
  83 ta mavzu (model: haiku)
[3/135] 3-sinf/3-sinf 3-Sinf Musiqa.pdf
  1 ta mavzu (model: haiku)
[4/135] 3-sinf/3-sinf 3-Sinf Odobnoma.pdf
  24 ta mavzu (model: haiku)
[5/135] 3-sinf/3-sinf 3-Sinf Ona tili.pdf

Limit tugadi.
You've hit your weekly limit · resets Sep 30 at 1pm (Asia/Tashkent)

Limit tiklanishi kutilmoqda: 1 daqiqa. To'xtatish uchun Ctrl+C.
Qaytadan urinilmoqda - ish to'xtagan joydan davom etadi.

[1/135] 3-sinf/3-sinf 3-Sinf Ingliz tili.pdf
  ! matn topilmadi (skaner PDF?) - o'tkazildi
[2/135] 3-sinf/3-sinf 3-Sinf Matematika.pdf
  83 ta mavzu (model: haiku)
[3/135] 3-sinf/3-sinf 3-Sinf Musiqa.pdf
  1 ta mavzu (model: haiku)
[4/135] 3-sinf/3-sinf 3-Sinf Odobnoma.pdf
  24 ta mavzu (model: haiku)
[5/135] 3-sinf/3-sinf 3-Sinf Ona tili.pdf

Limit tugadi.
You've hit your weekly limit · resets Sep 30 at 1pm (Asia/Tashkent)

Limit tiklanishi kutilmoqda: 1 daqiqa. To'xtatish uchun Ctrl+C.
Qaytadan urinilmoqda - ish to'xtagan joydan davom etadi.

[1/135] 3-sinf/3-sinf 3-Sinf Ingliz tili.pdf
  ! matn topilmadi (skaner PDF?) - o'tkazildi
[2/135] 3-sinf/3-sinf 3-Sinf Matematika.pdf
  83 ta mavzu (model: haiku)
[3/135] 3-sinf/3-sinf 3-Sinf Musiqa.pdf
  1 ta mavzu (model: haiku)
[4/135] 3-sinf/3-sinf 3-Sinf Odobnoma.pdf
  24 ta mavzu (model: haiku)
[5/135] 3-sinf/3-sinf 3-Sinf Ona tili.pdf

Limit tugadi.
You've hit your weekly limit · resets Sep 30 at 1pm (Asia/Tashkent)

Limit tiklanishi kutilmoqda: 1 daqiqa. To'xtatish uchun Ctrl+C.
Qaytadan urinilmoqda - ish to'xtagan joydan davom etadi.

[1/135] 3-sinf/3-sinf 3-Sinf Ingliz tili.pdf
  ! matn topilmadi (skaner PDF?) - o'tkazildi
[2/135] 3-sinf/3-sinf 3-Sinf Matematika.pdf
  83 ta mavzu (model: haiku)
[3/135] 3-sinf/3-sinf 3-Sinf Musiqa.pdf
  1 ta mavzu (model: haiku)
[4/135] 3-sinf/3-sinf 3-Sinf Odobnoma.pdf
  24 ta mavzu (model: haiku)
[5/135] 3-sinf/3-sinf 3-Sinf Ona tili.pdf

Limit tugadi.
You've hit your weekly limit · resets Sep 30 at 1pm (Asia/Tashkent)

Limit tiklanishi kutilmoqda: 1 daqiqa. To'xtatish uchun Ctrl+C.
Qaytadan urinilmoqda - ish to'xtagan joydan davom etadi.

[1/135] 3-sinf/3-sinf 3-Sinf Ingliz tili.pdf
  ! matn topilmadi (skaner PDF?) - o'tkazildi
[2/135] 3-sinf/3-sinf 3-Sinf Matematika.pdf
  83 ta mavzu (model: haiku)
[3/135] 3-sinf/3-sinf 3-Sinf Musiqa.pdf
  1 ta mavzu (model: haiku)
[4/135] 3-sinf/3-sinf 3-Sinf Odobnoma.pdf
  24 ta mavzu (model: haiku)
[5/135] 3-sinf/3-sinf 3-Sinf Ona tili.pdf

Limit tugadi.
You've hit your weekly limit · resets Sep 30 at 1pm (Asia/Tashkent)

Limit tiklanishi kutilmoqda: 1 daqiqa. To'xtatish uchun Ctrl+C.
Qaytadan urinilmoqda - ish to'xtagan joydan davom etadi.

[1/135] 3-sinf/3-sinf 3-Sinf Ingliz tili.pdf
  ! matn topilmadi (skaner PDF?) - o'tkazildi
[2/135] 3-sinf/3-sinf 3-Sinf Matematika.pdf
  83 ta mavzu (model: haiku)
[3/135] 3-sinf/3-sinf 3-Sinf Musiqa.pdf
  1 ta mavzu (model: haiku)
[4/135] 3-sinf/3-sinf 3-Sinf Odobnoma.pdf
  24 ta mavzu (model: haiku)
[5/135] 3-sinf/3-sinf 3-Sinf Ona tili.pdf

Limit tugadi.
You've hit your weekly limit · resets Sep 30 at 1pm (Asia/Tashkent)

Limit tiklanishi kutilmoqda: 1 daqiqa. To'xtatish uchun Ctrl+C.
Qaytadan urinilmoqda - ish to'xtagan joydan davom etadi.

[1/135] 3-sinf/3-sinf 3-Sinf Ingliz tili.pdf
  ! matn topilmadi (skaner PDF?) - o'tkazildi
[2/135] 3-sinf/3-sinf 3-Sinf Matematika.pdf
  83 ta mavzu (model: haiku)
[3/135] 3-sinf/3-sinf 3-Sinf Musiqa.pdf
  1 ta mavzu (model: haiku)
[4/135] 3-sinf/3-sinf 3-Sinf Odobnoma.pdf
  24 ta mavzu (model: haiku)
[5/135] 3-sinf/3-sinf 3-Sinf Ona tili.pdf

Limit tugadi.
You've hit your weekly limit · resets Sep 30 at 1pm (Asia/Tashkent)

Limit tiklanishi kutilmoqda: 1 daqiqa. To'xtatish uchun Ctrl+C.
Qaytadan urinilmoqda - ish to'xtagan joydan davom etadi.

[1/135] 3-sinf/3-sinf 3-Sinf Ingliz tili.pdf
  ! matn topilmadi (skaner PDF?) - o'tkazildi
[2/135] 3-sinf/3-sinf 3-Sinf Matematika.pdf
  83 ta mavzu (model: haiku)
[3/135] 3-sinf/3-sinf 3-Sinf Musiqa.pdf
  1 ta mavzu (model: haiku)
[4/135] 3-sinf/3-sinf 3-Sinf Odobnoma.pdf
  24 ta mavzu (model: haiku)
[5/135] 3-sinf/3-sinf 3-Sinf Ona tili.pdf

Limit tugadi.
You've hit your weekly limit · resets Sep 30 at 1pm (Asia/Tashkent)

Limit tiklanishi kutilmoqda: 1 daqiqa. To'xtatish uchun Ctrl+C.
Qaytadan urinilmoqda - ish to'xtagan joydan davom etadi.

[1/135] 3-sinf/3-sinf 3-Sinf Ingliz tili.pdf
  ! matn topilmadi (skaner PDF?) - o'tkazildi
[2/135] 3-sinf/3-sinf 3-Sinf Matematika.pdf
  83 ta mavzu (model: haiku)
[3/135] 3-sinf/3-sinf 3-Sinf Musiqa.pdf
  1 ta mavzu (model: haiku)
[4/135] 3-sinf/3-sinf 3-Sinf Odobnoma.pdf
  24 ta mavzu (model: haiku)
[5/135] 3-sinf/3-sinf 3-Sinf Ona tili.pdf

Limit tugadi.
You've hit your weekly limit · resets Sep 30 at 1pm (Asia/Tashkent)

Limit tiklanishi kutilmoqda: 1 daqiqa. To'xtatish uchun Ctrl+C.
Qaytadan urinilmoqda - ish to'xtagan joydan davom etadi.

[1/135] 3-sinf/3-sinf 3-Sinf Ingliz tili.pdf
  ! matn topilmadi (skaner PDF?) - o'tkazildi
[2/135] 3-sinf/3-sinf 3-Sinf Matematika.pdf
  83 ta mavzu (model: haiku)
[3/135] 3-sinf/3-sinf 3-Sinf Musiqa.pdf
  1 ta mavzu (model: haiku)
[4/135] 3-sinf/3-sinf 3-Sinf Odobnoma.pdf
  24 ta mavzu (model: haiku)
[5/135] 3-sinf/3-sinf 3-Sinf Ona tili.pdf

Limit tugadi.
You've hit your weekly limit · resets Sep 30 at 1pm (Asia/Tashkent)

Limit tiklanishi kutilmoqda: 1 daqiqa. To'xtatish uchun Ctrl+C.
Qaytadan urinilmoqda - ish to'xtagan joydan davom etadi.

[1/135] 3-sinf/3-sinf 3-Sinf Ingliz tili.pdf
  ! matn topilmadi (skaner PDF?) - o'tkazildi
[2/135] 3-sinf/3-sinf 3-Sinf Matematika.pdf
  83 ta mavzu (model: haiku)
[3/135] 3-sinf/3-sinf 3-Sinf Musiqa.pdf
  1 ta mavzu (model: haiku)
[4/135] 3-sinf/3-sinf 3-Sinf Odobnoma.pdf
  24 ta mavzu (model: haiku)
[5/135] 3-sinf/3-sinf 3-Sinf Ona tili.pdf

Limit tugadi.
You've hit your weekly limit · resets Sep 30 at 1pm (Asia/Tashkent)

Limit tiklanishi kutilmoqda: 1 daqiqa. To'xtatish uchun Ctrl+C.
Qaytadan urinilmoqda - ish to'xtagan joydan davom etadi.

[1/135] 3-sinf/3-sinf 3-Sinf Ingliz tili.pdf
  ! matn topilmadi (skaner PDF?) - o'tkazildi
[2/135] 3-sinf/3-sinf 3-Sinf Matematika.pdf
  83 ta mavzu (model: haiku)
[3/135] 3-sinf/3-sinf 3-Sinf Musiqa.pdf
  1 ta mavzu (model: haiku)
[4/135] 3-sinf/3-sinf 3-Sinf Odobnoma.pdf
  24 ta mavzu (model: haiku)
[5/135] 3-sinf/3-sinf 3-Sinf Ona tili.pdf

Limit tugadi.
You've hit your weekly limit · resets Sep 30 at 1pm (Asia/Tashkent)

Limit tiklanishi kutilmoqda: 1 daqiqa. To'xtatish uchun Ctrl+C.
Qaytadan urinilmoqda - ish to'xtagan joydan davom etadi.

[1/135] 3-sinf/3-sinf 3-Sinf Ingliz tili.pdf
  ! matn topilmadi (skaner PDF?) - o'tkazildi
[2/135] 3-sinf/3-sinf 3-Sinf Matematika.pdf
  83 ta mavzu (model: haiku)
[3/135] 3-sinf/3-sinf 3-Sinf Musiqa.pdf
  1 ta mavzu (model: haiku)
[4/135] 3-sinf/3-sinf 3-Sinf Odobnoma.pdf
  24 ta mavzu (model: haiku)
[5/135] 3-sinf/3-sinf 3-Sinf Ona tili.pdf

Limit tugadi.
You've hit your weekly limit · resets Sep 30 at 1pm (Asia/Tashkent)

Limit tiklanishi kutilmoqda: 1 daqiqa. To'xtatish uchun Ctrl+C.
Qaytadan urinilmoqda - ish to'xtagan joydan davom etadi.

[1/135] 3-sinf/3-sinf 3-Sinf Ingliz tili.pdf
  ! matn topilmadi (skaner PDF?) - o'tkazildi
[2/135] 3-sinf/3-sinf 3-Sinf Matematika.pdf
  83 ta mavzu (model: haiku)
[3/135] 3-sinf/3-sinf 3-Sinf Musiqa.pdf
  1 ta mavzu (model: haiku)
[4/135] 3-sinf/3-sinf 3-Sinf Odobnoma.pdf
  24 ta mavzu (model: haiku)
[5/135] 3-sinf/3-sinf 3-Sinf Ona tili.pdf

Limit tugadi.
You've hit your weekly limit · resets Sep 30 at 1pm (Asia/Tashkent)

Limit tiklanishi kutilmoqda: 1 daqiqa. To'xtatish uchun Ctrl+C.
Qaytadan urinilmoqda - ish to'xtagan joydan davom etadi.

[1/135] 3-sinf/3-sinf 3-Sinf Ingliz tili.pdf
  ! matn topilmadi (skaner PDF?) - o'tkazildi
[2/135] 3-sinf/3-sinf 3-Sinf Matematika.pdf
  83 ta mavzu (model: haiku)
[3/135] 3-sinf/3-sinf 3-Sinf Musiqa.pdf
  1 ta mavzu (model: haiku)
[4/135] 3-sinf/3-sinf 3-Sinf Odobnoma.pdf
  24 ta mavzu (model: haiku)
[5/135] 3-sinf/3-sinf 3-Sinf Ona tili.pdf

Limit tugadi.
You've hit your weekly limit · resets Sep 30 at 1pm (Asia/Tashkent)

Limit tiklanishi kutilmoqda: 1 daqiqa. To'xtatish uchun Ctrl+C.
Qaytadan urinilmoqda - ish to'xtagan joydan davom etadi.

[1/135] 3-sinf/3-sinf 3-Sinf Ingliz tili.pdf
  ! matn topilmadi (skaner PDF?) - o'tkazildi
[2/135] 3-sinf/3-sinf 3-Sinf Matematika.pdf
  83 ta mavzu (model: haiku)
[3/135] 3-sinf/3-sinf 3-Sinf Musiqa.pdf
  1 ta mavzu (model: haiku)
[4/135] 3-sinf/3-sinf 3-Sinf Odobnoma.pdf
  24 ta mavzu (model: haiku)
[5/135] 3-sinf/3-sinf 3-Sinf Ona tili.pdf

Limit tugadi.
You've hit your weekly limit · resets Sep 30 at 1pm (Asia/Tashkent)

Limit tiklanishi kutilmoqda: 1 daqiqa. To'xtatish uchun Ctrl+C.
Qaytadan urinilmoqda - ish to'xtagan joydan davom etadi.

[1/135] 3-sinf/3-sinf 3-Sinf Ingliz tili.pdf
  ! matn topilmadi (skaner PDF?) - o'tkazildi
[2/135] 3-sinf/3-sinf 3-Sinf Matematika.pdf
  83 ta mavzu (model: haiku)
[3/135] 3-sinf/3-sinf 3-Sinf Musiqa.pdf
  1 ta mavzu (model: haiku)
[4/135] 3-sinf/3-sinf 3-Sinf Odobnoma.pdf
  24 ta mavzu (model: haiku)
[5/135] 3-sinf/3-sinf 3-Sinf Ona tili.pdf

Limit tugadi.
You've hit your weekly limit · resets Sep 30 at 1pm (Asia/Tashkent)

Limit tiklanishi kutilmoqda: 1 daqiqa. To'xtatish uchun Ctrl+C.
Qaytadan urinilmoqda - ish to'xtagan joydan davom etadi.

[1/135] 3-sinf/3-sinf 3-Sinf Ingliz tili.pdf
  ! matn topilmadi (skaner PDF?) - o'tkazildi
[2/135] 3-sinf/3-sinf 3-Sinf Matematika.pdf
  83 ta mavzu (model: haiku)
[3/135] 3-sinf/3-sinf 3-Sinf Musiqa.pdf
  1 ta mavzu (model: haiku)
[4/135] 3-sinf/3-sinf 3-Sinf Odobnoma.pdf
  24 ta mavzu (model: haiku)
[5/135] 3-sinf/3-sinf 3-Sinf Ona tili.pdf

Limit tugadi.
You've hit your weekly limit · resets Sep 30 at 1pm (Asia/Tashkent)

Limit tiklanishi kutilmoqda: 1 daqiqa. To'xtatish uchun Ctrl+C.
Qaytadan urinilmoqda - ish to'xtagan joydan davom etadi.

[1/135] 3-sinf/3-sinf 3-Sinf Ingliz tili.pdf
  ! matn topilmadi (skaner PDF?) - o'tkazildi
[2/135] 3-sinf/3-sinf 3-Sinf Matematika.pdf
  83 ta mavzu (model: haiku)
[3/135] 3-sinf/3-sinf 3-Sinf Musiqa.pdf
  1 ta mavzu (model: haiku)
[4/135] 3-sinf/3-sinf 3-Sinf Odobnoma.pdf
  24 ta mavzu (model: haiku)
[5/135] 3-sinf/3-sinf 3-Sinf Ona tili.pdf

Limit tugadi.
You've hit your weekly limit · resets Sep 30 at 1pm (Asia/Tashkent)

Limit tiklanishi kutilmoqda: 1 daqiqa. To'xtatish uchun Ctrl+C.
Qaytadan urinilmoqda - ish to'xtagan joydan davom etadi.

[1/135] 3-sinf/3-sinf 3-Sinf Ingliz tili.pdf
  ! matn topilmadi (skaner PDF?) - o'tkazildi
[2/135] 3-sinf/3-sinf 3-Sinf Matematika.pdf
  83 ta mavzu (model: haiku)
[3/135] 3-sinf/3-sinf 3-Sinf Musiqa.pdf
  1 ta mavzu (model: haiku)
[4/135] 3-sinf/3-sinf 3-Sinf Odobnoma.pdf
  24 ta mavzu (model: haiku)
[5/135] 3-sinf/3-sinf 3-Sinf Ona tili.pdf

Limit tugadi.
You've hit your weekly limit · resets Sep 30 at 1pm (Asia/Tashkent)

Limit tiklanishi kutilmoqda: 1 daqiqa. To'xtatish uchun Ctrl+C.
Qaytadan urinilmoqda - ish to'xtagan joydan davom etadi.

[1/135] 3-sinf/3-sinf 3-Sinf Ingliz tili.pdf
  ! matn topilmadi (skaner PDF?) - o'tkazildi
[2/135] 3-sinf/3-sinf 3-Sinf Matematika.pdf
  83 ta mavzu (model: haiku)
[3/135] 3-sinf/3-sinf 3-Sinf Musiqa.pdf
  1 ta mavzu (model: haiku)
[4/135] 3-sinf/3-sinf 3-Sinf Odobnoma.pdf
  24 ta mavzu (model: haiku)
[5/135] 3-sinf/3-sinf 3-Sinf Ona tili.pdf

Limit tugadi.
You've hit your weekly limit · resets Sep 30 at 1pm (Asia/Tashkent)

Limit tiklanishi kutilmoqda: 1 daqiqa. To'xtatish uchun Ctrl+C.
Qaytadan urinilmoqda - ish to'xtagan joydan davom etadi.

[1/135] 3-sinf/3-sinf 3-Sinf Ingliz tili.pdf
  ! matn topilmadi (skaner PDF?) - o'tkazildi
[2/135] 3-sinf/3-sinf 3-Sinf Matematika.pdf
  83 ta mavzu (model: haiku)
[3/135] 3-sinf/3-sinf 3-Sinf Musiqa.pdf
  1 ta mavzu (model: haiku)
[4/135] 3-sinf/3-sinf 3-Sinf Odobnoma.pdf
  24 ta mavzu (model: haiku)
[5/135] 3-sinf/3-sinf 3-Sinf Ona tili.pdf

Limit tugadi.
You've hit your weekly limit · resets Sep 30 at 1pm (Asia/Tashkent)

Limit tiklanishi kutilmoqda: 1 daqiqa. To'xtatish uchun Ctrl+C.
Qaytadan urinilmoqda - ish to'xtagan joydan davom etadi.

[1/135] 3-sinf/3-sinf 3-Sinf Ingliz tili.pdf
  ! matn topilmadi (skaner PDF?) - o'tkazildi
[2/135] 3-sinf/3-sinf 3-Sinf Matematika.pdf
  83 ta mavzu (model: haiku)
[3/135] 3-sinf/3-sinf 3-Sinf Musiqa.pdf
  1 ta mavzu (model: haiku)
[4/135] 3-sinf/3-sinf 3-Sinf Odobnoma.pdf
  24 ta mavzu (model: haiku)
[5/135] 3-sinf/3-sinf 3-Sinf Ona tili.pdf

Limit tugadi.
You've hit your weekly limit · resets Sep 30 at 1pm (Asia/Tashkent)

Limit tiklanishi kutilmoqda: 1 daqiqa. To'xtatish uchun Ctrl+C.
Qaytadan urinilmoqda - ish to'xtagan joydan davom etadi.

[1/135] 3-sinf/3-sinf 3-Sinf Ingliz tili.pdf
  ! matn topilmadi (skaner PDF?) - o'tkazildi
[2/135] 3-sinf/3-sinf 3-Sinf Matematika.pdf
  83 ta mavzu (model: haiku)
[3/135] 3-sinf/3-sinf 3-Sinf Musiqa.pdf
  1 ta mavzu (model: haiku)
[4/135] 3-sinf/3-sinf 3-Sinf Odobnoma.pdf
  24 ta mavzu (model: haiku)
[5/135] 3-sinf/3-sinf 3-Sinf Ona tili.pdf

Limit tugadi.
You've hit your weekly limit · resets Sep 30 at 1pm (Asia/Tashkent)

Limit tiklanishi kutilmoqda: 1 daqiqa. To'xtatish uchun Ctrl+C.
Qaytadan urinilmoqda - ish to'xtagan joydan davom etadi.

[1/135] 3-sinf/3-sinf 3-Sinf Ingliz tili.pdf
  ! matn topilmadi (skaner PDF?) - o'tkazildi
[2/135] 3-sinf/3-sinf 3-Sinf Matematika.pdf
  83 ta mavzu (model: haiku)
[3/135] 3-sinf/3-sinf 3-Sinf Musiqa.pdf
  1 ta mavzu (model: haiku)
[4/135] 3-sinf/3-sinf 3-Sinf Odobnoma.pdf
  24 ta mavzu (model: haiku)
[5/135] 3-sinf/3-sinf 3-Sinf Ona tili.pdf

Limit tugadi.
You've hit your weekly limit · resets Sep 30 at 1pm (Asia/Tashkent)

Limit tiklanishi kutilmoqda: 1 daqiqa. To'xtatish uchun Ctrl+C.
Qaytadan urinilmoqda - ish to'xtagan joydan davom etadi.

[1/135] 3-sinf/3-sinf 3-Sinf Ingliz tili.pdf
  ! matn topilmadi (skaner PDF?) - o'tkazildi
[2/135] 3-sinf/3-sinf 3-Sinf Matematika.pdf
  83 ta mavzu (model: haiku)
[3/135] 3-sinf/3-sinf 3-Sinf Musiqa.pdf
  1 ta mavzu (model: haiku)
[4/135] 3-sinf/3-sinf 3-Sinf Odobnoma.pdf
  24 ta mavzu (model: haiku)
[5/135] 3-sinf/3-sinf 3-Sinf Ona tili.pdf

Limit tugadi.
You've hit your weekly limit · resets Sep 30 at 1pm (Asia/Tashkent)

Limit tiklanishi kutilmoqda: 1 daqiqa. To'xtatish uchun Ctrl+C.
Qaytadan urinilmoqda - ish to'xtagan joydan davom etadi.

[1/135] 3-sinf/3-sinf 3-Sinf Ingliz tili.pdf
  ! matn topilmadi (skaner PDF?) - o'tkazildi
[2/135] 3-sinf/3-sinf 3-Sinf Matematika.pdf
  83 ta mavzu (model: haiku)
[3/135] 3-sinf/3-sinf 3-Sinf Musiqa.pdf
  1 ta mavzu (model: haiku)
[4/135] 3-sinf/3-sinf 3-Sinf Odobnoma.pdf
  24 ta mavzu (model: haiku)
[5/135] 3-sinf/3-sinf 3-Sinf Ona tili.pdf

Limit tugadi.
You've hit your weekly limit · resets Sep 30 at 1pm (Asia/Tashkent)

Limit tiklanishi kutilmoqda: 1 daqiqa. To'xtatish uchun Ctrl+C.
Qaytadan urinilmoqda - ish to'xtagan joydan davom etadi.

[1/135] 3-sinf/3-sinf 3-Sinf Ingliz tili.pdf
  ! matn topilmadi (skaner PDF?) - o'tkazildi
[2/135] 3-sinf/3-sinf 3-Sinf Matematika.pdf
  83 ta mavzu (model: haiku)
[3/135] 3-sinf/3-sinf 3-Sinf Musiqa.pdf
  1 ta mavzu (model: haiku)
[4/135] 3-sinf/3-sinf 3-Sinf Odobnoma.pdf
  24 ta mavzu (model: haiku)
[5/135] 3-sinf/3-sinf 3-Sinf Ona tili.pdf

Limit tugadi.
You've hit your weekly limit · resets Sep 30 at 1pm (Asia/Tashkent)

Limit tiklanishi kutilmoqda: 1 daqiqa. To'xtatish uchun Ctrl+C.
Qaytadan urinilmoqda - ish to'xtagan joydan davom etadi.

[1/135] 3-sinf/3-sinf 3-Sinf Ingliz tili.pdf
  ! matn topilmadi (skaner PDF?) - o'tkazildi
[2/135] 3-sinf/3-sinf 3-Sinf Matematika.pdf
  83 ta mavzu (model: haiku)
[3/135] 3-sinf/3-sinf 3-Sinf Musiqa.pdf
  1 ta mavzu (model: haiku)
[4/135] 3-sinf/3-sinf 3-Sinf Odobnoma.pdf
  24 ta mavzu (model: haiku)
[5/135] 3-sinf/3-sinf 3-Sinf Ona tili.pdf

Limit tugadi.
You've hit your weekly limit · resets Sep 30 at 1pm (Asia/Tashkent)

Limit tiklanishi kutilmoqda: 1 daqiqa. To'xtatish uchun Ctrl+C.
Qaytadan urinilmoqda - ish to'xtagan joydan davom etadi.

[1/135] 3-sinf/3-sinf 3-Sinf Ingliz tili.pdf
  ! matn topilmadi (skaner PDF?) - o'tkazildi
[2/135] 3-sinf/3-sinf 3-Sinf Matematika.pdf
  83 ta mavzu (model: haiku)
[3/135] 3-sinf/3-sinf 3-Sinf Musiqa.pdf
  1 ta mavzu (model: haiku)
[4/135] 3-sinf/3-sinf 3-Sinf Odobnoma.pdf
  24 ta mavzu (model: haiku)
[5/135] 3-sinf/3-sinf 3-Sinf Ona tili.pdf

Limit tugadi.
You've hit your weekly limit · resets Sep 30 at 1pm (Asia/Tashkent)

Limit tiklanishi kutilmoqda: 1 daqiqa. To'xtatish uchun Ctrl+C.
Qaytadan urinilmoqda - ish to'xtagan joydan davom etadi.

[1/135] 3-sinf/3-sinf 3-Sinf Ingliz tili.pdf
  ! matn topilmadi (skaner PDF?) - o'tkazildi
[2/135] 3-sinf/3-sinf 3-Sinf Matematika.pdf
  83 ta mavzu (model: haiku)
[3/135] 3-sinf/3-sinf 3-Sinf Musiqa.pdf
  1 ta mavzu (model: haiku)
[4/135] 3-sinf/3-sinf 3-Sinf Odobnoma.pdf
  24 ta mavzu (model: haiku)
[5/135] 3-sinf/3-sinf 3-Sinf Ona tili.pdf

Limit tugadi.
You've hit your weekly limit · resets Sep 30 at 1pm (Asia/Tashkent)

Limit tiklanishi kutilmoqda: 1 daqiqa. To'xtatish uchun Ctrl+C.
Qaytadan urinilmoqda - ish to'xtagan joydan davom etadi.

[1/135] 3-sinf/3-sinf 3-Sinf Ingliz tili.pdf
  ! matn topilmadi (skaner PDF?) - o'tkazildi
[2/135] 3-sinf/3-sinf 3-Sinf Matematika.pdf
  83 ta mavzu (model: haiku)
[3/135] 3-sinf/3-sinf 3-Sinf Musiqa.pdf
  1 ta mavzu (model: haiku)
[4/135] 3-sinf/3-sinf 3-Sinf Odobnoma.pdf
  24 ta mavzu (model: haiku)
[5/135] 3-sinf/3-sinf 3-Sinf Ona tili.pdf

Limit tugadi.
You've hit your weekly limit · resets Sep 30 at 1pm (Asia/Tashkent)

Limit tiklanishi kutilmoqda: 1 daqiqa. To'xtatish uchun Ctrl+C.
Qaytadan urinilmoqda - ish to'xtagan joydan davom etadi.

[1/135] 3-sinf/3-sinf 3-Sinf Ingliz tili.pdf
  ! matn topilmadi (skaner PDF?) - o'tkazildi
[2/135] 3-sinf/3-sinf 3-Sinf Matematika.pdf
  83 ta mavzu (model: haiku)
[3/135] 3-sinf/3-sinf 3-Sinf Musiqa.pdf
  1 ta mavzu (model: haiku)
[4/135] 3-sinf/3-sinf 3-Sinf Odobnoma.pdf
  24 ta mavzu (model: haiku)
[5/135] 3-sinf/3-sinf 3-Sinf Ona tili.pdf

Limit tugadi.
You've hit your weekly limit · resets Sep 30 at 1pm (Asia/Tashkent)

Limit tiklanishi kutilmoqda: 1 daqiqa. To'xtatish uchun Ctrl+C.
Qaytadan urinilmoqda - ish to'xtagan joydan davom etadi.

[1/135] 3-sinf/3-sinf 3-Sinf Ingliz tili.pdf
  ! matn topilmadi (skaner PDF?) - o'tkazildi
[2/135] 3-sinf/3-sinf 3-Sinf Matematika.pdf
  83 ta mavzu (model: haiku)
[3/135] 3-sinf/3-sinf 3-Sinf Musiqa.pdf
  1 ta mavzu (model: haiku)
[4/135] 3-sinf/3-sinf 3-Sinf Odobnoma.pdf
  24 ta mavzu (model: haiku)
[5/135] 3-sinf/3-sinf 3-Sinf Ona tili.pdf

Limit tugadi.
You've hit your weekly limit · resets Sep 30 at 1pm (Asia/Tashkent)

Limit tiklanishi kutilmoqda: 1 daqiqa. To'xtatish uchun Ctrl+C.
Qaytadan urinilmoqda - ish to'xtagan joydan davom etadi.

[1/135] 3-sinf/3-sinf 3-Sinf Ingliz tili.pdf
  ! matn topilmadi (skaner PDF?) - o'tkazildi
[2/135] 3-sinf/3-sinf 3-Sinf Matematika.pdf
  83 ta mavzu (model: haiku)
[3/135] 3-sinf/3-sinf 3-Sinf Musiqa.pdf
  1 ta mavzu (model: haiku)
[4/135] 3-sinf/3-sinf 3-Sinf Odobnoma.pdf
  24 ta mavzu (model: haiku)
[5/135] 3-sinf/3-sinf 3-Sinf Ona tili.pdf

Limit tugadi.
You've hit your weekly limit · resets Sep 30 at 1pm (Asia/Tashkent)

Limit tiklanishi kutilmoqda: 1 daqiqa. To'xtatish uchun Ctrl+C.
Qaytadan urinilmoqda - ish to'xtagan joydan davom etadi.

[1/135] 3-sinf/3-sinf 3-Sinf Ingliz tili.pdf
  ! matn topilmadi (skaner PDF?) - o'tkazildi
[2/135] 3-sinf/3-sinf 3-Sinf Matematika.pdf
  83 ta mavzu (model: haiku)
[3/135] 3-sinf/3-sinf 3-Sinf Musiqa.pdf
  1 ta mavzu (model: haiku)
[4/135] 3-sinf/3-sinf 3-Sinf Odobnoma.pdf
  24 ta mavzu (model: haiku)
[5/135] 3-sinf/3-sinf 3-Sinf Ona tili.pdf

Limit tugadi.
You've hit your weekly limit · resets Sep 30 at 1pm (Asia/Tashkent)

Limit tiklanishi kutilmoqda: 1 daqiqa. To'xtatish uchun Ctrl+C.
Qaytadan urinilmoqda - ish to'xtagan joydan davom etadi.

[1/135] 3-sinf/3-sinf 3-Sinf Ingliz tili.pdf
  ! matn topilmadi (skaner PDF?) - o'tkazildi
[2/135] 3-sinf/3-sinf 3-Sinf Matematika.pdf
  83 ta mavzu (model: haiku)
[3/135] 3-sinf/3-sinf 3-Sinf Musiqa.pdf
  1 ta mavzu (model: haiku)
[4/135] 3-sinf/3-sinf 3-Sinf Odobnoma.pdf
  24 ta mavzu (model: haiku)
[5/135] 3-sinf/3-sinf 3-Sinf Ona tili.pdf

Limit tugadi.
You've hit your weekly limit · resets Sep 30 at 1pm (Asia/Tashkent)

Limit tiklanishi kutilmoqda: 1 daqiqa. To'xtatish uchun Ctrl+C.
Qaytadan urinilmoqda - ish to'xtagan joydan davom etadi.

[1/135] 3-sinf/3-sinf 3-Sinf Ingliz tili.pdf
  ! matn topilmadi (skaner PDF?) - o'tkazildi
[2/135] 3-sinf/3-sinf 3-Sinf Matematika.pdf
  83 ta mavzu (model: haiku)
[3/135] 3-sinf/3-sinf 3-Sinf Musiqa.pdf
  1 ta mavzu (model: haiku)
[4/135] 3-sinf/3-sinf 3-Sinf Odobnoma.pdf
  24 ta mavzu (model: haiku)
[5/135] 3-sinf/3-sinf 3-Sinf Ona tili.pdf

Limit tugadi.
You've hit your weekly limit · resets Sep 30 at 1pm (Asia/Tashkent)

Limit tiklanishi kutilmoqda: 1 daqiqa. To'xtatish uchun Ctrl+C.
Qaytadan urinilmoqda - ish to'xtagan joydan davom etadi.

[1/135] 3-sinf/3-sinf 3-Sinf Ingliz tili.pdf
  ! matn topilmadi (skaner PDF?) - o'tkazildi
[2/135] 3-sinf/3-sinf 3-Sinf Matematika.pdf
  83 ta mavzu (model: haiku)
[3/135] 3-sinf/3-sinf 3-Sinf Musiqa.pdf
  1 ta mavzu (model: haiku)
[4/135] 3-sinf/3-sinf 3-Sinf Odobnoma.pdf
  24 ta mavzu (model: haiku)
[5/135] 3-sinf/3-sinf 3-Sinf Ona tili.pdf

Limit tugadi.
You've hit your weekly limit · resets Sep 30 at 1pm (Asia/Tashkent)

Limit tiklanishi kutilmoqda: 1 daqiqa. To'xtatish uchun Ctrl+C.
Qaytadan urinilmoqda - ish to'xtagan joydan davom etadi.

[1/135] 3-sinf/3-sinf 3-Sinf Ingliz tili.pdf
  ! matn topilmadi (skaner PDF?) - o'tkazildi
[2/135] 3-sinf/3-sinf 3-Sinf Matematika.pdf
  83 ta mavzu (model: haiku)
[3/135] 3-sinf/3-sinf 3-Sinf Musiqa.pdf
  1 ta mavzu (model: haiku)
[4/135] 3-sinf/3-sinf 3-Sinf Odobnoma.pdf
  24 ta mavzu (model: haiku)
[5/135] 3-sinf/3-sinf 3-Sinf Ona tili.pdf

Limit tugadi.
You've hit your weekly limit · resets Sep 30 at 1pm (Asia/Tashkent)

Limit tiklanishi kutilmoqda: 1 daqiqa. To'xtatish uchun Ctrl+C.
Qaytadan urinilmoqda - ish to'xtagan joydan davom etadi.

[1/135] 3-sinf/3-sinf 3-Sinf Ingliz tili.pdf
  ! matn topilmadi (skaner PDF?) - o'tkazildi
[2/135] 3-sinf/3-sinf 3-Sinf Matematika.pdf
  83 ta mavzu (model: haiku)
[3/135] 3-sinf/3-sinf 3-Sinf Musiqa.pdf
  1 ta mavzu (model: haiku)
[4/135] 3-sinf/3-sinf 3-Sinf Odobnoma.pdf
  24 ta mavzu (model: haiku)
[5/135] 3-sinf/3-sinf 3-Sinf Ona tili.pdf

Limit tugadi.
You've hit your weekly limit · resets Sep 30 at 1pm (Asia/Tashkent)

Limit tiklanishi kutilmoqda: 1 daqiqa. To'xtatish uchun Ctrl+C.
Qaytadan urinilmoqda - ish to'xtagan joydan davom etadi.

[1/135] 3-sinf/3-sinf 3-Sinf Ingliz tili.pdf
  ! matn topilmadi (skaner PDF?) - o'tkazildi
[2/135] 3-sinf/3-sinf 3-Sinf Matematika.pdf
  83 ta mavzu (model: haiku)
[3/135] 3-sinf/3-sinf 3-Sinf Musiqa.pdf
  1 ta mavzu (model: haiku)
[4/135] 3-sinf/3-sinf 3-Sinf Odobnoma.pdf
  24 ta mavzu (model: haiku)
[5/135] 3-sinf/3-sinf 3-Sinf Ona tili.pdf

Limit tugadi.
You've hit your weekly limit · resets Sep 30 at 1pm (Asia/Tashkent)

Limit tiklanishi kutilmoqda: 1 daqiqa. To'xtatish uchun Ctrl+C.
Qaytadan urinilmoqda - ish to'xtagan joydan davom etadi.

[1/135] 3-sinf/3-sinf 3-Sinf Ingliz tili.pdf
  ! matn topilmadi (skaner PDF?) - o'tkazildi
[2/135] 3-sinf/3-sinf 3-Sinf Matematika.pdf
  83 ta mavzu (model: haiku)
[3/135] 3-sinf/3-sinf 3-Sinf Musiqa.pdf
  1 ta mavzu (model: haiku)
[4/135] 3-sinf/3-sinf 3-Sinf Odobnoma.pdf
  24 ta mavzu (model: haiku)
[5/135] 3-sinf/3-sinf 3-Sinf Ona tili.pdf

Limit tugadi.
You've hit your weekly limit · resets Sep 30 at 1pm (Asia/Tashkent)

Limit tiklanishi kutilmoqda: 1 daqiqa. To'xtatish uchun Ctrl+C.
Qaytadan urinilmoqda - ish to'xtagan joydan davom etadi.

[1/135] 3-sinf/3-sinf 3-Sinf Ingliz tili.pdf
  ! matn topilmadi (skaner PDF?) - o'tkazildi
[2/135] 3-sinf/3-sinf 3-Sinf Matematika.pdf
  83 ta mavzu (model: haiku)
[3/135] 3-sinf/3-sinf 3-Sinf Musiqa.pdf
  1 ta mavzu (model: haiku)
[4/135] 3-sinf/3-sinf 3-Sinf Odobnoma.pdf
  24 ta mavzu (model: haiku)
[5/135] 3-sinf/3-sinf 3-Sinf Ona tili.pdf

Limit tugadi.
You've hit your weekly limit · resets Sep 30 at 1pm (Asia/Tashkent)

Limit tiklanishi kutilmoqda: 1 daqiqa. To'xtatish uchun Ctrl+C.
Qaytadan urinilmoqda - ish to'xtagan joydan davom etadi.

[1/135] 3-sinf/3-sinf 3-Sinf Ingliz tili.pdf
  ! matn topilmadi (skaner PDF?) - o'tkazildi
[2/135] 3-sinf/3-sinf 3-Sinf Matematika.pdf
  83 ta mavzu (model: haiku)
[3/135] 3-sinf/3-sinf 3-Sinf Musiqa.pdf
  1 ta mavzu (model: haiku)
[4/135] 3-sinf/3-sinf 3-Sinf Odobnoma.pdf
  24 ta mavzu (model: haiku)
[5/135] 3-sinf/3-sinf 3-Sinf Ona tili.pdf

Limit tugadi.
You've hit your weekly limit · resets Sep 30 at 1pm (Asia/Tashkent)

Limit tiklanishi kutilmoqda: 1 daqiqa. To'xtatish uchun Ctrl+C.
Qaytadan urinilmoqda - ish to'xtagan joydan davom etadi.

[1/135] 3-sinf/3-sinf 3-Sinf Ingliz tili.pdf
  ! matn topilmadi (skaner PDF?) - o'tkazildi
[2/135] 3-sinf/3-sinf 3-Sinf Matematika.pdf
  83 ta mavzu (model: haiku)
[3/135] 3-sinf/3-sinf 3-Sinf Musiqa.pdf
  1 ta mavzu (model: haiku)
[4/135] 3-sinf/3-sinf 3-Sinf Odobnoma.pdf
  24 ta mavzu (model: haiku)
[5/135] 3-sinf/3-sinf 3-Sinf Ona tili.pdf

Limit tugadi.
You've hit your weekly limit · resets Sep 30 at 1pm (Asia/Tashkent)

Limit tiklanishi kutilmoqda: 1 daqiqa. To'xtatish uchun Ctrl+C.
Qaytadan urinilmoqda - ish to'xtagan joydan davom etadi.

[1/135] 3-sinf/3-sinf 3-Sinf Ingliz tili.pdf
  ! matn topilmadi (skaner PDF?) - o'tkazildi
[2/135] 3-sinf/3-sinf 3-Sinf Matematika.pdf
  83 ta mavzu (model: haiku)
[3/135] 3-sinf/3-sinf 3-Sinf Musiqa.pdf
  1 ta mavzu (model: haiku)
[4/135] 3-sinf/3-sinf 3-Sinf Odobnoma.pdf
  24 ta mavzu (model: haiku)
[5/135] 3-sinf/3-sinf 3-Sinf Ona tili.pdf

Limit tugadi.
You've hit your weekly limit · resets Sep 30 at 1pm (Asia/Tashkent)

Limit tiklanishi kutilmoqda: 1 daqiqa. To'xtatish uchun Ctrl+C.
Qaytadan urinilmoqda - ish to'xtagan joydan davom etadi.

[1/135] 3-sinf/3-sinf 3-Sinf Ingliz tili.pdf
  ! matn topilmadi (skaner PDF?) - o'tkazildi
[2/135] 3-sinf/3-sinf 3-Sinf Matematika.pdf
  83 ta mavzu (model: haiku)
[3/135] 3-sinf/3-sinf 3-Sinf Musiqa.pdf
  1 ta mavzu (model: haiku)
[4/135] 3-sinf/3-sinf 3-Sinf Odobnoma.pdf
  24 ta mavzu (model: haiku)
[5/135] 3-sinf/3-sinf 3-Sinf Ona tili.pdf

Limit tugadi.
You've hit your weekly limit · resets Sep 30 at 1pm (Asia/Tashkent)

Limit tiklanishi kutilmoqda: 1 daqiqa. To'xtatish uchun Ctrl+C.
Qaytadan urinilmoqda - ish to'xtagan joydan davom etadi.

[1/135] 3-sinf/3-sinf 3-Sinf Ingliz tili.pdf
  ! matn topilmadi (skaner PDF?) - o'tkazildi
[2/135] 3-sinf/3-sinf 3-Sinf Matematika.pdf
  83 ta mavzu (model: haiku)
[3/135] 3-sinf/3-sinf 3-Sinf Musiqa.pdf
  1 ta mavzu (model: haiku)
[4/135] 3-sinf/3-sinf 3-Sinf Odobnoma.pdf
  24 ta mavzu (model: haiku)
[5/135] 3-sinf/3-sinf 3-Sinf Ona tili.pdf

Limit tugadi.
You've hit your weekly limit · resets Sep 30 at 1pm (Asia/Tashkent)

Limit tiklanishi kutilmoqda: 1 daqiqa. To'xtatish uchun Ctrl+C.
Qaytadan urinilmoqda - ish to'xtagan joydan davom etadi.

[1/135] 3-sinf/3-sinf 3-Sinf Ingliz tili.pdf
  ! matn topilmadi (skaner PDF?) - o'tkazildi
[2/135] 3-sinf/3-sinf 3-Sinf Matematika.pdf
  83 ta mavzu (model: haiku)
[3/135] 3-sinf/3-sinf 3-Sinf Musiqa.pdf
  1 ta mavzu (model: haiku)
[4/135] 3-sinf/3-sinf 3-Sinf Odobnoma.pdf
  24 ta mavzu (model: haiku)
[5/135] 3-sinf/3-sinf 3-Sinf Ona tili.pdf

Limit tugadi.
You've hit your weekly limit · resets Sep 30 at 1pm (Asia/Tashkent)

Limit tiklanishi kutilmoqda: 1 daqiqa. To'xtatish uchun Ctrl+C.
Qaytadan urinilmoqda - ish to'xtagan joydan davom etadi.

[1/135] 3-sinf/3-sinf 3-Sinf Ingliz tili.pdf
  ! matn topilmadi (skaner PDF?) - o'tkazildi
[2/135] 3-sinf/3-sinf 3-Sinf Matematika.pdf
  83 ta mavzu (model: haiku)
[3/135] 3-sinf/3-sinf 3-Sinf Musiqa.pdf
  1 ta mavzu (model: haiku)
[4/135] 3-sinf/3-sinf 3-Sinf Odobnoma.pdf
  24 ta mavzu (model: haiku)
[5/135] 3-sinf/3-sinf 3-Sinf Ona tili.pdf

Limit tugadi.
You've hit your weekly limit · resets Sep 30 at 1pm (Asia/Tashkent)

Limit tiklanishi kutilmoqda: 1 daqiqa. To'xtatish uchun Ctrl+C.
Qaytadan urinilmoqda - ish to'xtagan joydan davom etadi.

[1/135] 3-sinf/3-sinf 3-Sinf Ingliz tili.pdf
  ! matn topilmadi (skaner PDF?) - o'tkazildi
[2/135] 3-sinf/3-sinf 3-Sinf Matematika.pdf
  83 ta mavzu (model: haiku)
[3/135] 3-sinf/3-sinf 3-Sinf Musiqa.pdf
  1 ta mavzu (model: haiku)
[4/135] 3-sinf/3-sinf 3-Sinf Odobnoma.pdf
  24 ta mavzu (model: haiku)
[5/135] 3-sinf/3-sinf 3-Sinf Ona tili.pdf

Limit tugadi.
You've hit your weekly limit · resets Sep 30 at 1pm (Asia/Tashkent)

Limit tiklanishi kutilmoqda: 1 daqiqa. To'xtatish uchun Ctrl+C.
Qaytadan urinilmoqda - ish to'xtagan joydan davom etadi.

[1/135] 3-sinf/3-sinf 3-Sinf Ingliz tili.pdf
  ! matn topilmadi (skaner PDF?) - o'tkazildi
[2/135] 3-sinf/3-sinf 3-Sinf Matematika.pdf
  83 ta mavzu (model: haiku)
[3/135] 3-sinf/3-sinf 3-Sinf Musiqa.pdf
  1 ta mavzu (model: haiku)
[4/135] 3-sinf/3-sinf 3-Sinf Odobnoma.pdf
  24 ta mavzu (model: haiku)
[5/135] 3-sinf/3-sinf 3-Sinf Ona tili.pdf

Limit tugadi.
You've hit your weekly limit · resets Sep 30 at 1pm (Asia/Tashkent)

Limit tiklanishi kutilmoqda: 1 daqiqa. To'xtatish uchun Ctrl+C.
Qaytadan urinilmoqda - ish to'xtagan joydan davom etadi.

[1/135] 3-sinf/3-sinf 3-Sinf Ingliz tili.pdf
  ! matn topilmadi (skaner PDF?) - o'tkazildi
[2/135] 3-sinf/3-sinf 3-Sinf Matematika.pdf
  83 ta mavzu (model: haiku)
[3/135] 3-sinf/3-sinf 3-Sinf Musiqa.pdf
  1 ta mavzu (model: haiku)
[4/135] 3-sinf/3-sinf 3-Sinf Odobnoma.pdf
  24 ta mavzu (model: haiku)
[5/135] 3-sinf/3-sinf 3-Sinf Ona tili.pdf

Limit tugadi.
You've hit your weekly limit · resets Sep 30 at 1pm (Asia/Tashkent)

Limit tiklanishi kutilmoqda: 1 daqiqa. To'xtatish uchun Ctrl+C.
Qaytadan urinilmoqda - ish to'xtagan joydan davom etadi.

[1/135] 3-sinf/3-sinf 3-Sinf Ingliz tili.pdf
  ! matn topilmadi (skaner PDF?) - o'tkazildi
[2/135] 3-sinf/3-sinf 3-Sinf Matematika.pdf
  83 ta mavzu (model: haiku)
[3/135] 3-sinf/3-sinf 3-Sinf Musiqa.pdf
  1 ta mavzu (model: haiku)
[4/135] 3-sinf/3-sinf 3-Sinf Odobnoma.pdf
  24 ta mavzu (model: haiku)
[5/135] 3-sinf/3-sinf 3-Sinf Ona tili.pdf

Limit tugadi.
You've hit your weekly limit · resets Sep 30 at 1pm (Asia/Tashkent)

Limit tiklanishi kutilmoqda: 1 daqiqa. To'xtatish uchun Ctrl+C.
Qaytadan urinilmoqda - ish to'xtagan joydan davom etadi.

[1/135] 3-sinf/3-sinf 3-Sinf Ingliz tili.pdf
  ! matn topilmadi (skaner PDF?) - o'tkazildi
[2/135] 3-sinf/3-sinf 3-Sinf Matematika.pdf
  83 ta mavzu (model: haiku)
[3/135] 3-sinf/3-sinf 3-Sinf Musiqa.pdf
  1 ta mavzu (model: haiku)
[4/135] 3-sinf/3-sinf 3-Sinf Odobnoma.pdf
  24 ta mavzu (model: haiku)
[5/135] 3-sinf/3-sinf 3-Sinf Ona tili.pdf

Limit tugadi.
You've hit your weekly limit · resets Sep 30 at 1pm (Asia/Tashkent)

Limit tiklanishi kutilmoqda: 1 daqiqa. To'xtatish uchun Ctrl+C.
Qaytadan urinilmoqda - ish to'xtagan joydan davom etadi.

[1/135] 3-sinf/3-sinf 3-Sinf Ingliz tili.pdf
  ! matn topilmadi (skaner PDF?) - o'tkazildi
[2/135] 3-sinf/3-sinf 3-Sinf Matematika.pdf
  83 ta mavzu (model: haiku)
[3/135] 3-sinf/3-sinf 3-Sinf Musiqa.pdf
  1 ta mavzu (model: haiku)
[4/135] 3-sinf/3-sinf 3-Sinf Odobnoma.pdf
  24 ta mavzu (model: haiku)
[5/135] 3-sinf/3-sinf 3-Sinf Ona tili.pdf

Limit tugadi.
You've hit your weekly limit · resets Sep 30 at 1pm (Asia/Tashkent)

Limit tiklanishi kutilmoqda: 1 daqiqa. To'xtatish uchun Ctrl+C.
Qaytadan urinilmoqda - ish to'xtagan joydan davom etadi.

[1/135] 3-sinf/3-sinf 3-Sinf Ingliz tili.pdf
  ! matn topilmadi (skaner PDF?) - o'tkazildi
[2/135] 3-sinf/3-sinf 3-Sinf Matematika.pdf
  83 ta mavzu (model: haiku)
[3/135] 3-sinf/3-sinf 3-Sinf Musiqa.pdf
  1 ta mavzu (model: haiku)
[4/135] 3-sinf/3-sinf 3-Sinf Odobnoma.pdf
  24 ta mavzu (model: haiku)
[5/135] 3-sinf/3-sinf 3-Sinf Ona tili.pdf

Limit tugadi.
You've hit your weekly limit · resets Sep 30 at 1pm (Asia/Tashkent)

Limit tiklanishi kutilmoqda: 1 daqiqa. To'xtatish uchun Ctrl+C.
Qaytadan urinilmoqda - ish to'xtagan joydan davom etadi.

[1/135] 3-sinf/3-sinf 3-Sinf Ingliz tili.pdf
  ! matn topilmadi (skaner PDF?) - o'tkazildi
[2/135] 3-sinf/3-sinf 3-Sinf Matematika.pdf
  83 ta mavzu (model: haiku)
[3/135] 3-sinf/3-sinf 3-Sinf Musiqa.pdf
  1 ta mavzu (model: haiku)
[4/135] 3-sinf/3-sinf 3-Sinf Odobnoma.pdf
  24 ta mavzu (model: haiku)
[5/135] 3-sinf/3-sinf 3-Sinf Ona tili.pdf

Limit tugadi.
You've hit your weekly limit · resets Sep 30 at 1pm (Asia/Tashkent)

Limit tiklanishi kutilmoqda: 1 daqiqa. To'xtatish uchun Ctrl+C.
Qaytadan urinilmoqda - ish to'xtagan joydan davom etadi.

[1/135] 3-sinf/3-sinf 3-Sinf Ingliz tili.pdf
  ! matn topilmadi (skaner PDF?) - o'tkazildi
[2/135] 3-sinf/3-sinf 3-Sinf Matematika.pdf
  83 ta mavzu (model: haiku)
[3/135] 3-sinf/3-sinf 3-Sinf Musiqa.pdf
  1 ta mavzu (model: haiku)
[4/135] 3-sinf/3-sinf 3-Sinf Odobnoma.pdf
  24 ta mavzu (model: haiku)
[5/135] 3-sinf/3-sinf 3-Sinf Ona tili.pdf

Limit tugadi.
You've hit your weekly limit · resets Sep 30 at 1pm (Asia/Tashkent)

Limit tiklanishi kutilmoqda: 1 daqiqa. To'xtatish uchun Ctrl+C.
Qaytadan urinilmoqda - ish to'xtagan joydan davom etadi.

[1/135] 3-sinf/3-sinf 3-Sinf Ingliz tili.pdf
  ! matn topilmadi (skaner PDF?) - o'tkazildi
[2/135] 3-sinf/3-sinf 3-Sinf Matematika.pdf
  83 ta mavzu (model: haiku)
[3/135] 3-sinf/3-sinf 3-Sinf Musiqa.pdf
  1 ta mavzu (model: haiku)
[4/135] 3-sinf/3-sinf 3-Sinf Odobnoma.pdf
  24 ta mavzu (model: haiku)
[5/135] 3-sinf/3-sinf 3-Sinf Ona tili.pdf

Limit tugadi.
You've hit your weekly limit · resets Sep 30 at 1pm (Asia/Tashkent)

Limit tiklanishi kutilmoqda: 1 daqiqa. To'xtatish uchun Ctrl+C.
Qaytadan urinilmoqda - ish to'xtagan joydan davom etadi.

[1/135] 3-sinf/3-sinf 3-Sinf Ingliz tili.pdf
  ! matn topilmadi (skaner PDF?) - o'tkazildi
[2/135] 3-sinf/3-sinf 3-Sinf Matematika.pdf
  83 ta mavzu (model: haiku)
[3/135] 3-sinf/3-sinf 3-Sinf Musiqa.pdf
  1 ta mavzu (model: haiku)
[4/135] 3-sinf/3-sinf 3-Sinf Odobnoma.pdf
  24 ta mavzu (model: haiku)
[5/135] 3-sinf/3-sinf 3-Sinf Ona tili.pdf

Limit tugadi.
You've hit your weekly limit · resets Sep 30 at 1pm (Asia/Tashkent)

Limit tiklanishi kutilmoqda: 1 daqiqa. To'xtatish uchun Ctrl+C.
Qaytadan urinilmoqda - ish to'xtagan joydan davom etadi.

[1/135] 3-sinf/3-sinf 3-Sinf Ingliz tili.pdf
  ! matn topilmadi (skaner PDF?) - o'tkazildi
[2/135] 3-sinf/3-sinf 3-Sinf Matematika.pdf
  83 ta mavzu (model: haiku)
[3/135] 3-sinf/3-sinf 3-Sinf Musiqa.pdf
  1 ta mavzu (model: haiku)
[4/135] 3-sinf/3-sinf 3-Sinf Odobnoma.pdf
  24 ta mavzu (model: haiku)
[5/135] 3-sinf/3-sinf 3-Sinf Ona tili.pdf

Limit tugadi.
You've hit your weekly limit · resets Sep 30 at 1pm (Asia/Tashkent)

Limit tiklanishi kutilmoqda: 1 daqiqa. To'xtatish uchun Ctrl+C.
Qaytadan urinilmoqda - ish to'xtagan joydan davom etadi.

[1/135] 3-sinf/3-sinf 3-Sinf Ingliz tili.pdf
  ! matn topilmadi (skaner PDF?) - o'tkazildi
[2/135] 3-sinf/3-sinf 3-Sinf Matematika.pdf
  83 ta mavzu (model: haiku)
[3/135] 3-sinf/3-sinf 3-Sinf Musiqa.pdf
  1 ta mavzu (model: haiku)
[4/135] 3-sinf/3-sinf 3-Sinf Odobnoma.pdf
  24 ta mavzu (model: haiku)
[5/135] 3-sinf/3-sinf 3-Sinf Ona tili.pdf

Limit tugadi.
You've hit your weekly limit · resets Sep 30 at 1pm (Asia/Tashkent)

Limit tiklanishi kutilmoqda: 1 daqiqa. To'xtatish uchun Ctrl+C.
Qaytadan urinilmoqda - ish to'xtagan joydan davom etadi.

[1/135] 3-sinf/3-sinf 3-Sinf Ingliz tili.pdf
  ! matn topilmadi (skaner PDF?) - o'tkazildi
[2/135] 3-sinf/3-sinf 3-Sinf Matematika.pdf
  83 ta mavzu (model: haiku)
[3/135] 3-sinf/3-sinf 3-Sinf Musiqa.pdf
  1 ta mavzu (model: haiku)
[4/135] 3-sinf/3-sinf 3-Sinf Odobnoma.pdf
  24 ta mavzu (model: haiku)
[5/135] 3-sinf/3-sinf 3-Sinf Ona tili.pdf

Limit tugadi.
You've hit your weekly limit · resets Sep 30 at 1pm (Asia/Tashkent)

Limit tiklanishi kutilmoqda: 1 daqiqa. To'xtatish uchun Ctrl+C.
Qaytadan urinilmoqda - ish to'xtagan joydan davom etadi.

[1/135] 3-sinf/3-sinf 3-Sinf Ingliz tili.pdf
  ! matn topilmadi (skaner PDF?) - o'tkazildi
[2/135] 3-sinf/3-sinf 3-Sinf Matematika.pdf
  83 ta mavzu (model: haiku)
[3/135] 3-sinf/3-sinf 3-Sinf Musiqa.pdf
  1 ta mavzu (model: haiku)
[4/135] 3-sinf/3-sinf 3-Sinf Odobnoma.pdf
  24 ta mavzu (model: haiku)
[5/135] 3-sinf/3-sinf 3-Sinf Ona tili.pdf

Limit tugadi.
You've hit your weekly limit · resets Sep 30 at 1pm (Asia/Tashkent)

Limit tiklanishi kutilmoqda: 1 daqiqa. To'xtatish uchun Ctrl+C.
Qaytadan urinilmoqda - ish to'xtagan joydan davom etadi.

[1/135] 3-sinf/3-sinf 3-Sinf Ingliz tili.pdf
  ! matn topilmadi (skaner PDF?) - o'tkazildi
[2/135] 3-sinf/3-sinf 3-Sinf Matematika.pdf
  83 ta mavzu (model: haiku)
[3/135] 3-sinf/3-sinf 3-Sinf Musiqa.pdf
  1 ta mavzu (model: haiku)
[4/135] 3-sinf/3-sinf 3-Sinf Odobnoma.pdf
  24 ta mavzu (model: haiku)
[5/135] 3-sinf/3-sinf 3-Sinf Ona tili.pdf

Limit tugadi.
You've hit your weekly limit · resets Sep 30 at 1pm (Asia/Tashkent)

Limit tiklanishi kutilmoqda: 1 daqiqa. To'xtatish uchun Ctrl+C.
Qaytadan urinilmoqda - ish to'xtagan joydan davom etadi.

[1/135] 3-sinf/3-sinf 3-Sinf Ingliz tili.pdf
  ! matn topilmadi (skaner PDF?) - o'tkazildi
[2/135] 3-sinf/3-sinf 3-Sinf Matematika.pdf
  83 ta mavzu (model: haiku)
[3/135] 3-sinf/3-sinf 3-Sinf Musiqa.pdf
  1 ta mavzu (model: haiku)
[4/135] 3-sinf/3-sinf 3-Sinf Odobnoma.pdf
  24 ta mavzu (model: haiku)
[5/135] 3-sinf/3-sinf 3-Sinf Ona tili.pdf

Limit tugadi.
You've hit your weekly limit · resets Sep 30 at 1pm (Asia/Tashkent)

Limit tiklanishi kutilmoqda: 1 daqiqa. To'xtatish uchun Ctrl+C.
Qaytadan urinilmoqda - ish to'xtagan joydan davom etadi.

[1/135] 3-sinf/3-sinf 3-Sinf Ingliz tili.pdf
  ! matn topilmadi (skaner PDF?) - o'tkazildi
[2/135] 3-sinf/3-sinf 3-Sinf Matematika.pdf
  83 ta mavzu (model: haiku)
[3/135] 3-sinf/3-sinf 3-Sinf Musiqa.pdf
  1 ta mavzu (model: haiku)
[4/135] 3-sinf/3-sinf 3-Sinf Odobnoma.pdf
  24 ta mavzu (model: haiku)
[5/135] 3-sinf/3-sinf 3-Sinf Ona tili.pdf

Limit tugadi.
You've hit your weekly limit · resets Sep 30 at 1pm (Asia/Tashkent)

Limit tiklanishi kutilmoqda: 1 daqiqa. To'xtatish uchun Ctrl+C.
Qaytadan urinilmoqda - ish to'xtagan joydan davom etadi.

[1/135] 3-sinf/3-sinf 3-Sinf Ingliz tili.pdf
  ! matn topilmadi (skaner PDF?) - o'tkazildi
[2/135] 3-sinf/3-sinf 3-Sinf Matematika.pdf
  83 ta mavzu (model: haiku)
[3/135] 3-sinf/3-sinf 3-Sinf Musiqa.pdf
  1 ta mavzu (model: haiku)
[4/135] 3-sinf/3-sinf 3-Sinf Odobnoma.pdf
  24 ta mavzu (model: haiku)
[5/135] 3-sinf/3-sinf 3-Sinf Ona tili.pdf

Limit tugadi.
You've hit your weekly limit · resets Sep 30 at 1pm (Asia/Tashkent)

Limit tiklanishi kutilmoqda: 1 daqiqa. To'xtatish uchun Ctrl+C.
Qaytadan urinilmoqda - ish to'xtagan joydan davom etadi.

[1/135] 3-sinf/3-sinf 3-Sinf Ingliz tili.pdf
  ! matn topilmadi (skaner PDF?) - o'tkazildi
[2/135] 3-sinf/3-sinf 3-Sinf Matematika.pdf
  83 ta mavzu (model: haiku)
[3/135] 3-sinf/3-sinf 3-Sinf Musiqa.pdf
  1 ta mavzu (model: haiku)
[4/135] 3-sinf/3-sinf 3-Sinf Odobnoma.pdf
  24 ta mavzu (model: haiku)
[5/135] 3-sinf/3-sinf 3-Sinf Ona tili.pdf

Limit tugadi.
You've hit your weekly limit · resets Sep 30 at 1pm (Asia/Tashkent)

Limit tiklanishi kutilmoqda: 1 daqiqa. To'xtatish uchun Ctrl+C.
Qaytadan urinilmoqda - ish to'xtagan joydan davom etadi.

[1/135] 3-sinf/3-sinf 3-Sinf Ingliz tili.pdf
  ! matn topilmadi (skaner PDF?) - o'tkazildi
[2/135] 3-sinf/3-sinf 3-Sinf Matematika.pdf
  83 ta mavzu (model: haiku)
[3/135] 3-sinf/3-sinf 3-Sinf Musiqa.pdf
  1 ta mavzu (model: haiku)
[4/135] 3-sinf/3-sinf 3-Sinf Odobnoma.pdf
  24 ta mavzu (model: haiku)
[5/135] 3-sinf/3-sinf 3-Sinf Ona tili.pdf

Limit tugadi.
You've hit your weekly limit · resets Sep 30 at 1pm (Asia/Tashkent)

Limit tiklanishi kutilmoqda: 1 daqiqa. To'xtatish uchun Ctrl+C.
Qaytadan urinilmoqda - ish to'xtagan joydan davom etadi.

[1/135] 3-sinf/3-sinf 3-Sinf Ingliz tili.pdf
  ! matn topilmadi (skaner PDF?) - o'tkazildi
[2/135] 3-sinf/3-sinf 3-Sinf Matematika.pdf
  83 ta mavzu (model: haiku)
[3/135] 3-sinf/3-sinf 3-Sinf Musiqa.pdf
  1 ta mavzu (model: haiku)
[4/135] 3-sinf/3-sinf 3-Sinf Odobnoma.pdf
  24 ta mavzu (model: haiku)
[5/135] 3-sinf/3-sinf 3-Sinf Ona tili.pdf

Limit tugadi.
You've hit your weekly limit · resets Sep 30 at 1pm (Asia/Tashkent)

Limit tiklanishi kutilmoqda: 1 daqiqa. To'xtatish uchun Ctrl+C.
Qaytadan urinilmoqda - ish to'xtagan joydan davom etadi.

[1/135] 3-sinf/3-sinf 3-Sinf Ingliz tili.pdf
  ! matn topilmadi (skaner PDF?) - o'tkazildi
[2/135] 3-sinf/3-sinf 3-Sinf Matematika.pdf
  83 ta mavzu (model: haiku)
[3/135] 3-sinf/3-sinf 3-Sinf Musiqa.pdf
  1 ta mavzu (model: haiku)
[4/135] 3-sinf/3-sinf 3-Sinf Odobnoma.pdf
  24 ta mavzu (model: haiku)
[5/135] 3-sinf/3-sinf 3-Sinf Ona tili.pdf

Limit tugadi.
You've hit your weekly limit · resets Sep 30 at 1pm (Asia/Tashkent)

Limit tiklanishi kutilmoqda: 1 daqiqa. To'xtatish uchun Ctrl+C.
Qaytadan urinilmoqda - ish to'xtagan joydan davom etadi.

[1/135] 3-sinf/3-sinf 3-Sinf Ingliz tili.pdf
  ! matn topilmadi (skaner PDF?) - o'tkazildi
[2/135] 3-sinf/3-sinf 3-Sinf Matematika.pdf
  83 ta mavzu (model: haiku)
[3/135] 3-sinf/3-sinf 3-Sinf Musiqa.pdf
  1 ta mavzu (model: haiku)
[4/135] 3-sinf/3-sinf 3-Sinf Odobnoma.pdf
  24 ta mavzu (model: haiku)
[5/135] 3-sinf/3-sinf 3-Sinf Ona tili.pdf

Limit tugadi.
You've hit your weekly limit · resets Sep 30 at 1pm (Asia/Tashkent)

Limit tiklanishi kutilmoqda: 1 daqiqa. To'xtatish uchun Ctrl+C.
Qaytadan urinilmoqda - ish to'xtagan joydan davom etadi.

[1/135] 3-sinf/3-sinf 3-Sinf Ingliz tili.pdf
  ! matn topilmadi (skaner PDF?) - o'tkazildi
[2/135] 3-sinf/3-sinf 3-Sinf Matematika.pdf
  83 ta mavzu (model: haiku)
[3/135] 3-sinf/3-sinf 3-Sinf Musiqa.pdf
  1 ta mavzu (model: haiku)
[4/135] 3-sinf/3-sinf 3-Sinf Odobnoma.pdf
  24 ta mavzu (model: haiku)
[5/135] 3-sinf/3-sinf 3-Sinf Ona tili.pdf

Limit tugadi.
You've hit your weekly limit · resets Sep 30 at 1pm (Asia/Tashkent)

Limit tiklanishi kutilmoqda: 1 daqiqa. To'xtatish uchun Ctrl+C.
Qaytadan urinilmoqda - ish to'xtagan joydan davom etadi.

[1/135] 3-sinf/3-sinf 3-Sinf Ingliz tili.pdf
  ! matn topilmadi (skaner PDF?) - o'tkazildi
[2/135] 3-sinf/3-sinf 3-Sinf Matematika.pdf
  83 ta mavzu (model: haiku)
[3/135] 3-sinf/3-sinf 3-Sinf Musiqa.pdf
  1 ta mavzu (model: haiku)
[4/135] 3-sinf/3-sinf 3-Sinf Odobnoma.pdf
  24 ta mavzu (model: haiku)
[5/135] 3-sinf/3-sinf 3-Sinf Ona tili.pdf

Limit tugadi.
You've hit your weekly limit · resets Sep 30 at 1pm (Asia/Tashkent)

Limit tiklanishi kutilmoqda: 1 daqiqa. To'xtatish uchun Ctrl+C.
Qaytadan urinilmoqda - ish to'xtagan joydan davom etadi.

[1/135] 3-sinf/3-sinf 3-Sinf Ingliz tili.pdf
  ! matn topilmadi (skaner PDF?) - o'tkazildi
[2/135] 3-sinf/3-sinf 3-Sinf Matematika.pdf
  83 ta mavzu (model: haiku)
[3/135] 3-sinf/3-sinf 3-Sinf Musiqa.pdf
  1 ta mavzu (model: haiku)
[4/135] 3-sinf/3-sinf 3-Sinf Odobnoma.pdf
  24 ta mavzu (model: haiku)
[5/135] 3-sinf/3-sinf 3-Sinf Ona tili.pdf

Limit tugadi.
You've hit your weekly limit · resets Sep 30 at 1pm (Asia/Tashkent)

Limit tiklanishi kutilmoqda: 1 daqiqa. To'xtatish uchun Ctrl+C.
Qaytadan urinilmoqda - ish to'xtagan joydan davom etadi.

[1/135] 3-sinf/3-sinf 3-Sinf Ingliz tili.pdf
  ! matn topilmadi (skaner PDF?) - o'tkazildi
[2/135] 3-sinf/3-sinf 3-Sinf Matematika.pdf
  83 ta mavzu (model: haiku)
[3/135] 3-sinf/3-sinf 3-Sinf Musiqa.pdf
  1 ta mavzu (model: haiku)
[4/135] 3-sinf/3-sinf 3-Sinf Odobnoma.pdf
  24 ta mavzu (model: haiku)
[5/135] 3-sinf/3-sinf 3-Sinf Ona tili.pdf

Limit tugadi.
You've hit your weekly limit · resets Sep 30 at 1pm (Asia/Tashkent)

Limit tiklanishi kutilmoqda: 1 daqiqa. To'xtatish uchun Ctrl+C.
Qaytadan urinilmoqda - ish to'xtagan joydan davom etadi.

[1/135] 3-sinf/3-sinf 3-Sinf Ingliz tili.pdf
  ! matn topilmadi (skaner PDF?) - o'tkazildi
[2/135] 3-sinf/3-sinf 3-Sinf Matematika.pdf
  83 ta mavzu (model: haiku)
[3/135] 3-sinf/3-sinf 3-Sinf Musiqa.pdf
  1 ta mavzu (model: haiku)
[4/135] 3-sinf/3-sinf 3-Sinf Odobnoma.pdf
  24 ta mavzu (model: haiku)
[5/135] 3-sinf/3-sinf 3-Sinf Ona tili.pdf

Limit tugadi.
You've hit your weekly limit · resets Sep 30 at 1pm (Asia/Tashkent)

Limit tiklanishi kutilmoqda: 1 daqiqa. To'xtatish uchun Ctrl+C.
Qaytadan urinilmoqda - ish to'xtagan joydan davom etadi.

[1/135] 3-sinf/3-sinf 3-Sinf Ingliz tili.pdf
  ! matn topilmadi (skaner PDF?) - o'tkazildi
[2/135] 3-sinf/3-sinf 3-Sinf Matematika.pdf
  83 ta mavzu (model: haiku)
[3/135] 3-sinf/3-sinf 3-Sinf Musiqa.pdf
  1 ta mavzu (model: haiku)
[4/135] 3-sinf/3-sinf 3-Sinf Odobnoma.pdf
  24 ta mavzu (model: haiku)
[5/135] 3-sinf/3-sinf 3-Sinf Ona tili.pdf

Limit tugadi.
You've hit your weekly limit · resets Sep 30 at 1pm (Asia/Tashkent)

Limit tiklanishi kutilmoqda: 1 daqiqa. To'xtatish uchun Ctrl+C.
Qaytadan urinilmoqda - ish to'xtagan joydan davom etadi.

[1/135] 3-sinf/3-sinf 3-Sinf Ingliz tili.pdf
  ! matn topilmadi (skaner PDF?) - o'tkazildi
[2/135] 3-sinf/3-sinf 3-Sinf Matematika.pdf
  83 ta mavzu (model: haiku)
[3/135] 3-sinf/3-sinf 3-Sinf Musiqa.pdf
  1 ta mavzu (model: haiku)
[4/135] 3-sinf/3-sinf 3-Sinf Odobnoma.pdf
  24 ta mavzu (model: haiku)
[5/135] 3-sinf/3-sinf 3-Sinf Ona tili.pdf

Limit tugadi.
You've hit your weekly limit · resets Sep 30 at 1pm (Asia/Tashkent)

Limit tiklanishi kutilmoqda: 1 daqiqa. To'xtatish uchun Ctrl+C.
Qaytadan urinilmoqda - ish to'xtagan joydan davom etadi.

[1/135] 3-sinf/3-sinf 3-Sinf Ingliz tili.pdf
  ! matn topilmadi (skaner PDF?) - o'tkazildi
[2/135] 3-sinf/3-sinf 3-Sinf Matematika.pdf
  83 ta mavzu (model: haiku)
[3/135] 3-sinf/3-sinf 3-Sinf Musiqa.pdf
  1 ta mavzu (model: haiku)
[4/135] 3-sinf/3-sinf 3-Sinf Odobnoma.pdf
  24 ta mavzu (model: haiku)
[5/135] 3-sinf/3-sinf 3-Sinf Ona tili.pdf

Limit tugadi.
You've hit your weekly limit · resets Sep 30 at 1pm (Asia/Tashkent)

Limit tiklanishi kutilmoqda: 1 daqiqa. To'xtatish uchun Ctrl+C.
Qaytadan urinilmoqda - ish to'xtagan joydan davom etadi.

[1/135] 3-sinf/3-sinf 3-Sinf Ingliz tili.pdf
  ! matn topilmadi (skaner PDF?) - o'tkazildi
[2/135] 3-sinf/3-sinf 3-Sinf Matematika.pdf
  83 ta mavzu (model: haiku)
[3/135] 3-sinf/3-sinf 3-Sinf Musiqa.pdf
  1 ta mavzu (model: haiku)
[4/135] 3-sinf/3-sinf 3-Sinf Odobnoma.pdf
  24 ta mavzu (model: haiku)
[5/135] 3-sinf/3-sinf 3-Sinf Ona tili.pdf

Limit tugadi.
You've hit your weekly limit · resets Sep 30 at 1pm (Asia/Tashkent)

Limit tiklanishi kutilmoqda: 1 daqiqa. To'xtatish uchun Ctrl+C.
Qaytadan urinilmoqda - ish to'xtagan joydan davom etadi.

[1/135] 3-sinf/3-sinf 3-Sinf Ingliz tili.pdf
  ! matn topilmadi (skaner PDF?) - o'tkazildi
[2/135] 3-sinf/3-sinf 3-Sinf Matematika.pdf
  83 ta mavzu (model: haiku)
[3/135] 3-sinf/3-sinf 3-Sinf Musiqa.pdf
  1 ta mavzu (model: haiku)
[4/135] 3-sinf/3-sinf 3-Sinf Odobnoma.pdf
  24 ta mavzu (model: haiku)
[5/135] 3-sinf/3-sinf 3-Sinf Ona tili.pdf

Limit tugadi.
You've hit your weekly limit · resets Sep 30 at 1pm (Asia/Tashkent)

Limit tiklanishi kutilmoqda: 1 daqiqa. To'xtatish uchun Ctrl+C.
Qaytadan urinilmoqda - ish to'xtagan joydan davom etadi.

[1/135] 3-sinf/3-sinf 3-Sinf Ingliz tili.pdf
  ! matn topilmadi (skaner PDF?) - o'tkazildi
[2/135] 3-sinf/3-sinf 3-Sinf Matematika.pdf
  83 ta mavzu (model: haiku)
[3/135] 3-sinf/3-sinf 3-Sinf Musiqa.pdf
  1 ta mavzu (model: haiku)
[4/135] 3-sinf/3-sinf 3-Sinf Odobnoma.pdf
  24 ta mavzu (model: haiku)
[5/135] 3-sinf/3-sinf 3-Sinf Ona tili.pdf

Limit tugadi.
You've hit your weekly limit · resets Sep 30 at 1pm (Asia/Tashkent)

Limit tiklanishi kutilmoqda: 1 daqiqa. To'xtatish uchun Ctrl+C.
Qaytadan urinilmoqda - ish to'xtagan joydan davom etadi.

[1/135] 3-sinf/3-sinf 3-Sinf Ingliz tili.pdf
  ! matn topilmadi (skaner PDF?) - o'tkazildi
[2/135] 3-sinf/3-sinf 3-Sinf Matematika.pdf
  83 ta mavzu (model: haiku)
[3/135] 3-sinf/3-sinf 3-Sinf Musiqa.pdf
  1 ta mavzu (model: haiku)
[4/135] 3-sinf/3-sinf 3-Sinf Odobnoma.pdf
  24 ta mavzu (model: haiku)
[5/135] 3-sinf/3-sinf 3-Sinf Ona tili.pdf

Limit tugadi.
You've hit your weekly limit · resets Sep 30 at 1pm (Asia/Tashkent)

Limit tiklanishi kutilmoqda: 1 daqiqa. To'xtatish uchun Ctrl+C.
Qaytadan urinilmoqda - ish to'xtagan joydan davom etadi.

[1/135] 3-sinf/3-sinf 3-Sinf Ingliz tili.pdf
  ! matn topilmadi (skaner PDF?) - o'tkazildi
[2/135] 3-sinf/3-sinf 3-Sinf Matematika.pdf
  83 ta mavzu (model: haiku)
[3/135] 3-sinf/3-sinf 3-Sinf Musiqa.pdf
  1 ta mavzu (model: haiku)
[4/135] 3-sinf/3-sinf 3-Sinf Odobnoma.pdf
  24 ta mavzu (model: haiku)
[5/135] 3-sinf/3-sinf 3-Sinf Ona tili.pdf

Limit tugadi.
You've hit your weekly limit · resets Sep 30 at 1pm (Asia/Tashkent)

Limit tiklanishi kutilmoqda: 1 daqiqa. To'xtatish uchun Ctrl+C.
Qaytadan urinilmoqda - ish to'xtagan joydan davom etadi.

[1/135] 3-sinf/3-sinf 3-Sinf Ingliz tili.pdf
  ! matn topilmadi (skaner PDF?) - o'tkazildi
[2/135] 3-sinf/3-sinf 3-Sinf Matematika.pdf
  83 ta mavzu (model: haiku)
[3/135] 3-sinf/3-sinf 3-Sinf Musiqa.pdf
  1 ta mavzu (model: haiku)
[4/135] 3-sinf/3-sinf 3-Sinf Odobnoma.pdf
  24 ta mavzu (model: haiku)
[5/135] 3-sinf/3-sinf 3-Sinf Ona tili.pdf

Limit tugadi.
You've hit your weekly limit · resets Sep 30 at 1pm (Asia/Tashkent)

Limit tiklanishi kutilmoqda: 1 daqiqa. To'xtatish uchun Ctrl+C.
Qaytadan urinilmoqda - ish to'xtagan joydan davom etadi.

[1/135] 3-sinf/3-sinf 3-Sinf Ingliz tili.pdf
  ! matn topilmadi (skaner PDF?) - o'tkazildi
[2/135] 3-sinf/3-sinf 3-Sinf Matematika.pdf
  83 ta mavzu (model: haiku)
[3/135] 3-sinf/3-sinf 3-Sinf Musiqa.pdf
  1 ta mavzu (model: haiku)
[4/135] 3-sinf/3-sinf 3-Sinf Odobnoma.pdf
  24 ta mavzu (model: haiku)
[5/135] 3-sinf/3-sinf 3-Sinf Ona tili.pdf

Limit tugadi.
You've hit your weekly limit · resets Sep 30 at 1pm (Asia/Tashkent)

Limit tiklanishi kutilmoqda: 1 daqiqa. To'xtatish uchun Ctrl+C.
Qaytadan urinilmoqda - ish to'xtagan joydan davom etadi.

[1/135] 3-sinf/3-sinf 3-Sinf Ingliz tili.pdf
  ! matn topilmadi (skaner PDF?) - o'tkazildi
[2/135] 3-sinf/3-sinf 3-Sinf Matematika.pdf
  83 ta mavzu (model: haiku)
[3/135] 3-sinf/3-sinf 3-Sinf Musiqa.pdf
  1 ta mavzu (model: haiku)
[4/135] 3-sinf/3-sinf 3-Sinf Odobnoma.pdf
  24 ta mavzu (model: haiku)
[5/135] 3-sinf/3-sinf 3-Sinf Ona tili.pdf

Limit tugadi.
You've hit your weekly limit · resets Sep 30 at 1pm (Asia/Tashkent)

Limit tiklanishi kutilmoqda: 1 daqiqa. To'xtatish uchun Ctrl+C.
Qaytadan urinilmoqda - ish to'xtagan joydan davom etadi.

[1/135] 3-sinf/3-sinf 3-Sinf Ingliz tili.pdf
  ! matn topilmadi (skaner PDF?) - o'tkazildi
[2/135] 3-sinf/3-sinf 3-Sinf Matematika.pdf
  83 ta mavzu (model: haiku)
[3/135] 3-sinf/3-sinf 3-Sinf Musiqa.pdf
  1 ta mavzu (model: haiku)
[4/135] 3-sinf/3-sinf 3-Sinf Odobnoma.pdf
  24 ta mavzu (model: haiku)
[5/135] 3-sinf/3-sinf 3-Sinf Ona tili.pdf

Limit tugadi.
You've hit your weekly limit · resets Sep 30 at 1pm (Asia/Tashkent)

Limit tiklanishi kutilmoqda: 1 daqiqa. To'xtatish uchun Ctrl+C.
Qaytadan urinilmoqda - ish to'xtagan joydan davom etadi.

[1/135] 3-sinf/3-sinf 3-Sinf Ingliz tili.pdf
  ! matn topilmadi (skaner PDF?) - o'tkazildi
[2/135] 3-sinf/3-sinf 3-Sinf Matematika.pdf
  83 ta mavzu (model: haiku)
[3/135] 3-sinf/3-sinf 3-Sinf Musiqa.pdf
  1 ta mavzu (model: haiku)
[4/135] 3-sinf/3-sinf 3-Sinf Odobnoma.pdf
  24 ta mavzu (model: haiku)
[5/135] 3-sinf/3-sinf 3-Sinf Ona tili.pdf

Limit tugadi.
You've hit your weekly limit · resets Sep 30 at 1pm (Asia/Tashkent)

Limit tiklanishi kutilmoqda: 1 daqiqa. To'xtatish uchun Ctrl+C.
Qaytadan urinilmoqda - ish to'xtagan joydan davom etadi.

[1/135] 3-sinf/3-sinf 3-Sinf Ingliz tili.pdf
  ! matn topilmadi (skaner PDF?) - o'tkazildi
[2/135] 3-sinf/3-sinf 3-Sinf Matematika.pdf
  83 ta mavzu (model: haiku)
[3/135] 3-sinf/3-sinf 3-Sinf Musiqa.pdf
  1 ta mavzu (model: haiku)
[4/135] 3-sinf/3-sinf 3-Sinf Odobnoma.pdf
  24 ta mavzu (model: haiku)
[5/135] 3-sinf/3-sinf 3-Sinf Ona tili.pdf

Limit tugadi.
You've hit your weekly limit · resets Sep 30 at 1pm (Asia/Tashkent)

Limit tiklanishi kutilmoqda: 1 daqiqa. To'xtatish uchun Ctrl+C.
Qaytadan urinilmoqda - ish to'xtagan joydan davom etadi.

[1/135] 3-sinf/3-sinf 3-Sinf Ingliz tili.pdf
  ! matn topilmadi (skaner PDF?) - o'tkazildi
[2/135] 3-sinf/3-sinf 3-Sinf Matematika.pdf
  83 ta mavzu (model: haiku)
[3/135] 3-sinf/3-sinf 3-Sinf Musiqa.pdf
  1 ta mavzu (model: haiku)
[4/135] 3-sinf/3-sinf 3-Sinf Odobnoma.pdf
  24 ta mavzu (model: haiku)
[5/135] 3-sinf/3-sinf 3-Sinf Ona tili.pdf

Limit tugadi.
You've hit your weekly limit · resets Sep 30 at 1pm (Asia/Tashkent)

Limit tiklanishi kutilmoqda: 1 daqiqa. To'xtatish uchun Ctrl+C.
Qaytadan urinilmoqda - ish to'xtagan joydan davom etadi.

[1/135] 3-sinf/3-sinf 3-Sinf Ingliz tili.pdf
  ! matn topilmadi (skaner PDF?) - o'tkazildi
[2/135] 3-sinf/3-sinf 3-Sinf Matematika.pdf
  83 ta mavzu (model: haiku)
[3/135] 3-sinf/3-sinf 3-Sinf Musiqa.pdf
  1 ta mavzu (model: haiku)
[4/135] 3-sinf/3-sinf 3-Sinf Odobnoma.pdf
  24 ta mavzu (model: haiku)
[5/135] 3-sinf/3-sinf 3-Sinf Ona tili.pdf

Limit tugadi.
You've hit your weekly limit · resets Sep 30 at 1pm (Asia/Tashkent)

Limit tiklanishi kutilmoqda: 1 daqiqa. To'xtatish uchun Ctrl+C.
Qaytadan urinilmoqda - ish to'xtagan joydan davom etadi.

[1/135] 3-sinf/3-sinf 3-Sinf Ingliz tili.pdf
  ! matn topilmadi (skaner PDF?) - o'tkazildi
[2/135] 3-sinf/3-sinf 3-Sinf Matematika.pdf
  83 ta mavzu (model: haiku)
[3/135] 3-sinf/3-sinf 3-Sinf Musiqa.pdf
  1 ta mavzu (model: haiku)
[4/135] 3-sinf/3-sinf 3-Sinf Odobnoma.pdf
  24 ta mavzu (model: haiku)
[5/135] 3-sinf/3-sinf 3-Sinf Ona tili.pdf

Limit tugadi.
You've hit your weekly limit · resets Sep 30 at 1pm (Asia/Tashkent)

Limit tiklanishi kutilmoqda: 1 daqiqa. To'xtatish uchun Ctrl+C.
Qaytadan urinilmoqda - ish to'xtagan joydan davom etadi.

[1/135] 3-sinf/3-sinf 3-Sinf Ingliz tili.pdf
  ! matn topilmadi (skaner PDF?) - o'tkazildi
[2/135] 3-sinf/3-sinf 3-Sinf Matematika.pdf
  83 ta mavzu (model: haiku)
[3/135] 3-sinf/3-sinf 3-Sinf Musiqa.pdf
  1 ta mavzu (model: haiku)
[4/135] 3-sinf/3-sinf 3-Sinf Odobnoma.pdf
  24 ta mavzu (model: haiku)
[5/135] 3-sinf/3-sinf 3-Sinf Ona tili.pdf

Limit tugadi.
You've hit your weekly limit · resets Sep 30 at 1pm (Asia/Tashkent)

Limit tiklanishi kutilmoqda: 1 daqiqa. To'xtatish uchun Ctrl+C.
Qaytadan urinilmoqda - ish to'xtagan joydan davom etadi.

[1/135] 3-sinf/3-sinf 3-Sinf Ingliz tili.pdf
  ! matn topilmadi (skaner PDF?) - o'tkazildi
[2/135] 3-sinf/3-sinf 3-Sinf Matematika.pdf
  83 ta mavzu (model: haiku)
[3/135] 3-sinf/3-sinf 3-Sinf Musiqa.pdf
  1 ta mavzu (model: haiku)
[4/135] 3-sinf/3-sinf 3-Sinf Odobnoma.pdf
  24 ta mavzu (model: haiku)
[5/135] 3-sinf/3-sinf 3-Sinf Ona tili.pdf

Limit tugadi.
You've hit your weekly limit · resets Sep 30 at 1pm (Asia/Tashkent)

Limit tiklanishi kutilmoqda: 1 daqiqa. To'xtatish uchun Ctrl+C.
Qaytadan urinilmoqda - ish to'xtagan joydan davom etadi.

[1/135] 3-sinf/3-sinf 3-Sinf Ingliz tili.pdf
  ! matn topilmadi (skaner PDF?) - o'tkazildi
[2/135] 3-sinf/3-sinf 3-Sinf Matematika.pdf
  83 ta mavzu (model: haiku)
[3/135] 3-sinf/3-sinf 3-Sinf Musiqa.pdf
  1 ta mavzu (model: haiku)
[4/135] 3-sinf/3-sinf 3-Sinf Odobnoma.pdf
  24 ta mavzu (model: haiku)
[5/135] 3-sinf/3-sinf 3-Sinf Ona tili.pdf

Limit tugadi.
You've hit your weekly limit · resets Sep 30 at 1pm (Asia/Tashkent)

Limit tiklanishi kutilmoqda: 1 daqiqa. To'xtatish uchun Ctrl+C.
Qaytadan urinilmoqda - ish to'xtagan joydan davom etadi.

[1/135] 3-sinf/3-sinf 3-Sinf Ingliz tili.pdf
  ! matn topilmadi (skaner PDF?) - o'tkazildi
[2/135] 3-sinf/3-sinf 3-Sinf Matematika.pdf
  83 ta mavzu (model: haiku)
[3/135] 3-sinf/3-sinf 3-Sinf Musiqa.pdf
  1 ta mavzu (model: haiku)
[4/135] 3-sinf/3-sinf 3-Sinf Odobnoma.pdf
  24 ta mavzu (model: haiku)
[5/135] 3-sinf/3-sinf 3-Sinf Ona tili.pdf

Limit tugadi.
You've hit your weekly limit · resets Sep 30 at 1pm (Asia/Tashkent)

Limit tiklanishi kutilmoqda: 1 daqiqa. To'xtatish uchun Ctrl+C.
Qaytadan urinilmoqda - ish to'xtagan joydan davom etadi.

[1/135] 3-sinf/3-sinf 3-Sinf Ingliz tili.pdf
  ! matn topilmadi (skaner PDF?) - o'tkazildi
[2/135] 3-sinf/3-sinf 3-Sinf Matematika.pdf
  83 ta mavzu (model: haiku)
[3/135] 3-sinf/3-sinf 3-Sinf Musiqa.pdf
  1 ta mavzu (model: haiku)
[4/135] 3-sinf/3-sinf 3-Sinf Odobnoma.pdf
  24 ta mavzu (model: haiku)
[5/135] 3-sinf/3-sinf 3-Sinf Ona tili.pdf

Limit tugadi.
You've hit your weekly limit · resets Sep 30 at 1pm (Asia/Tashkent)

Limit tiklanishi kutilmoqda: 1 daqiqa. To'xtatish uchun Ctrl+C.
Qaytadan urinilmoqda - ish to'xtagan joydan davom etadi.

[1/135] 3-sinf/3-sinf 3-Sinf Ingliz tili.pdf
  ! matn topilmadi (skaner PDF?) - o'tkazildi
[2/135] 3-sinf/3-sinf 3-Sinf Matematika.pdf
  83 ta mavzu (model: haiku)
[3/135] 3-sinf/3-sinf 3-Sinf Musiqa.pdf
  1 ta mavzu (model: haiku)
[4/135] 3-sinf/3-sinf 3-Sinf Odobnoma.pdf
  24 ta mavzu (model: haiku)
[5/135] 3-sinf/3-sinf 3-Sinf Ona tili.pdf

Limit tugadi.
You've hit your weekly limit · resets Sep 30 at 1pm (Asia/Tashkent)

Limit tiklanishi kutilmoqda: 1 daqiqa. To'xtatish uchun Ctrl+C.
Qaytadan urinilmoqda - ish to'xtagan joydan davom etadi.

[1/135] 3-sinf/3-sinf 3-Sinf Ingliz tili.pdf
  ! matn topilmadi (skaner PDF?) - o'tkazildi
[2/135] 3-sinf/3-sinf 3-Sinf Matematika.pdf
  83 ta mavzu (model: haiku)
[3/135] 3-sinf/3-sinf 3-Sinf Musiqa.pdf
  1 ta mavzu (model: haiku)
[4/135] 3-sinf/3-sinf 3-Sinf Odobnoma.pdf
  24 ta mavzu (model: haiku)
[5/135] 3-sinf/3-sinf 3-Sinf Ona tili.pdf

Limit tugadi.
You've hit your weekly limit · resets Sep 30 at 1pm (Asia/Tashkent)

Limit tiklanishi kutilmoqda: 1 daqiqa. To'xtatish uchun Ctrl+C.
Qaytadan urinilmoqda - ish to'xtagan joydan davom etadi.

[1/135] 3-sinf/3-sinf 3-Sinf Ingliz tili.pdf
  ! matn topilmadi (skaner PDF?) - o'tkazildi
[2/135] 3-sinf/3-sinf 3-Sinf Matematika.pdf
  83 ta mavzu (model: haiku)
[3/135] 3-sinf/3-sinf 3-Sinf Musiqa.pdf
  1 ta mavzu (model: haiku)
[4/135] 3-sinf/3-sinf 3-Sinf Odobnoma.pdf
  24 ta mavzu (model: haiku)
[5/135] 3-sinf/3-sinf 3-Sinf Ona tili.pdf

Limit tugadi.
You've hit your weekly limit · resets Sep 30 at 1pm (Asia/Tashkent)

Limit tiklanishi kutilmoqda: 1 daqiqa. To'xtatish uchun Ctrl+C.
Qaytadan urinilmoqda - ish to'xtagan joydan davom etadi.

[1/135] 3-sinf/3-sinf 3-Sinf Ingliz tili.pdf
  ! matn topilmadi (skaner PDF?) - o'tkazildi
[2/135] 3-sinf/3-sinf 3-Sinf Matematika.pdf
  83 ta mavzu (model: haiku)
[3/135] 3-sinf/3-sinf 3-Sinf Musiqa.pdf
  1 ta mavzu (model: haiku)
[4/135] 3-sinf/3-sinf 3-Sinf Odobnoma.pdf
  24 ta mavzu (model: haiku)
[5/135] 3-sinf/3-sinf 3-Sinf Ona tili.pdf

Limit tugadi.
You've hit your weekly limit · resets Sep 30 at 1pm (Asia/Tashkent)

Limit tiklanishi kutilmoqda: 1 daqiqa. To'xtatish uchun Ctrl+C.
Qaytadan urinilmoqda - ish to'xtagan joydan davom etadi.

[1/135] 3-sinf/3-sinf 3-Sinf Ingliz tili.pdf
  ! matn topilmadi (skaner PDF?) - o'tkazildi
[2/135] 3-sinf/3-sinf 3-Sinf Matematika.pdf
  83 ta mavzu (model: haiku)
[3/135] 3-sinf/3-sinf 3-Sinf Musiqa.pdf
  1 ta mavzu (model: haiku)
[4/135] 3-sinf/3-sinf 3-Sinf Odobnoma.pdf
  24 ta mavzu (model: haiku)
[5/135] 3-sinf/3-sinf 3-Sinf Ona tili.pdf

Limit tugadi.
You've hit your weekly limit · resets Sep 30 at 1pm (Asia/Tashkent)

Limit tiklanishi kutilmoqda: 1 daqiqa. To'xtatish uchun Ctrl+C.
Qaytadan urinilmoqda - ish to'xtagan joydan davom etadi.

[1/135] 3-sinf/3-sinf 3-Sinf Ingliz tili.pdf
  ! matn topilmadi (skaner PDF?) - o'tkazildi
[2/135] 3-sinf/3-sinf 3-Sinf Matematika.pdf
  83 ta mavzu (model: haiku)
[3/135] 3-sinf/3-sinf 3-Sinf Musiqa.pdf
  1 ta mavzu (model: haiku)
[4/135] 3-sinf/3-sinf 3-Sinf Odobnoma.pdf
  24 ta mavzu (model: haiku)
[5/135] 3-sinf/3-sinf 3-Sinf Ona tili.pdf

Limit tugadi.
You've hit your weekly limit · resets Sep 30 at 1pm (Asia/Tashkent)

Limit tiklanishi kutilmoqda: 1 daqiqa. To'xtatish uchun Ctrl+C.
Qaytadan urinilmoqda - ish to'xtagan joydan davom etadi.

[1/135] 3-sinf/3-sinf 3-Sinf Ingliz tili.pdf
  ! matn topilmadi (skaner PDF?) - o'tkazildi
[2/135] 3-sinf/3-sinf 3-Sinf Matematika.pdf
  83 ta mavzu (model: haiku)
[3/135] 3-sinf/3-sinf 3-Sinf Musiqa.pdf
  1 ta mavzu (model: haiku)
[4/135] 3-sinf/3-sinf 3-Sinf Odobnoma.pdf
  24 ta mavzu (model: haiku)
[5/135] 3-sinf/3-sinf 3-Sinf Ona tili.pdf

Limit tugadi.
You've hit your weekly limit · resets Sep 30 at 1pm (Asia/Tashkent)

Limit tiklanishi kutilmoqda: 1 daqiqa. To'xtatish uchun Ctrl+C.
Qaytadan urinilmoqda - ish to'xtagan joydan davom etadi.

[1/135] 3-sinf/3-sinf 3-Sinf Ingliz tili.pdf
  ! matn topilmadi (skaner PDF?) - o'tkazildi
[2/135] 3-sinf/3-sinf 3-Sinf Matematika.pdf
  83 ta mavzu (model: haiku)
[3/135] 3-sinf/3-sinf 3-Sinf Musiqa.pdf
  1 ta mavzu (model: haiku)
[4/135] 3-sinf/3-sinf 3-Sinf Odobnoma.pdf
  24 ta mavzu (model: haiku)
[5/135] 3-sinf/3-sinf 3-Sinf Ona tili.pdf

Limit tugadi.
You've hit your weekly limit · resets Sep 30 at 1pm (Asia/Tashkent)

Limit tiklanishi kutilmoqda: 1 daqiqa. To'xtatish uchun Ctrl+C.
Qaytadan urinilmoqda - ish to'xtagan joydan davom etadi.

[1/135] 3-sinf/3-sinf 3-Sinf Ingliz tili.pdf
  ! matn topilmadi (skaner PDF?) - o'tkazildi
[2/135] 3-sinf/3-sinf 3-Sinf Matematika.pdf
  83 ta mavzu (model: haiku)
[3/135] 3-sinf/3-sinf 3-Sinf Musiqa.pdf
  1 ta mavzu (model: haiku)
[4/135] 3-sinf/3-sinf 3-Sinf Odobnoma.pdf
  24 ta mavzu (model: haiku)
[5/135] 3-sinf/3-sinf 3-Sinf Ona tili.pdf

Limit tugadi.
You've hit your weekly limit · resets Sep 30 at 1pm (Asia/Tashkent)

Limit tiklanishi kutilmoqda: 1 daqiqa. To'xtatish uchun Ctrl+C.
Qaytadan urinilmoqda - ish to'xtagan joydan davom etadi.

[1/135] 3-sinf/3-sinf 3-Sinf Ingliz tili.pdf
  ! matn topilmadi (skaner PDF?) - o'tkazildi
[2/135] 3-sinf/3-sinf 3-Sinf Matematika.pdf
  83 ta mavzu (model: haiku)
[3/135] 3-sinf/3-sinf 3-Sinf Musiqa.pdf
  1 ta mavzu (model: haiku)
[4/135] 3-sinf/3-sinf 3-Sinf Odobnoma.pdf
  24 ta mavzu (model: haiku)
[5/135] 3-sinf/3-sinf 3-Sinf Ona tili.pdf

Limit tugadi.
You've hit your weekly limit · resets Sep 30 at 1pm (Asia/Tashkent)

Limit tiklanishi kutilmoqda: 1 daqiqa. To'xtatish uchun Ctrl+C.
Qaytadan urinilmoqda - ish to'xtagan joydan davom etadi.

[1/135] 3-sinf/3-sinf 3-Sinf Ingliz tili.pdf
  ! matn topilmadi (skaner PDF?) - o'tkazildi
[2/135] 3-sinf/3-sinf 3-Sinf Matematika.pdf
  83 ta mavzu (model: haiku)
[3/135] 3-sinf/3-sinf 3-Sinf Musiqa.pdf
  1 ta mavzu (model: haiku)
[4/135] 3-sinf/3-sinf 3-Sinf Odobnoma.pdf
  24 ta mavzu (model: haiku)
[5/135] 3-sinf/3-sinf 3-Sinf Ona tili.pdf

Limit tugadi.
You've hit your weekly limit · resets Sep 30 at 1pm (Asia/Tashkent)

Limit tiklanishi kutilmoqda: 1 daqiqa. To'xtatish uchun Ctrl+C.
Qaytadan urinilmoqda - ish to'xtagan joydan davom etadi.

[1/135] 3-sinf/3-sinf 3-Sinf Ingliz tili.pdf
  ! matn topilmadi (skaner PDF?) - o'tkazildi
[2/135] 3-sinf/3-sinf 3-Sinf Matematika.pdf
  83 ta mavzu (model: haiku)
[3/135] 3-sinf/3-sinf 3-Sinf Musiqa.pdf
  1 ta mavzu (model: haiku)
[4/135] 3-sinf/3-sinf 3-Sinf Odobnoma.pdf
  24 ta mavzu (model: haiku)
[5/135] 3-sinf/3-sinf 3-Sinf Ona tili.pdf

Limit tugadi.
You've hit your weekly limit · resets Sep 30 at 1pm (Asia/Tashkent)

Limit tiklanishi kutilmoqda: 1 daqiqa. To'xtatish uchun Ctrl+C.
Qaytadan urinilmoqda - ish to'xtagan joydan davom etadi.

[1/135] 3-sinf/3-sinf 3-Sinf Ingliz tili.pdf
  ! matn topilmadi (skaner PDF?) - o'tkazildi
[2/135] 3-sinf/3-sinf 3-Sinf Matematika.pdf
  83 ta mavzu (model: haiku)
[3/135] 3-sinf/3-sinf 3-Sinf Musiqa.pdf
  1 ta mavzu (model: haiku)
[4/135] 3-sinf/3-sinf 3-Sinf Odobnoma.pdf
  24 ta mavzu (model: haiku)
[5/135] 3-sinf/3-sinf 3-Sinf Ona tili.pdf

Limit tugadi.
You've hit your weekly limit · resets Sep 30 at 1pm (Asia/Tashkent)

Limit tiklanishi kutilmoqda: 1 daqiqa. To'xtatish uchun Ctrl+C.
Qaytadan urinilmoqda - ish to'xtagan joydan davom etadi.

[1/135] 3-sinf/3-sinf 3-Sinf Ingliz tili.pdf
  ! matn topilmadi (skaner PDF?) - o'tkazildi
[2/135] 3-sinf/3-sinf 3-Sinf Matematika.pdf
  83 ta mavzu (model: haiku)
[3/135] 3-sinf/3-sinf 3-Sinf Musiqa.pdf
  1 ta mavzu (model: haiku)
[4/135] 3-sinf/3-sinf 3-Sinf Odobnoma.pdf
  24 ta mavzu (model: haiku)
[5/135] 3-sinf/3-sinf 3-Sinf Ona tili.pdf

Limit tugadi.
You've hit your weekly limit · resets Sep 30 at 1pm (Asia/Tashkent)

Limit tiklanishi kutilmoqda: 1 daqiqa. To'xtatish uchun Ctrl+C.
Qaytadan urinilmoqda - ish to'xtagan joydan davom etadi.

[1/135] 3-sinf/3-sinf 3-Sinf Ingliz tili.pdf
  ! matn topilmadi (skaner PDF?) - o'tkazildi
[2/135] 3-sinf/3-sinf 3-Sinf Matematika.pdf
  83 ta mavzu (model: haiku)
[3/135] 3-sinf/3-sinf 3-Sinf Musiqa.pdf
  1 ta mavzu (model: haiku)
[4/135] 3-sinf/3-sinf 3-Sinf Odobnoma.pdf
  24 ta mavzu (model: haiku)
[5/135] 3-sinf/3-sinf 3-Sinf Ona tili.pdf

Limit tugadi.
You've hit your weekly limit · resets Sep 30 at 1pm (Asia/Tashkent)

Limit tiklanishi kutilmoqda: 1 daqiqa. To'xtatish uchun Ctrl+C.
Qaytadan urinilmoqda - ish to'xtagan joydan davom etadi.

[1/135] 3-sinf/3-sinf 3-Sinf Ingliz tili.pdf
  ! matn topilmadi (skaner PDF?) - o'tkazildi
[2/135] 3-sinf/3-sinf 3-Sinf Matematika.pdf
  83 ta mavzu (model: haiku)
[3/135] 3-sinf/3-sinf 3-Sinf Musiqa.pdf
  1 ta mavzu (model: haiku)
[4/135] 3-sinf/3-sinf 3-Sinf Odobnoma.pdf
  24 ta mavzu (model: haiku)
[5/135] 3-sinf/3-sinf 3-Sinf Ona tili.pdf

Limit tugadi.
You've hit your weekly limit · resets Sep 30 at 1pm (Asia/Tashkent)

Limit tiklanishi kutilmoqda: 1 daqiqa. To'xtatish uchun Ctrl+C.
Qaytadan urinilmoqda - ish to'xtagan joydan davom etadi.

[1/135] 3-sinf/3-sinf 3-Sinf Ingliz tili.pdf
  ! matn topilmadi (skaner PDF?) - o'tkazildi
[2/135] 3-sinf/3-sinf 3-Sinf Matematika.pdf
  83 ta mavzu (model: haiku)
[3/135] 3-sinf/3-sinf 3-Sinf Musiqa.pdf
  1 ta mavzu (model: haiku)
[4/135] 3-sinf/3-sinf 3-Sinf Odobnoma.pdf
  24 ta mavzu (model: haiku)
[5/135] 3-sinf/3-sinf 3-Sinf Ona tili.pdf

Limit tugadi.
You've hit your weekly limit · resets Sep 30 at 1pm (Asia/Tashkent)

Limit tiklanishi kutilmoqda: 1 daqiqa. To'xtatish uchun Ctrl+C.
Qaytadan urinilmoqda - ish to'xtagan joydan davom etadi.

[1/135] 3-sinf/3-sinf 3-Sinf Ingliz tili.pdf
  ! matn topilmadi (skaner PDF?) - o'tkazildi
[2/135] 3-sinf/3-sinf 3-Sinf Matematika.pdf
  83 ta mavzu (model: haiku)
[3/135] 3-sinf/3-sinf 3-Sinf Musiqa.pdf
  1 ta mavzu (model: haiku)
[4/135] 3-sinf/3-sinf 3-Sinf Odobnoma.pdf
  24 ta mavzu (model: haiku)
[5/135] 3-sinf/3-sinf 3-Sinf Ona tili.pdf

Limit tugadi.
You've hit your weekly limit · resets Sep 30 at 1pm (Asia/Tashkent)

Limit tiklanishi kutilmoqda: 1 daqiqa. To'xtatish uchun Ctrl+C.
Qaytadan urinilmoqda - ish to'xtagan joydan davom etadi.

[1/135] 3-sinf/3-sinf 3-Sinf Ingliz tili.pdf
  ! matn topilmadi (skaner PDF?) - o'tkazildi
[2/135] 3-sinf/3-sinf 3-Sinf Matematika.pdf
  83 ta mavzu (model: haiku)
[3/135] 3-sinf/3-sinf 3-Sinf Musiqa.pdf
  1 ta mavzu (model: haiku)
[4/135] 3-sinf/3-sinf 3-Sinf Odobnoma.pdf
  24 ta mavzu (model: haiku)
[5/135] 3-sinf/3-sinf 3-Sinf Ona tili.pdf

Limit tugadi.
You've hit your weekly limit · resets Sep 30 at 1pm (Asia/Tashkent)

Limit tiklanishi kutilmoqda: 1 daqiqa. To'xtatish uchun Ctrl+C.
Qaytadan urinilmoqda - ish to'xtagan joydan davom etadi.

[1/135] 3-sinf/3-sinf 3-Sinf Ingliz tili.pdf
  ! matn topilmadi (skaner PDF?) - o'tkazildi
[2/135] 3-sinf/3-sinf 3-Sinf Matematika.pdf
  83 ta mavzu (model: haiku)
[3/135] 3-sinf/3-sinf 3-Sinf Musiqa.pdf
  1 ta mavzu (model: haiku)
[4/135] 3-sinf/3-sinf 3-Sinf Odobnoma.pdf
  24 ta mavzu (model: haiku)
[5/135] 3-sinf/3-sinf 3-Sinf Ona tili.pdf

Limit tugadi.
You've hit your weekly limit · resets Sep 30 at 1pm (Asia/Tashkent)

Limit tiklanishi kutilmoqda: 1 daqiqa. To'xtatish uchun Ctrl+C.
Qaytadan urinilmoqda - ish to'xtagan joydan davom etadi.

[1/135] 3-sinf/3-sinf 3-Sinf Ingliz tili.pdf
  ! matn topilmadi (skaner PDF?) - o'tkazildi
[2/135] 3-sinf/3-sinf 3-Sinf Matematika.pdf
  83 ta mavzu (model: haiku)
[3/135] 3-sinf/3-sinf 3-Sinf Musiqa.pdf
  1 ta mavzu (model: haiku)
[4/135] 3-sinf/3-sinf 3-Sinf Odobnoma.pdf
  24 ta mavzu (model: haiku)
[5/135] 3-sinf/3-sinf 3-Sinf Ona tili.pdf

Limit tugadi.
You've hit your weekly limit · resets Sep 30 at 1pm (Asia/Tashkent)

Limit tiklanishi kutilmoqda: 1 daqiqa. To'xtatish uchun Ctrl+C.
Qaytadan urinilmoqda - ish to'xtagan joydan davom etadi.

[1/135] 3-sinf/3-sinf 3-Sinf Ingliz tili.pdf
  ! matn topilmadi (skaner PDF?) - o'tkazildi
[2/135] 3-sinf/3-sinf 3-Sinf Matematika.pdf
  83 ta mavzu (model: haiku)
[3/135] 3-sinf/3-sinf 3-Sinf Musiqa.pdf
  1 ta mavzu (model: haiku)
[4/135] 3-sinf/3-sinf 3-Sinf Odobnoma.pdf
  24 ta mavzu (model: haiku)
[5/135] 3-sinf/3-sinf 3-Sinf Ona tili.pdf

Limit tugadi.
You've hit your weekly limit · resets Sep 30 at 1pm (Asia/Tashkent)

Limit tiklanishi kutilmoqda: 1 daqiqa. To'xtatish uchun Ctrl+C.
Qaytadan urinilmoqda - ish to'xtagan joydan davom etadi.

[1/135] 3-sinf/3-sinf 3-Sinf Ingliz tili.pdf
  ! matn topilmadi (skaner PDF?) - o'tkazildi
[2/135] 3-sinf/3-sinf 3-Sinf Matematika.pdf
  83 ta mavzu (model: haiku)
[3/135] 3-sinf/3-sinf 3-Sinf Musiqa.pdf
  1 ta mavzu (model: haiku)
[4/135] 3-sinf/3-sinf 3-Sinf Odobnoma.pdf
  24 ta mavzu (model: haiku)
[5/135] 3-sinf/3-sinf 3-Sinf Ona tili.pdf

Limit tugadi.
You've hit your weekly limit · resets Sep 30 at 1pm (Asia/Tashkent)

Limit tiklanishi kutilmoqda: 1 daqiqa. To'xtatish uchun Ctrl+C.
Qaytadan urinilmoqda - ish to'xtagan joydan davom etadi.

[1/135] 3-sinf/3-sinf 3-Sinf Ingliz tili.pdf
  ! matn topilmadi (skaner PDF?) - o'tkazildi
[2/135] 3-sinf/3-sinf 3-Sinf Matematika.pdf
  83 ta mavzu (model: haiku)
[3/135] 3-sinf/3-sinf 3-Sinf Musiqa.pdf
  1 ta mavzu (model: haiku)
[4/135] 3-sinf/3-sinf 3-Sinf Odobnoma.pdf
  24 ta mavzu (model: haiku)
[5/135] 3-sinf/3-sinf 3-Sinf Ona tili.pdf

Limit tugadi.
You've hit your weekly limit · resets Sep 30 at 1pm (Asia/Tashkent)

Limit tiklanishi kutilmoqda: 1 daqiqa. To'xtatish uchun Ctrl+C.
Qaytadan urinilmoqda - ish to'xtagan joydan davom etadi.

[1/135] 3-sinf/3-sinf 3-Sinf Ingliz tili.pdf
  ! matn topilmadi (skaner PDF?) - o'tkazildi
[2/135] 3-sinf/3-sinf 3-Sinf Matematika.pdf
  83 ta mavzu (model: haiku)
[3/135] 3-sinf/3-sinf 3-Sinf Musiqa.pdf
  1 ta mavzu (model: haiku)
[4/135] 3-sinf/3-sinf 3-Sinf Odobnoma.pdf
  24 ta mavzu (model: haiku)
[5/135] 3-sinf/3-sinf 3-Sinf Ona tili.pdf

Limit tugadi.
You've hit your weekly limit · resets Sep 30 at 1pm (Asia/Tashkent)

Limit tiklanishi kutilmoqda: 1 daqiqa. To'xtatish uchun Ctrl+C.
Qaytadan urinilmoqda - ish to'xtagan joydan davom etadi.

[1/135] 3-sinf/3-sinf 3-Sinf Ingliz tili.pdf
  ! matn topilmadi (skaner PDF?) - o'tkazildi
[2/135] 3-sinf/3-sinf 3-Sinf Matematika.pdf
  83 ta mavzu (model: haiku)
[3/135] 3-sinf/3-sinf 3-Sinf Musiqa.pdf
  1 ta mavzu (model: haiku)
[4/135] 3-sinf/3-sinf 3-Sinf Odobnoma.pdf
  24 ta mavzu (model: haiku)
[5/135] 3-sinf/3-sinf 3-Sinf Ona tili.pdf

Limit tugadi.
You've hit your weekly limit · resets Sep 30 at 1pm (Asia/Tashkent)

Limit tiklanishi kutilmoqda: 1 daqiqa. To'xtatish uchun Ctrl+C.
Qaytadan urinilmoqda - ish to'xtagan joydan davom etadi.

[1/135] 3-sinf/3-sinf 3-Sinf Ingliz tili.pdf
  ! matn topilmadi (skaner PDF?) - o'tkazildi
[2/135] 3-sinf/3-sinf 3-Sinf Matematika.pdf
  83 ta mavzu (model: haiku)
[3/135] 3-sinf/3-sinf 3-Sinf Musiqa.pdf
  1 ta mavzu (model: haiku)
[4/135] 3-sinf/3-sinf 3-Sinf Odobnoma.pdf
  24 ta mavzu (model: haiku)
[5/135] 3-sinf/3-sinf 3-Sinf Ona tili.pdf

Limit tugadi.
You've hit your weekly limit · resets Sep 30 at 1pm (Asia/Tashkent)

Limit tiklanishi kutilmoqda: 1 daqiqa. To'xtatish uchun Ctrl+C.
Qaytadan urinilmoqda - ish to'xtagan joydan davom etadi.

[1/135] 3-sinf/3-sinf 3-Sinf Ingliz tili.pdf
  ! matn topilmadi (skaner PDF?) - o'tkazildi
[2/135] 3-sinf/3-sinf 3-Sinf Matematika.pdf
  83 ta mavzu (model: haiku)
[3/135] 3-sinf/3-sinf 3-Sinf Musiqa.pdf
  1 ta mavzu (model: haiku)
[4/135] 3-sinf/3-sinf 3-Sinf Odobnoma.pdf
  24 ta mavzu (model: haiku)
[5/135] 3-sinf/3-sinf 3-Sinf Ona tili.pdf

Limit tugadi.
You've hit your weekly limit · resets Sep 30 at 1pm (Asia/Tashkent)

Limit tiklanishi kutilmoqda: 1 daqiqa. To'xtatish uchun Ctrl+C.
Qaytadan urinilmoqda - ish to'xtagan joydan davom etadi.

[1/135] 3-sinf/3-sinf 3-Sinf Ingliz tili.pdf
  ! matn topilmadi (skaner PDF?) - o'tkazildi
[2/135] 3-sinf/3-sinf 3-Sinf Matematika.pdf
  83 ta mavzu (model: haiku)
[3/135] 3-sinf/3-sinf 3-Sinf Musiqa.pdf
  1 ta mavzu (model: haiku)
[4/135] 3-sinf/3-sinf 3-Sinf Odobnoma.pdf
  24 ta mavzu (model: haiku)
[5/135] 3-sinf/3-sinf 3-Sinf Ona tili.pdf

Limit tugadi.
You've hit your weekly limit · resets Sep 30 at 1pm (Asia/Tashkent)

Limit tiklanishi kutilmoqda: 1 daqiqa. To'xtatish uchun Ctrl+C.
Qaytadan urinilmoqda - ish to'xtagan joydan davom etadi.

[1/135] 3-sinf/3-sinf 3-Sinf Ingliz tili.pdf
  ! matn topilmadi (skaner PDF?) - o'tkazildi
[2/135] 3-sinf/3-sinf 3-Sinf Matematika.pdf
  83 ta mavzu (model: haiku)
[3/135] 3-sinf/3-sinf 3-Sinf Musiqa.pdf
  1 ta mavzu (model: haiku)
[4/135] 3-sinf/3-sinf 3-Sinf Odobnoma.pdf
  24 ta mavzu (model: haiku)
[5/135] 3-sinf/3-sinf 3-Sinf Ona tili.pdf

Limit tugadi.
You've hit your weekly limit · resets Sep 30 at 1pm (Asia/Tashkent)

Limit tiklanishi kutilmoqda: 1 daqiqa. To'xtatish uchun Ctrl+C.
Qaytadan urinilmoqda - ish to'xtagan joydan davom etadi.

[1/135] 3-sinf/3-sinf 3-Sinf Ingliz tili.pdf
  ! matn topilmadi (skaner PDF?) - o'tkazildi
[2/135] 3-sinf/3-sinf 3-Sinf Matematika.pdf
  83 ta mavzu (model: haiku)
[3/135] 3-sinf/3-sinf 3-Sinf Musiqa.pdf
  1 ta mavzu (model: haiku)
[4/135] 3-sinf/3-sinf 3-Sinf Odobnoma.pdf
  24 ta mavzu (model: haiku)
[5/135] 3-sinf/3-sinf 3-Sinf Ona tili.pdf

Limit tugadi.
You've hit your weekly limit · resets Sep 30 at 1pm (Asia/Tashkent)

Limit tiklanishi kutilmoqda: 1 daqiqa. To'xtatish uchun Ctrl+C.
Qaytadan urinilmoqda - ish to'xtagan joydan davom etadi.

[1/135] 3-sinf/3-sinf 3-Sinf Ingliz tili.pdf
  ! matn topilmadi (skaner PDF?) - o'tkazildi
[2/135] 3-sinf/3-sinf 3-Sinf Matematika.pdf
  83 ta mavzu (model: haiku)
[3/135] 3-sinf/3-sinf 3-Sinf Musiqa.pdf
  1 ta mavzu (model: haiku)
[4/135] 3-sinf/3-sinf 3-Sinf Odobnoma.pdf
  24 ta mavzu (model: haiku)
[5/135] 3-sinf/3-sinf 3-Sinf Ona tili.pdf

Limit tugadi.
You've hit your weekly limit · resets Sep 30 at 1pm (Asia/Tashkent)

Limit tiklanishi kutilmoqda: 1 daqiqa. To'xtatish uchun Ctrl+C.
Qaytadan urinilmoqda - ish to'xtagan joydan davom etadi.

[1/135] 3-sinf/3-sinf 3-Sinf Ingliz tili.pdf
  ! matn topilmadi (skaner PDF?) - o'tkazildi
[2/135] 3-sinf/3-sinf 3-Sinf Matematika.pdf
  83 ta mavzu (model: haiku)
[3/135] 3-sinf/3-sinf 3-Sinf Musiqa.pdf
  1 ta mavzu (model: haiku)
[4/135] 3-sinf/3-sinf 3-Sinf Odobnoma.pdf
  24 ta mavzu (model: haiku)
[5/135] 3-sinf/3-sinf 3-Sinf Ona tili.pdf

Limit tugadi.
You've hit your weekly limit · resets Sep 30 at 1pm (Asia/Tashkent)

Limit tiklanishi kutilmoqda: 1 daqiqa. To'xtatish uchun Ctrl+C.
Qaytadan urinilmoqda - ish to'xtagan joydan davom etadi.

[1/135] 3-sinf/3-sinf 3-Sinf Ingliz tili.pdf
  ! matn topilmadi (skaner PDF?) - o'tkazildi
[2/135] 3-sinf/3-sinf 3-Sinf Matematika.pdf
  83 ta mavzu (model: haiku)
[3/135] 3-sinf/3-sinf 3-Sinf Musiqa.pdf
  1 ta mavzu (model: haiku)
[4/135] 3-sinf/3-sinf 3-Sinf Odobnoma.pdf
  24 ta mavzu (model: haiku)
[5/135] 3-sinf/3-sinf 3-Sinf Ona tili.pdf

Limit tugadi.
You've hit your weekly limit · resets Sep 30 at 1pm (Asia/Tashkent)

Limit tiklanishi kutilmoqda: 1 daqiqa. To'xtatish uchun Ctrl+C.
Qaytadan urinilmoqda - ish to'xtagan joydan davom etadi.

[1/135] 3-sinf/3-sinf 3-Sinf Ingliz tili.pdf
  ! matn topilmadi (skaner PDF?) - o'tkazildi
[2/135] 3-sinf/3-sinf 3-Sinf Matematika.pdf
  83 ta mavzu (model: haiku)
[3/135] 3-sinf/3-sinf 3-Sinf Musiqa.pdf
  1 ta mavzu (model: haiku)
[4/135] 3-sinf/3-sinf 3-Sinf Odobnoma.pdf
  24 ta mavzu (model: haiku)
[5/135] 3-sinf/3-sinf 3-Sinf Ona tili.pdf

Limit tugadi.
You've hit your weekly limit · resets Sep 30 at 1pm (Asia/Tashkent)

Limit tiklanishi kutilmoqda: 1 daqiqa. To'xtatish uchun Ctrl+C.
Qaytadan urinilmoqda - ish to'xtagan joydan davom etadi.

[1/135] 3-sinf/3-sinf 3-Sinf Ingliz tili.pdf
  ! matn topilmadi (skaner PDF?) - o'tkazildi
[2/135] 3-sinf/3-sinf 3-Sinf Matematika.pdf
  83 ta mavzu (model: haiku)
[3/135] 3-sinf/3-sinf 3-Sinf Musiqa.pdf
  1 ta mavzu (model: haiku)
[4/135] 3-sinf/3-sinf 3-Sinf Odobnoma.pdf
  24 ta mavzu (model: haiku)
[5/135] 3-sinf/3-sinf 3-Sinf Ona tili.pdf

Limit tugadi.
You've hit your weekly limit · resets Sep 30 at 1pm (Asia/Tashkent)

Limit tiklanishi kutilmoqda: 1 daqiqa. To'xtatish uchun Ctrl+C.
Qaytadan urinilmoqda - ish to'xtagan joydan davom etadi.

[1/135] 3-sinf/3-sinf 3-Sinf Ingliz tili.pdf
  ! matn topilmadi (skaner PDF?) - o'tkazildi
[2/135] 3-sinf/3-sinf 3-Sinf Matematika.pdf
  83 ta mavzu (model: haiku)
[3/135] 3-sinf/3-sinf 3-Sinf Musiqa.pdf
  1 ta mavzu (model: haiku)
[4/135] 3-sinf/3-sinf 3-Sinf Odobnoma.pdf
  24 ta mavzu (model: haiku)
[5/135] 3-sinf/3-sinf 3-Sinf Ona tili.pdf

Limit tugadi.
You've hit your weekly limit · resets Sep 30 at 1pm (Asia/Tashkent)

Limit tiklanishi kutilmoqda: 1 daqiqa. To'xtatish uchun Ctrl+C.
Qaytadan urinilmoqda - ish to'xtagan joydan davom etadi.

[1/135] 3-sinf/3-sinf 3-Sinf Ingliz tili.pdf
  ! matn topilmadi (skaner PDF?) - o'tkazildi
[2/135] 3-sinf/3-sinf 3-Sinf Matematika.pdf
  83 ta mavzu (model: haiku)
[3/135] 3-sinf/3-sinf 3-Sinf Musiqa.pdf
  1 ta mavzu (model: haiku)
[4/135] 3-sinf/3-sinf 3-Sinf Odobnoma.pdf
  24 ta mavzu (model: haiku)
[5/135] 3-sinf/3-sinf 3-Sinf Ona tili.pdf

Limit tugadi.
You've hit your weekly limit · resets Sep 30 at 1pm (Asia/Tashkent)

Limit tiklanishi kutilmoqda: 1 daqiqa. To'xtatish uchun Ctrl+C.
Qaytadan urinilmoqda - ish to'xtagan joydan davom etadi.

[1/135] 3-sinf/3-sinf 3-Sinf Ingliz tili.pdf
  ! matn topilmadi (skaner PDF?) - o'tkazildi
[2/135] 3-sinf/3-sinf 3-Sinf Matematika.pdf
  83 ta mavzu (model: haiku)
[3/135] 3-sinf/3-sinf 3-Sinf Musiqa.pdf
  1 ta mavzu (model: haiku)
[4/135] 3-sinf/3-sinf 3-Sinf Odobnoma.pdf
  24 ta mavzu (model: haiku)
[5/135] 3-sinf/3-sinf 3-Sinf Ona tili.pdf

Limit tugadi.
You've hit your weekly limit · resets Sep 30 at 1pm (Asia/Tashkent)

Limit tiklanishi kutilmoqda: 1 daqiqa. To'xtatish uchun Ctrl+C.
Qaytadan urinilmoqda - ish to'xtagan joydan davom etadi.

[1/135] 3-sinf/3-sinf 3-Sinf Ingliz tili.pdf
  ! matn topilmadi (skaner PDF?) - o'tkazildi
[2/135] 3-sinf/3-sinf 3-Sinf Matematika.pdf
  83 ta mavzu (model: haiku)
[3/135] 3-sinf/3-sinf 3-Sinf Musiqa.pdf
  1 ta mavzu (model: haiku)
[4/135] 3-sinf/3-sinf 3-Sinf Odobnoma.pdf
  24 ta mavzu (model: haiku)
[5/135] 3-sinf/3-sinf 3-Sinf Ona tili.pdf

Limit tugadi.
You've hit your weekly limit · resets Sep 30 at 1pm (Asia/Tashkent)

Limit tiklanishi kutilmoqda: 1 daqiqa. To'xtatish uchun Ctrl+C.
Qaytadan urinilmoqda - ish to'xtagan joydan davom etadi.

[1/135] 3-sinf/3-sinf 3-Sinf Ingliz tili.pdf
  ! matn topilmadi (skaner PDF?) - o'tkazildi
[2/135] 3-sinf/3-sinf 3-Sinf Matematika.pdf
  83 ta mavzu (model: haiku)
[3/135] 3-sinf/3-sinf 3-Sinf Musiqa.pdf
  1 ta mavzu (model: haiku)
[4/135] 3-sinf/3-sinf 3-Sinf Odobnoma.pdf
  24 ta mavzu (model: haiku)
[5/135] 3-sinf/3-sinf 3-Sinf Ona tili.pdf

Limit tugadi.
You've hit your weekly limit · resets Sep 30 at 1pm (Asia/Tashkent)

Limit tiklanishi kutilmoqda: 1 daqiqa. To'xtatish uchun Ctrl+C.
Qaytadan urinilmoqda - ish to'xtagan joydan davom etadi.

[1/135] 3-sinf/3-sinf 3-Sinf Ingliz tili.pdf
  ! matn topilmadi (skaner PDF?) - o'tkazildi
[2/135] 3-sinf/3-sinf 3-Sinf Matematika.pdf
  83 ta mavzu (model: haiku)
[3/135] 3-sinf/3-sinf 3-Sinf Musiqa.pdf
  1 ta mavzu (model: haiku)
[4/135] 3-sinf/3-sinf 3-Sinf Odobnoma.pdf
  24 ta mavzu (model: haiku)
[5/135] 3-sinf/3-sinf 3-Sinf Ona tili.pdf

Limit tugadi.
You've hit your weekly limit · resets Sep 30 at 1pm (Asia/Tashkent)

Limit tiklanishi kutilmoqda: 1 daqiqa. To'xtatish uchun Ctrl+C.
Qaytadan urinilmoqda - ish to'xtagan joydan davom etadi.

[1/135] 3-sinf/3-sinf 3-Sinf Ingliz tili.pdf
  ! matn topilmadi (skaner PDF?) - o'tkazildi
[2/135] 3-sinf/3-sinf 3-Sinf Matematika.pdf
  83 ta mavzu (model: haiku)
[3/135] 3-sinf/3-sinf 3-Sinf Musiqa.pdf
  1 ta mavzu (model: haiku)
[4/135] 3-sinf/3-sinf 3-Sinf Odobnoma.pdf
  24 ta mavzu (model: haiku)
[5/135] 3-sinf/3-sinf 3-Sinf Ona tili.pdf

Limit tugadi.
You've hit your weekly limit · resets Sep 30 at 1pm (Asia/Tashkent)

Limit tiklanishi kutilmoqda: 1 daqiqa. To'xtatish uchun Ctrl+C.
Qaytadan urinilmoqda - ish to'xtagan joydan davom etadi.

[1/135] 3-sinf/3-sinf 3-Sinf Ingliz tili.pdf
  ! matn topilmadi (skaner PDF?) - o'tkazildi
[2/135] 3-sinf/3-sinf 3-Sinf Matematika.pdf
  83 ta mavzu (model: haiku)
[3/135] 3-sinf/3-sinf 3-Sinf Musiqa.pdf
  1 ta mavzu (model: haiku)
[4/135] 3-sinf/3-sinf 3-Sinf Odobnoma.pdf
  24 ta mavzu (model: haiku)
[5/135] 3-sinf/3-sinf 3-Sinf Ona tili.pdf

Limit tugadi.
You've hit your weekly limit · resets Sep 30 at 1pm (Asia/Tashkent)

Limit tiklanishi kutilmoqda: 1 daqiqa. To'xtatish uchun Ctrl+C.
Qaytadan urinilmoqda - ish to'xtagan joydan davom etadi.

[1/135] 3-sinf/3-sinf 3-Sinf Ingliz tili.pdf
  ! matn topilmadi (skaner PDF?) - o'tkazildi
[2/135] 3-sinf/3-sinf 3-Sinf Matematika.pdf
  83 ta mavzu (model: haiku)
[3/135] 3-sinf/3-sinf 3-Sinf Musiqa.pdf
  1 ta mavzu (model: haiku)
[4/135] 3-sinf/3-sinf 3-Sinf Odobnoma.pdf
  24 ta mavzu (model: haiku)
[5/135] 3-sinf/3-sinf 3-Sinf Ona tili.pdf

Limit tugadi.
You've hit your weekly limit · resets Sep 30 at 1pm (Asia/Tashkent)

Limit tiklanishi kutilmoqda: 1 daqiqa. To'xtatish uchun Ctrl+C.
Qaytadan urinilmoqda - ish to'xtagan joydan davom etadi.

[1/135] 3-sinf/3-sinf 3-Sinf Ingliz tili.pdf
  ! matn topilmadi (skaner PDF?) - o'tkazildi
[2/135] 3-sinf/3-sinf 3-Sinf Matematika.pdf
  83 ta mavzu (model: haiku)
[3/135] 3-sinf/3-sinf 3-Sinf Musiqa.pdf
  1 ta mavzu (model: haiku)
[4/135] 3-sinf/3-sinf 3-Sinf Odobnoma.pdf
  24 ta mavzu (model: haiku)
[5/135] 3-sinf/3-sinf 3-Sinf Ona tili.pdf

Limit tugadi.
You've hit your weekly limit · resets Sep 30 at 1pm (Asia/Tashkent)

Limit tiklanishi kutilmoqda: 1 daqiqa. To'xtatish uchun Ctrl+C.
Qaytadan urinilmoqda - ish to'xtagan joydan davom etadi.

[1/135] 3-sinf/3-sinf 3-Sinf Ingliz tili.pdf
  ! matn topilmadi (skaner PDF?) - o'tkazildi
[2/135] 3-sinf/3-sinf 3-Sinf Matematika.pdf
  83 ta mavzu (model: haiku)
[3/135] 3-sinf/3-sinf 3-Sinf Musiqa.pdf
  1 ta mavzu (model: haiku)
[4/135] 3-sinf/3-sinf 3-Sinf Odobnoma.pdf
  24 ta mavzu (model: haiku)
[5/135] 3-sinf/3-sinf 3-Sinf Ona tili.pdf

Limit tugadi.
You've hit your weekly limit · resets Sep 30 at 1pm (Asia/Tashkent)

Limit tiklanishi kutilmoqda: 1 daqiqa. To'xtatish uchun Ctrl+C.
Qaytadan urinilmoqda - ish to'xtagan joydan davom etadi.

[1/135] 3-sinf/3-sinf 3-Sinf Ingliz tili.pdf
  ! matn topilmadi (skaner PDF?) - o'tkazildi
[2/135] 3-sinf/3-sinf 3-Sinf Matematika.pdf
  83 ta mavzu (model: haiku)
[3/135] 3-sinf/3-sinf 3-Sinf Musiqa.pdf
  1 ta mavzu (model: haiku)
[4/135] 3-sinf/3-sinf 3-Sinf Odobnoma.pdf
  24 ta mavzu (model: haiku)
[5/135] 3-sinf/3-sinf 3-Sinf Ona tili.pdf

Limit tugadi.
You've hit your weekly limit · resets Sep 30 at 1pm (Asia/Tashkent)

Limit tiklanishi kutilmoqda: 1 daqiqa. To'xtatish uchun Ctrl+C.
Qaytadan urinilmoqda - ish to'xtagan joydan davom etadi.

[1/135] 3-sinf/3-sinf 3-Sinf Ingliz tili.pdf
  ! matn topilmadi (skaner PDF?) - o'tkazildi
[2/135] 3-sinf/3-sinf 3-Sinf Matematika.pdf
  83 ta mavzu (model: haiku)
[3/135] 3-sinf/3-sinf 3-Sinf Musiqa.pdf
  1 ta mavzu (model: haiku)
[4/135] 3-sinf/3-sinf 3-Sinf Odobnoma.pdf
  24 ta mavzu (model: haiku)
[5/135] 3-sinf/3-sinf 3-Sinf Ona tili.pdf

Limit tugadi.
You've hit your weekly limit · resets Sep 30 at 1pm (Asia/Tashkent)

Limit tiklanishi kutilmoqda: 1 daqiqa. To'xtatish uchun Ctrl+C.
Qaytadan urinilmoqda - ish to'xtagan joydan davom etadi.

[1/135] 3-sinf/3-sinf 3-Sinf Ingliz tili.pdf
  ! matn topilmadi (skaner PDF?) - o'tkazildi
[2/135] 3-sinf/3-sinf 3-Sinf Matematika.pdf
  83 ta mavzu (model: haiku)
[3/135] 3-sinf/3-sinf 3-Sinf Musiqa.pdf
  1 ta mavzu (model: haiku)
[4/135] 3-sinf/3-sinf 3-Sinf Odobnoma.pdf
  24 ta mavzu (model: haiku)
[5/135] 3-sinf/3-sinf 3-Sinf Ona tili.pdf

Limit tugadi.
You've hit your weekly limit · resets Sep 30 at 1pm (Asia/Tashkent)

Limit tiklanishi kutilmoqda: 1 daqiqa. To'xtatish uchun Ctrl+C.
Qaytadan urinilmoqda - ish to'xtagan joydan davom etadi.

[1/135] 3-sinf/3-sinf 3-Sinf Ingliz tili.pdf
  ! matn topilmadi (skaner PDF?) - o'tkazildi
[2/135] 3-sinf/3-sinf 3-Sinf Matematika.pdf
  83 ta mavzu (model: haiku)
[3/135] 3-sinf/3-sinf 3-Sinf Musiqa.pdf
  1 ta mavzu (model: haiku)
[4/135] 3-sinf/3-sinf 3-Sinf Odobnoma.pdf
  24 ta mavzu (model: haiku)
[5/135] 3-sinf/3-sinf 3-Sinf Ona tili.pdf

Limit tugadi.
You've hit your weekly limit · resets Sep 30 at 1pm (Asia/Tashkent)

Limit tiklanishi kutilmoqda: 1 daqiqa. To'xtatish uchun Ctrl+C.
Qaytadan urinilmoqda - ish to'xtagan joydan davom etadi.

[1/135] 3-sinf/3-sinf 3-Sinf Ingliz tili.pdf
  ! matn topilmadi (skaner PDF?) - o'tkazildi
[2/135] 3-sinf/3-sinf 3-Sinf Matematika.pdf
  83 ta mavzu (model: haiku)
[3/135] 3-sinf/3-sinf 3-Sinf Musiqa.pdf
  1 ta mavzu (model: haiku)
[4/135] 3-sinf/3-sinf 3-Sinf Odobnoma.pdf
  24 ta mavzu (model: haiku)
[5/135] 3-sinf/3-sinf 3-Sinf Ona tili.pdf

Limit tugadi.
You've hit your weekly limit · resets Sep 30 at 1pm (Asia/Tashkent)

Limit tiklanishi kutilmoqda: 1 daqiqa. To'xtatish uchun Ctrl+C.
Qaytadan urinilmoqda - ish to'xtagan joydan davom etadi.

[1/135] 3-sinf/3-sinf 3-Sinf Ingliz tili.pdf
  ! matn topilmadi (skaner PDF?) - o'tkazildi
[2/135] 3-sinf/3-sinf 3-Sinf Matematika.pdf
  83 ta mavzu (model: haiku)
[3/135] 3-sinf/3-sinf 3-Sinf Musiqa.pdf
  1 ta mavzu (model: haiku)
[4/135] 3-sinf/3-sinf 3-Sinf Odobnoma.pdf
  24 ta mavzu (model: haiku)
[5/135] 3-sinf/3-sinf 3-Sinf Ona tili.pdf

Limit tugadi.
You've hit your weekly limit · resets Sep 30 at 1pm (Asia/Tashkent)

Limit tiklanishi kutilmoqda: 1 daqiqa. To'xtatish uchun Ctrl+C.
Qaytadan urinilmoqda - ish to'xtagan joydan davom etadi.

[1/135] 3-sinf/3-sinf 3-Sinf Ingliz tili.pdf
  ! matn topilmadi (skaner PDF?) - o'tkazildi
[2/135] 3-sinf/3-sinf 3-Sinf Matematika.pdf
  83 ta mavzu (model: haiku)
[3/135] 3-sinf/3-sinf 3-Sinf Musiqa.pdf
  1 ta mavzu (model: haiku)
[4/135] 3-sinf/3-sinf 3-Sinf Odobnoma.pdf
  24 ta mavzu (model: haiku)
[5/135] 3-sinf/3-sinf 3-Sinf Ona tili.pdf

Limit tugadi.
You've hit your weekly limit · resets Sep 30 at 1pm (Asia/Tashkent)

Limit tiklanishi kutilmoqda: 1 daqiqa. To'xtatish uchun Ctrl+C.
Qaytadan urinilmoqda - ish to'xtagan joydan davom etadi.

[1/135] 3-sinf/3-sinf 3-Sinf Ingliz tili.pdf
  ! matn topilmadi (skaner PDF?) - o'tkazildi
[2/135] 3-sinf/3-sinf 3-Sinf Matematika.pdf
  83 ta mavzu (model: haiku)
[3/135] 3-sinf/3-sinf 3-Sinf Musiqa.pdf
  1 ta mavzu (model: haiku)
[4/135] 3-sinf/3-sinf 3-Sinf Odobnoma.pdf
  24 ta mavzu (model: haiku)
[5/135] 3-sinf/3-sinf 3-Sinf Ona tili.pdf

Limit tugadi.
You've hit your weekly limit · resets Sep 30 at 1pm (Asia/Tashkent)

Limit tiklanishi kutilmoqda: 1 daqiqa. To'xtatish uchun Ctrl+C.
Qaytadan urinilmoqda - ish to'xtagan joydan davom etadi.

[1/135] 3-sinf/3-sinf 3-Sinf Ingliz tili.pdf
  ! matn topilmadi (skaner PDF?) - o'tkazildi
[2/135] 3-sinf/3-sinf 3-Sinf Matematika.pdf
  83 ta mavzu (model: haiku)
[3/135] 3-sinf/3-sinf 3-Sinf Musiqa.pdf
  1 ta mavzu (model: haiku)
[4/135] 3-sinf/3-sinf 3-Sinf Odobnoma.pdf
  24 ta mavzu (model: haiku)
[5/135] 3-sinf/3-sinf 3-Sinf Ona tili.pdf

Limit tugadi.
You've hit your weekly limit · resets Sep 30 at 1pm (Asia/Tashkent)

Limit tiklanishi kutilmoqda: 1 daqiqa. To'xtatish uchun Ctrl+C.
Qaytadan urinilmoqda - ish to'xtagan joydan davom etadi.

[1/135] 3-sinf/3-sinf 3-Sinf Ingliz tili.pdf
  ! matn topilmadi (skaner PDF?) - o'tkazildi
[2/135] 3-sinf/3-sinf 3-Sinf Matematika.pdf
  83 ta mavzu (model: haiku)
[3/135] 3-sinf/3-sinf 3-Sinf Musiqa.pdf
  1 ta mavzu (model: haiku)
[4/135] 3-sinf/3-sinf 3-Sinf Odobnoma.pdf
  24 ta mavzu (model: haiku)
[5/135] 3-sinf/3-sinf 3-Sinf Ona tili.pdf

Limit tugadi.
You've hit your weekly limit · resets Sep 30 at 1pm (Asia/Tashkent)

Limit tiklanishi kutilmoqda: 1 daqiqa. To'xtatish uchun Ctrl+C.
Qaytadan urinilmoqda - ish to'xtagan joydan davom etadi.

[1/135] 3-sinf/3-sinf 3-Sinf Ingliz tili.pdf
  ! matn topilmadi (skaner PDF?) - o'tkazildi
[2/135] 3-sinf/3-sinf 3-Sinf Matematika.pdf
  83 ta mavzu (model: haiku)
[3/135] 3-sinf/3-sinf 3-Sinf Musiqa.pdf
  1 ta mavzu (model: haiku)
[4/135] 3-sinf/3-sinf 3-Sinf Odobnoma.pdf
  24 ta mavzu (model: haiku)
[5/135] 3-sinf/3-sinf 3-Sinf Ona tili.pdf

Limit tugadi.
You've hit your weekly limit · resets Sep 30 at 1pm (Asia/Tashkent)

Limit tiklanishi kutilmoqda: 1 daqiqa. To'xtatish uchun Ctrl+C.
Qaytadan urinilmoqda - ish to'xtagan joydan davom etadi.

[1/135] 3-sinf/3-sinf 3-Sinf Ingliz tili.pdf
  ! matn topilmadi (skaner PDF?) - o'tkazildi
[2/135] 3-sinf/3-sinf 3-Sinf Matematika.pdf
  83 ta mavzu (model: haiku)
[3/135] 3-sinf/3-sinf 3-Sinf Musiqa.pdf
  1 ta mavzu (model: haiku)
[4/135] 3-sinf/3-sinf 3-Sinf Odobnoma.pdf
  24 ta mavzu (model: haiku)
[5/135] 3-sinf/3-sinf 3-Sinf Ona tili.pdf

Limit tugadi.
You've hit your weekly limit · resets Sep 30 at 1pm (Asia/Tashkent)

Limit tiklanishi kutilmoqda: 1 daqiqa. To'xtatish uchun Ctrl+C.
Qaytadan urinilmoqda - ish to'xtagan joydan davom etadi.

[1/135] 3-sinf/3-sinf 3-Sinf Ingliz tili.pdf
  ! matn topilmadi (skaner PDF?) - o'tkazildi
[2/135] 3-sinf/3-sinf 3-Sinf Matematika.pdf
  83 ta mavzu (model: haiku)
[3/135] 3-sinf/3-sinf 3-Sinf Musiqa.pdf
  1 ta mavzu (model: haiku)
[4/135] 3-sinf/3-sinf 3-Sinf Odobnoma.pdf
  24 ta mavzu (model: haiku)
[5/135] 3-sinf/3-sinf 3-Sinf Ona tili.pdf

Limit tugadi.
You've hit your weekly limit · resets Sep 30 at 1pm (Asia/Tashkent)

Limit tiklanishi kutilmoqda: 1 daqiqa. To'xtatish uchun Ctrl+C.
Qaytadan urinilmoqda - ish to'xtagan joydan davom etadi.

[1/135] 3-sinf/3-sinf 3-Sinf Ingliz tili.pdf
  ! matn topilmadi (skaner PDF?) - o'tkazildi
[2/135] 3-sinf/3-sinf 3-Sinf Matematika.pdf
  83 ta mavzu (model: haiku)
[3/135] 3-sinf/3-sinf 3-Sinf Musiqa.pdf
  1 ta mavzu (model: haiku)
[4/135] 3-sinf/3-sinf 3-Sinf Odobnoma.pdf
  24 ta mavzu (model: haiku)
[5/135] 3-sinf/3-sinf 3-Sinf Ona tili.pdf

Limit tugadi.
You've hit your weekly limit · resets Sep 30 at 1pm (Asia/Tashkent)

Limit tiklanishi kutilmoqda: 1 daqiqa. To'xtatish uchun Ctrl+C.
Qaytadan urinilmoqda - ish to'xtagan joydan davom etadi.

[1/135] 3-sinf/3-sinf 3-Sinf Ingliz tili.pdf
  ! matn topilmadi (skaner PDF?) - o'tkazildi
[2/135] 3-sinf/3-sinf 3-Sinf Matematika.pdf
  83 ta mavzu (model: haiku)
[3/135] 3-sinf/3-sinf 3-Sinf Musiqa.pdf
  1 ta mavzu (model: haiku)
[4/135] 3-sinf/3-sinf 3-Sinf Odobnoma.pdf
  24 ta mavzu (model: haiku)
[5/135] 3-sinf/3-sinf 3-Sinf Ona tili.pdf

Limit tugadi.
You've hit your weekly limit · resets Sep 30 at 1pm (Asia/Tashkent)

Limit tiklanishi kutilmoqda: 1 daqiqa. To'xtatish uchun Ctrl+C.
Qaytadan urinilmoqda - ish to'xtagan joydan davom etadi.

[1/135] 3-sinf/3-sinf 3-Sinf Ingliz tili.pdf
  ! matn topilmadi (skaner PDF?) - o'tkazildi
[2/135] 3-sinf/3-sinf 3-Sinf Matematika.pdf
  83 ta mavzu (model: haiku)
[3/135] 3-sinf/3-sinf 3-Sinf Musiqa.pdf
  1 ta mavzu (model: haiku)
[4/135] 3-sinf/3-sinf 3-Sinf Odobnoma.pdf
  24 ta mavzu (model: haiku)
[5/135] 3-sinf/3-sinf 3-Sinf Ona tili.pdf

Limit tugadi.
You've hit your weekly limit · resets Sep 30 at 1pm (Asia/Tashkent)

Limit tiklanishi kutilmoqda: 1 daqiqa. To'xtatish uchun Ctrl+C.
Qaytadan urinilmoqda - ish to'xtagan joydan davom etadi.

[1/135] 3-sinf/3-sinf 3-Sinf Ingliz tili.pdf
  ! matn topilmadi (skaner PDF?) - o'tkazildi
[2/135] 3-sinf/3-sinf 3-Sinf Matematika.pdf
  83 ta mavzu (model: haiku)
[3/135] 3-sinf/3-sinf 3-Sinf Musiqa.pdf
  1 ta mavzu (model: haiku)
[4/135] 3-sinf/3-sinf 3-Sinf Odobnoma.pdf
  24 ta mavzu (model: haiku)
[5/135] 3-sinf/3-sinf 3-Sinf Ona tili.pdf

Limit tugadi.
You've hit your weekly limit · resets Sep 30 at 1pm (Asia/Tashkent)

Limit tiklanishi kutilmoqda: 1 daqiqa. To'xtatish uchun Ctrl+C.
Qaytadan urinilmoqda - ish to'xtagan joydan davom etadi.

[1/135] 3-sinf/3-sinf 3-Sinf Ingliz tili.pdf
  ! matn topilmadi (skaner PDF?) - o'tkazildi
[2/135] 3-sinf/3-sinf 3-Sinf Matematika.pdf
  83 ta mavzu (model: haiku)
[3/135] 3-sinf/3-sinf 3-Sinf Musiqa.pdf
  1 ta mavzu (model: haiku)
[4/135] 3-sinf/3-sinf 3-Sinf Odobnoma.pdf
  24 ta mavzu (model: haiku)
[5/135] 3-sinf/3-sinf 3-Sinf Ona tili.pdf

Limit tugadi.
You've hit your weekly limit · resets Sep 30 at 1pm (Asia/Tashkent)

Limit tiklanishi kutilmoqda: 1 daqiqa. To'xtatish uchun Ctrl+C.
Qaytadan urinilmoqda - ish to'xtagan joydan davom etadi.

[1/135] 3-sinf/3-sinf 3-Sinf Ingliz tili.pdf
  ! matn topilmadi (skaner PDF?) - o'tkazildi
[2/135] 3-sinf/3-sinf 3-Sinf Matematika.pdf
  83 ta mavzu (model: haiku)
[3/135] 3-sinf/3-sinf 3-Sinf Musiqa.pdf
  1 ta mavzu (model: haiku)
[4/135] 3-sinf/3-sinf 3-Sinf Odobnoma.pdf
  24 ta mavzu (model: haiku)
[5/135] 3-sinf/3-sinf 3-Sinf Ona tili.pdf

Limit tugadi.
You've hit your weekly limit · resets Sep 30 at 1pm (Asia/Tashkent)

Limit tiklanishi kutilmoqda: 1 daqiqa. To'xtatish uchun Ctrl+C.
Qaytadan urinilmoqda - ish to'xtagan joydan davom etadi.

[1/135] 3-sinf/3-sinf 3-Sinf Ingliz tili.pdf
  ! matn topilmadi (skaner PDF?) - o'tkazildi
[2/135] 3-sinf/3-sinf 3-Sinf Matematika.pdf
  83 ta mavzu (model: haiku)
[3/135] 3-sinf/3-sinf 3-Sinf Musiqa.pdf
  1 ta mavzu (model: haiku)
[4/135] 3-sinf/3-sinf 3-Sinf Odobnoma.pdf
  24 ta mavzu (model: haiku)
[5/135] 3-sinf/3-sinf 3-Sinf Ona tili.pdf

Limit tugadi.
You've hit your weekly limit · resets Sep 30 at 1pm (Asia/Tashkent)

Limit tiklanishi kutilmoqda: 1 daqiqa. To'xtatish uchun Ctrl+C.
Qaytadan urinilmoqda - ish to'xtagan joydan davom etadi.

[1/135] 3-sinf/3-sinf 3-Sinf Ingliz tili.pdf
  ! matn topilmadi (skaner PDF?) - o'tkazildi
[2/135] 3-sinf/3-sinf 3-Sinf Matematika.pdf
  83 ta mavzu (model: haiku)
[3/135] 3-sinf/3-sinf 3-Sinf Musiqa.pdf
  1 ta mavzu (model: haiku)
[4/135] 3-sinf/3-sinf 3-Sinf Odobnoma.pdf
  24 ta mavzu (model: haiku)
[5/135] 3-sinf/3-sinf 3-Sinf Ona tili.pdf

Limit tugadi.
You've hit your weekly limit · resets Sep 30 at 1pm (Asia/Tashkent)

Limit tiklanishi kutilmoqda: 1 daqiqa. To'xtatish uchun Ctrl+C.
Qaytadan urinilmoqda - ish to'xtagan joydan davom etadi.

[1/135] 3-sinf/3-sinf 3-Sinf Ingliz tili.pdf
  ! matn topilmadi (skaner PDF?) - o'tkazildi
[2/135] 3-sinf/3-sinf 3-Sinf Matematika.pdf
  83 ta mavzu (model: haiku)
[3/135] 3-sinf/3-sinf 3-Sinf Musiqa.pdf
  1 ta mavzu (model: haiku)
[4/135] 3-sinf/3-sinf 3-Sinf Odobnoma.pdf
  24 ta mavzu (model: haiku)
[5/135] 3-sinf/3-sinf 3-Sinf Ona tili.pdf

Limit tugadi.
You've hit your weekly limit · resets Sep 30 at 1pm (Asia/Tashkent)

Limit tiklanishi kutilmoqda: 1 daqiqa. To'xtatish uchun Ctrl+C.
Qaytadan urinilmoqda - ish to'xtagan joydan davom etadi.

[1/135] 3-sinf/3-sinf 3-Sinf Ingliz tili.pdf
  ! matn topilmadi (skaner PDF?) - o'tkazildi
[2/135] 3-sinf/3-sinf 3-Sinf Matematika.pdf
  83 ta mavzu (model: haiku)
[3/135] 3-sinf/3-sinf 3-Sinf Musiqa.pdf
  1 ta mavzu (model: haiku)
[4/135] 3-sinf/3-sinf 3-Sinf Odobnoma.pdf
  24 ta mavzu (model: haiku)
[5/135] 3-sinf/3-sinf 3-Sinf Ona tili.pdf

Limit tugadi.
You've hit your weekly limit · resets Sep 30 at 1pm (Asia/Tashkent)

Limit tiklanishi kutilmoqda: 1 daqiqa. To'xtatish uchun Ctrl+C.
Qaytadan urinilmoqda - ish to'xtagan joydan davom etadi.

[1/135] 3-sinf/3-sinf 3-Sinf Ingliz tili.pdf
  ! matn topilmadi (skaner PDF?) - o'tkazildi
[2/135] 3-sinf/3-sinf 3-Sinf Matematika.pdf
  83 ta mavzu (model: haiku)
[3/135] 3-sinf/3-sinf 3-Sinf Musiqa.pdf
  1 ta mavzu (model: haiku)
[4/135] 3-sinf/3-sinf 3-Sinf Odobnoma.pdf
  24 ta mavzu (model: haiku)
[5/135] 3-sinf/3-sinf 3-Sinf Ona tili.pdf

Limit tugadi.
You've hit your weekly limit · resets Sep 30 at 1pm (Asia/Tashkent)

Limit tiklanishi kutilmoqda: 1 daqiqa. To'xtatish uchun Ctrl+C.
Qaytadan urinilmoqda - ish to'xtagan joydan davom etadi.

[1/135] 3-sinf/3-sinf 3-Sinf Ingliz tili.pdf
  ! matn topilmadi (skaner PDF?) - o'tkazildi
[2/135] 3-sinf/3-sinf 3-Sinf Matematika.pdf
  83 ta mavzu (model: haiku)
[3/135] 3-sinf/3-sinf 3-Sinf Musiqa.pdf
  1 ta mavzu (model: haiku)
[4/135] 3-sinf/3-sinf 3-Sinf Odobnoma.pdf
  24 ta mavzu (model: haiku)
[5/135] 3-sinf/3-sinf 3-Sinf Ona tili.pdf

Limit tugadi.
You've hit your weekly limit · resets Sep 30 at 1pm (Asia/Tashkent)

Limit tiklanishi kutilmoqda: 1 daqiqa. To'xtatish uchun Ctrl+C.
Qaytadan urinilmoqda - ish to'xtagan joydan davom etadi.

[1/135] 3-sinf/3-sinf 3-Sinf Ingliz tili.pdf
  ! matn topilmadi (skaner PDF?) - o'tkazildi
[2/135] 3-sinf/3-sinf 3-Sinf Matematika.pdf
  83 ta mavzu (model: haiku)
[3/135] 3-sinf/3-sinf 3-Sinf Musiqa.pdf
  1 ta mavzu (model: haiku)
[4/135] 3-sinf/3-sinf 3-Sinf Odobnoma.pdf
  24 ta mavzu (model: haiku)
[5/135] 3-sinf/3-sinf 3-Sinf Ona tili.pdf

Limit tugadi.
You've hit your weekly limit · resets Sep 30 at 1pm (Asia/Tashkent)

Limit tiklanishi kutilmoqda: 1 daqiqa. To'xtatish uchun Ctrl+C.
Qaytadan urinilmoqda - ish to'xtagan joydan davom etadi.

[1/135] 3-sinf/3-sinf 3-Sinf Ingliz tili.pdf
  ! matn topilmadi (skaner PDF?) - o'tkazildi
[2/135] 3-sinf/3-sinf 3-Sinf Matematika.pdf
  83 ta mavzu (model: haiku)
[3/135] 3-sinf/3-sinf 3-Sinf Musiqa.pdf
  1 ta mavzu (model: haiku)
[4/135] 3-sinf/3-sinf 3-Sinf Odobnoma.pdf
  24 ta mavzu (model: haiku)
[5/135] 3-sinf/3-sinf 3-Sinf Ona tili.pdf

Limit tugadi.
You've hit your weekly limit · resets Sep 30 at 1pm (Asia/Tashkent)

Limit tiklanishi kutilmoqda: 1 daqiqa. To'xtatish uchun Ctrl+C.
Qaytadan urinilmoqda - ish to'xtagan joydan davom etadi.

[1/135] 3-sinf/3-sinf 3-Sinf Ingliz tili.pdf
  ! matn topilmadi (skaner PDF?) - o'tkazildi
[2/135] 3-sinf/3-sinf 3-Sinf Matematika.pdf
  83 ta mavzu (model: haiku)
[3/135] 3-sinf/3-sinf 3-Sinf Musiqa.pdf
  1 ta mavzu (model: haiku)
[4/135] 3-sinf/3-sinf 3-Sinf Odobnoma.pdf
  24 ta mavzu (model: haiku)
[5/135] 3-sinf/3-sinf 3-Sinf Ona tili.pdf

Limit tugadi.
You've hit your weekly limit · resets Sep 30 at 1pm (Asia/Tashkent)

Limit tiklanishi kutilmoqda: 1 daqiqa. To'xtatish uchun Ctrl+C.
Qaytadan urinilmoqda - ish to'xtagan joydan davom etadi.

[1/135] 3-sinf/3-sinf 3-Sinf Ingliz tili.pdf
  ! matn topilmadi (skaner PDF?) - o'tkazildi
[2/135] 3-sinf/3-sinf 3-Sinf Matematika.pdf
  83 ta mavzu (model: haiku)
[3/135] 3-sinf/3-sinf 3-Sinf Musiqa.pdf
  1 ta mavzu (model: haiku)
[4/135] 3-sinf/3-sinf 3-Sinf Odobnoma.pdf
  24 ta mavzu (model: haiku)
[5/135] 3-sinf/3-sinf 3-Sinf Ona tili.pdf

Limit tugadi.
You've hit your weekly limit · resets Sep 30 at 1pm (Asia/Tashkent)

Limit tiklanishi kutilmoqda: 1 daqiqa. To'xtatish uchun Ctrl+C.
Qaytadan urinilmoqda - ish to'xtagan joydan davom etadi.

[1/135] 3-sinf/3-sinf 3-Sinf Ingliz tili.pdf
  ! matn topilmadi (skaner PDF?) - o'tkazildi
[2/135] 3-sinf/3-sinf 3-Sinf Matematika.pdf
  83 ta mavzu (model: haiku)
[3/135] 3-sinf/3-sinf 3-Sinf Musiqa.pdf
  1 ta mavzu (model: haiku)
[4/135] 3-sinf/3-sinf 3-Sinf Odobnoma.pdf
  24 ta mavzu (model: haiku)
[5/135] 3-sinf/3-sinf 3-Sinf Ona tili.pdf

Limit tugadi.
You've hit your weekly limit · resets Sep 30 at 1pm (Asia/Tashkent)

Limit tiklanishi kutilmoqda: 1 daqiqa. To'xtatish uchun Ctrl+C.
Qaytadan urinilmoqda - ish to'xtagan joydan davom etadi.

[1/135] 3-sinf/3-sinf 3-Sinf Ingliz tili.pdf
  ! matn topilmadi (skaner PDF?) - o'tkazildi
[2/135] 3-sinf/3-sinf 3-Sinf Matematika.pdf
  83 ta mavzu (model: haiku)
[3/135] 3-sinf/3-sinf 3-Sinf Musiqa.pdf
  1 ta mavzu (model: haiku)
[4/135] 3-sinf/3-sinf 3-Sinf Odobnoma.pdf
  24 ta mavzu (model: haiku)
[5/135] 3-sinf/3-sinf 3-Sinf Ona tili.pdf

Limit tugadi.
You've hit your weekly limit · resets Sep 30 at 1pm (Asia/Tashkent)

Limit tiklanishi kutilmoqda: 1 daqiqa. To'xtatish uchun Ctrl+C.
Qaytadan urinilmoqda - ish to'xtagan joydan davom etadi.

[1/135] 3-sinf/3-sinf 3-Sinf Ingliz tili.pdf
  ! matn topilmadi (skaner PDF?) - o'tkazildi
[2/135] 3-sinf/3-sinf 3-Sinf Matematika.pdf
  83 ta mavzu (model: haiku)
[3/135] 3-sinf/3-sinf 3-Sinf Musiqa.pdf
  1 ta mavzu (model: haiku)
[4/135] 3-sinf/3-sinf 3-Sinf Odobnoma.pdf
  24 ta mavzu (model: haiku)
[5/135] 3-sinf/3-sinf 3-Sinf Ona tili.pdf

Limit tugadi.
You've hit your weekly limit · resets Sep 30 at 1pm (Asia/Tashkent)

Limit tiklanishi kutilmoqda: 1 daqiqa. To'xtatish uchun Ctrl+C.
Qaytadan urinilmoqda - ish to'xtagan joydan davom etadi.

[1/135] 3-sinf/3-sinf 3-Sinf Ingliz tili.pdf
  ! matn topilmadi (skaner PDF?) - o'tkazildi
[2/135] 3-sinf/3-sinf 3-Sinf Matematika.pdf
  83 ta mavzu (model: haiku)
[3/135] 3-sinf/3-sinf 3-Sinf Musiqa.pdf
  1 ta mavzu (model: haiku)
[4/135] 3-sinf/3-sinf 3-Sinf Odobnoma.pdf
  24 ta mavzu (model: haiku)
[5/135] 3-sinf/3-sinf 3-Sinf Ona tili.pdf

Limit tugadi.
You've hit your weekly limit · resets Sep 30 at 1pm (Asia/Tashkent)

Limit tiklanishi kutilmoqda: 1 daqiqa. To'xtatish uchun Ctrl+C.
Qaytadan urinilmoqda - ish to'xtagan joydan davom etadi.

[1/135] 3-sinf/3-sinf 3-Sinf Ingliz tili.pdf
  ! matn topilmadi (skaner PDF?) - o'tkazildi
[2/135] 3-sinf/3-sinf 3-Sinf Matematika.pdf
  83 ta mavzu (model: haiku)
[3/135] 3-sinf/3-sinf 3-Sinf Musiqa.pdf
  1 ta mavzu (model: haiku)
[4/135] 3-sinf/3-sinf 3-Sinf Odobnoma.pdf
  24 ta mavzu (model: haiku)
[5/135] 3-sinf/3-sinf 3-Sinf Ona tili.pdf

Limit tugadi.
You've hit your weekly limit · resets Sep 30 at 1pm (Asia/Tashkent)

Limit tiklanishi kutilmoqda: 1 daqiqa. To'xtatish uchun Ctrl+C.
Qaytadan urinilmoqda - ish to'xtagan joydan davom etadi.

[1/135] 3-sinf/3-sinf 3-Sinf Ingliz tili.pdf
  ! matn topilmadi (skaner PDF?) - o'tkazildi
[2/135] 3-sinf/3-sinf 3-Sinf Matematika.pdf
  83 ta mavzu (model: haiku)
[3/135] 3-sinf/3-sinf 3-Sinf Musiqa.pdf
  1 ta mavzu (model: haiku)
[4/135] 3-sinf/3-sinf 3-Sinf Odobnoma.pdf
  24 ta mavzu (model: haiku)
[5/135] 3-sinf/3-sinf 3-Sinf Ona tili.pdf

Limit tugadi.
You've hit your weekly limit · resets Sep 30 at 1pm (Asia/Tashkent)

Limit tiklanishi kutilmoqda: 1 daqiqa. To'xtatish uchun Ctrl+C.
Qaytadan urinilmoqda - ish to'xtagan joydan davom etadi.

[1/135] 3-sinf/3-sinf 3-Sinf Ingliz tili.pdf
  ! matn topilmadi (skaner PDF?) - o'tkazildi
[2/135] 3-sinf/3-sinf 3-Sinf Matematika.pdf
  83 ta mavzu (model: haiku)
[3/135] 3-sinf/3-sinf 3-Sinf Musiqa.pdf
  1 ta mavzu (model: haiku)
[4/135] 3-sinf/3-sinf 3-Sinf Odobnoma.pdf
  24 ta mavzu (model: haiku)
[5/135] 3-sinf/3-sinf 3-Sinf Ona tili.pdf

Limit tugadi.
You've hit your weekly limit · resets Sep 30 at 1pm (Asia/Tashkent)

Limit tiklanishi kutilmoqda: 1 daqiqa. To'xtatish uchun Ctrl+C.
Qaytadan urinilmoqda - ish to'xtagan joydan davom etadi.

[1/135] 3-sinf/3-sinf 3-Sinf Ingliz tili.pdf
  ! matn topilmadi (skaner PDF?) - o'tkazildi
[2/135] 3-sinf/3-sinf 3-Sinf Matematika.pdf
  83 ta mavzu (model: haiku)
[3/135] 3-sinf/3-sinf 3-Sinf Musiqa.pdf
  1 ta mavzu (model: haiku)
[4/135] 3-sinf/3-sinf 3-Sinf Odobnoma.pdf
  24 ta mavzu (model: haiku)
[5/135] 3-sinf/3-sinf 3-Sinf Ona tili.pdf

Limit tugadi.
You've hit your weekly limit · resets Sep 30 at 1pm (Asia/Tashkent)

Limit tiklanishi kutilmoqda: 1 daqiqa. To'xtatish uchun Ctrl+C.
Qaytadan urinilmoqda - ish to'xtagan joydan davom etadi.

[1/135] 3-sinf/3-sinf 3-Sinf Ingliz tili.pdf
  ! matn topilmadi (skaner PDF?) - o'tkazildi
[2/135] 3-sinf/3-sinf 3-Sinf Matematika.pdf
  83 ta mavzu (model: haiku)
[3/135] 3-sinf/3-sinf 3-Sinf Musiqa.pdf
  1 ta mavzu (model: haiku)
[4/135] 3-sinf/3-sinf 3-Sinf Odobnoma.pdf
  24 ta mavzu (model: haiku)
[5/135] 3-sinf/3-sinf 3-Sinf Ona tili.pdf

Limit tugadi.
You've hit your weekly limit · resets Sep 30 at 1pm (Asia/Tashkent)

Limit tiklanishi kutilmoqda: 1 daqiqa. To'xtatish uchun Ctrl+C.
Qaytadan urinilmoqda - ish to'xtagan joydan davom etadi.

[1/135] 3-sinf/3-sinf 3-Sinf Ingliz tili.pdf
  ! matn topilmadi (skaner PDF?) - o'tkazildi
[2/135] 3-sinf/3-sinf 3-Sinf Matematika.pdf
  83 ta mavzu (model: haiku)
[3/135] 3-sinf/3-sinf 3-Sinf Musiqa.pdf
  1 ta mavzu (model: haiku)
[4/135] 3-sinf/3-sinf 3-Sinf Odobnoma.pdf
  24 ta mavzu (model: haiku)
[5/135] 3-sinf/3-sinf 3-Sinf Ona tili.pdf

Limit tugadi.
You've hit your weekly limit · resets Sep 30 at 1pm (Asia/Tashkent)

Limit tiklanishi kutilmoqda: 1 daqiqa. To'xtatish uchun Ctrl+C.
Qaytadan urinilmoqda - ish to'xtagan joydan davom etadi.

[1/135] 3-sinf/3-sinf 3-Sinf Ingliz tili.pdf
  ! matn topilmadi (skaner PDF?) - o'tkazildi
[2/135] 3-sinf/3-sinf 3-Sinf Matematika.pdf
  83 ta mavzu (model: haiku)
[3/135] 3-sinf/3-sinf 3-Sinf Musiqa.pdf
  1 ta mavzu (model: haiku)
[4/135] 3-sinf/3-sinf 3-Sinf Odobnoma.pdf
  24 ta mavzu (model: haiku)
[5/135] 3-sinf/3-sinf 3-Sinf Ona tili.pdf

Limit tugadi.
You've hit your weekly limit · resets Sep 30 at 1pm (Asia/Tashkent)

Limit tiklanishi kutilmoqda: 1 daqiqa. To'xtatish uchun Ctrl+C.
Qaytadan urinilmoqda - ish to'xtagan joydan davom etadi.

[1/135] 3-sinf/3-sinf 3-Sinf Ingliz tili.pdf
  ! matn topilmadi (skaner PDF?) - o'tkazildi
[2/135] 3-sinf/3-sinf 3-Sinf Matematika.pdf
  83 ta mavzu (model: haiku)
[3/135] 3-sinf/3-sinf 3-Sinf Musiqa.pdf
  1 ta mavzu (model: haiku)
[4/135] 3-sinf/3-sinf 3-Sinf Odobnoma.pdf
  24 ta mavzu (model: haiku)
[5/135] 3-sinf/3-sinf 3-Sinf Ona tili.pdf

Limit tugadi.
You've hit your weekly limit · resets Sep 30 at 1pm (Asia/Tashkent)

Limit tiklanishi kutilmoqda: 1 daqiqa. To'xtatish uchun Ctrl+C.
Qaytadan urinilmoqda - ish to'xtagan joydan davom etadi.

[1/135] 3-sinf/3-sinf 3-Sinf Ingliz tili.pdf
  ! matn topilmadi (skaner PDF?) - o'tkazildi
[2/135] 3-sinf/3-sinf 3-Sinf Matematika.pdf
  83 ta mavzu (model: haiku)
[3/135] 3-sinf/3-sinf 3-Sinf Musiqa.pdf
  1 ta mavzu (model: haiku)
[4/135] 3-sinf/3-sinf 3-Sinf Odobnoma.pdf
  24 ta mavzu (model: haiku)
[5/135] 3-sinf/3-sinf 3-Sinf Ona tili.pdf

Limit tugadi.
You've hit your weekly limit · resets Sep 30 at 1pm (Asia/Tashkent)

Limit tiklanishi kutilmoqda: 1 daqiqa. To'xtatish uchun Ctrl+C.
Qaytadan urinilmoqda - ish to'xtagan joydan davom etadi.

[1/135] 3-sinf/3-sinf 3-Sinf Ingliz tili.pdf
  ! matn topilmadi (skaner PDF?) - o'tkazildi
[2/135] 3-sinf/3-sinf 3-Sinf Matematika.pdf
  83 ta mavzu (model: haiku)
[3/135] 3-sinf/3-sinf 3-Sinf Musiqa.pdf
  1 ta mavzu (model: haiku)
[4/135] 3-sinf/3-sinf 3-Sinf Odobnoma.pdf
  24 ta mavzu (model: haiku)
[5/135] 3-sinf/3-sinf 3-Sinf Ona tili.pdf

Limit tugadi.
You've hit your weekly limit · resets Sep 30 at 1pm (Asia/Tashkent)

Limit tiklanishi kutilmoqda: 1 daqiqa. To'xtatish uchun Ctrl+C.
Qaytadan urinilmoqda - ish to'xtagan joydan davom etadi.

[1/135] 3-sinf/3-sinf 3-Sinf Ingliz tili.pdf
  ! matn topilmadi (skaner PDF?) - o'tkazildi
[2/135] 3-sinf/3-sinf 3-Sinf Matematika.pdf
  83 ta mavzu (model: haiku)
[3/135] 3-sinf/3-sinf 3-Sinf Musiqa.pdf
  1 ta mavzu (model: haiku)
[4/135] 3-sinf/3-sinf 3-Sinf Odobnoma.pdf
  24 ta mavzu (model: haiku)
[5/135] 3-sinf/3-sinf 3-Sinf Ona tili.pdf
  ! mavzular aniqlanmadi - o'tkazildi (keyingi safar qayta urinadi)
[6/135] 3-sinf/3-sinf 3-Sinf O‘qish.pdf
  77 ta mavzu (model: haiku)
[7/135] 3-sinf/3-sinf 3-Sinf Rus tili.pdf
  24 ta mavzu (model: haiku)
[8/135] 3-sinf/3-sinf 3-Sinf Tabiatshunoslik.pdf
  41 ta mavzu (model: haiku)
[9/135] 3-sinf/3-sinf 3-Sinf Tarbiya.pdf
  20 ta mavzu (model: haiku)
[10/135] 3-sinf/3-sinf 3-Sinf Tasviriy san’at.pdf
  28 ta mavzu (model: haiku)
[11/135] 3-sinf/3-sinf 3-Sinf Texnologiya.pdf
  30 ta mavzu (model: haiku)
[12/135] 4-sinf/4-sinf 4-Sinf Ingliz tili.pdf
  ! matn topilmadi (skaner PDF?) - o'tkazildi
[13/135] 4-sinf/4-sinf 4-Sinf Matematika.pdf
  28 ta mavzu (model: haiku)
[14/135] 4-sinf/4-sinf 4-Sinf Musiqa.pdf
  27 ta mavzu (model: haiku)
[15/135] 4-sinf/4-sinf 4-Sinf Odobnoma.pdf
  36 ta mavzu (model: haiku)
[16/135] 4-sinf/4-sinf 4-Sinf Ona tili.pdf
  17 ta mavzu (model: haiku)
[17/135] 4-sinf/4-sinf 4-Sinf O‘qish (metodika).pdf
  23 ta mavzu (model: haiku)
[18/135] 4-sinf/4-sinf 4-Sinf O‘qish.pdf
  36 ta mavzu (model: haiku)
[19/135] 4-sinf/4-sinf 4-Sinf Rus tili.pdf
  42 ta mavzu (model: haiku)
[20/135] 4-sinf/4-sinf 4-Sinf Tabiatshunoslik.pdf
  33 ta mavzu (model: haiku)
[21/135] 4-sinf/4-sinf 4-Sinf Tasviriy san’at.pdf
  23 ta mavzu (model: haiku)
[22/135] 4-sinf/4-sinf 4-Sinf Texnologiya.pdf
  49 ta mavzu (model: haiku)
[23/135] 5-sinf/5-sinf 5-Sinf Adabiyot.pdf
  22 ta mavzu (model: haiku)
[24/135] 5-sinf/5-sinf 5-Sinf Biologiya.pdf
  13 ta mavzu (model: haiku)
[25/135] 5-sinf/5-sinf 5-Sinf Geografiya.pdf
  23 ta mavzu (model: haiku)
[26/135] 5-sinf/5-sinf 5-Sinf Informatika.pdf
  32 ta mavzu (model: haiku)
[27/135] 5-sinf/5-sinf 5-Sinf Ingliz tili.pdf
  13 ta mavzu (model: haiku)
[28/135] 5-sinf/5-sinf 5-Sinf Matematika (1-qism).pdf
  36 ta mavzu (model: haiku)
[29/135] 5-sinf/5-sinf 5-Sinf Matematika (2-qism).pdf
  20 ta mavzu (model: haiku)
[30/135] 5-sinf/5-sinf 5-Sinf Musiqa.pdf
  29 ta mavzu (model: haiku)
[31/135] 5-sinf/5-sinf 5-Sinf Ona tili.pdf
  52 ta mavzu (model: haiku)
[32/135] 5-sinf/5-sinf 5-Sinf Rus tili.pdf
  30 ta mavzu (model: haiku)
[33/135] 5-sinf/5-sinf 5-Sinf Tarixdan hikoyalar.pdf
  34 ta mavzu (model: haiku)
[34/135] 5-sinf/5-sinf 5-Sinf Tasviriy san’at.pdf
  12 ta mavzu (model: haiku)
[35/135] 5-sinf/5-sinf 5-Sinf Texnologiya.pdf
  64 ta mavzu (model: haiku)
[36/135] 5-sinf/5-sinf 5-Sinf Vatan tuyg‘usi.pdf
  10 ta mavzu (model: haiku)
[37/135] 6-sinf/6-sinf 6-Sinf Adabiyot (1-qism).pdf
  10 ta mavzu (model: haiku)
[38/135] 6-sinf/6-sinf 6-Sinf Adabiyot (2-qism).pdf
  11 ta mavzu (model: haiku)
[39/135] 6-sinf/6-sinf 6-Sinf Botanika.pdf
  ! matn topilmadi (skaner PDF?) - o'tkazildi
[40/135] 6-sinf/6-sinf 6-Sinf Fizika.pdf
  24 ta mavzu (model: haiku)
[41/135] 6-sinf/6-sinf 6-Sinf Geografiya.pdf
  61 ta mavzu (model: haiku)
[42/135] 6-sinf/6-sinf 6-Sinf Informatika (1).pdf
  12 ta mavzu (model: haiku)
[43/135] 6-sinf/6-sinf 6-Sinf Informatika (2).pdf
  14 ta mavzu (model: haiku)
[44/135] 6-sinf/6-sinf 6-Sinf Informatika.pdf
  24 ta mavzu (model: haiku)
[45/135] 6-sinf/6-sinf 6-Sinf Ingliz tili.pdf
  77 ta mavzu (model: haiku)
    xato: Expecting value: line 1 column 1 (char 0)
    ! [6] UNIT 1 LESSON 6 - Project - o'tkazildi
    xato: Expecting value: line 1 column 1 (char 0)
    ! [3] UNIT 1 LESSON 3 - He wants to be a/an - o'tkazildi
    ! [9] UNIT 2 LESSON 3 - o'tkazildi
    ! [14] UNIT 3 LESSON 2 - o'tkazildi
    ! [32] UNIT 6 LESSON 2 - Dinosaurs - o'tkazildi
    ! [44] UNIT 8 LESSON 2 - o'tkazildi
    [49/77] UNIT 9 LESSON 1 - Continents, countries - 30 ta
[46/135] 6-sinf/6-sinf 6-Sinf Matematika.pdf
  18 ta mavzu (model: haiku)
[47/135] 6-sinf/6-sinf 6-Sinf Musiqa.pdf
  ! matn topilmadi (skaner PDF?) - o'tkazildi
[48/135] 6-sinf/6-sinf 6-Sinf Ona tili.pdf
  46 ta mavzu (model: haiku)
[49/135] 6-sinf/6-sinf 6-Sinf Rus tili.pdf
  37 ta mavzu (model: haiku)
[50/135] 6-sinf/6-sinf 6-Sinf Tarix.pdf
  44 ta mavzu (model: haiku)
    [29/44] 29-§. Yunonistonda teatr va madaniyat - 30 ta
    [30/44] 30-§. Qadimgi Yunoniston afsonalari - 30 ta
    [31/44] 31-§. O'rta Osiyoda ahamoniylar hukmronligi - 30 ta
    [32/44] 32-§. O'rta Osiyo xalqlarining yunon-makedon istilochilariga qarshi kurashi - 30 ta
    [33/44] 33-§. Salavkiylar davlati va Yunon-Baqtriya podsholigi - 30 ta
    [34/44] 34-§. Qadimgi Xorazm, Qang' va Davan davlati - 30 ta
    [35/44] 35-§. Kushon davlati - 30 ta
    [36/44] 36-§. Buyuk Ipak yo'li - 30 ta
    [39/44] 39-§. Rim respublikasining hayoti - 30 ta
    [38/44] 38-§. Rim respublikasi - 30 ta
    [37/44] 37-§. Qadimgi Italiya - 29 ta
    [40/44] 40-§. Rim qo'shinlari va Puni urushlari - 30 ta
    [42/44] 42-§. Yuliy Sezar va Rim imperiyasi - 30 ta
    xato: Expecting ',' delimiter: line 31 column 298 (char 7527)
    [41/44] 41-§. Qullar va gladiatorlar - 29 ta
    [44/44] 44-§. Qadimgi Rim madaniyati - 30 ta
    [43/44] 43-§. Rim imperiyasining rivojlanishi va qulashi - 30 ta
[51/135] 6-sinf/6-sinf 6-Sinf Tasviriy san’at.pdf
  ! matn topilmadi (skaner PDF?) - o'tkazildi
[52/135] 6-sinf/6-sinf 6-Sinf Vatan tuyg‘usi.pdf
  18 ta mavzu (model: haiku)
    [3/18] VATANIMIZ POYTAXTI - 30 ta
    [1/18] ENG ULUG', ENG AZIZ AYYOM - 29 ta
    [2/18] MUSTAQILLIGIMIZ ABADIY BO'LSIN! - 29 ta
    xato: Expecting ',' delimiter: line 32 column 10 (char 8685)
    [4/18] O'ZBEKISTON MILLIY BOG'I - 30 ta
    [5/18] BUYUK QADAMJOLAR - 30 ta
    [7/18] QADIMIY REGISTON - 30 ta
    [6/18] TARIXIY XOTIRA - 30 ta
    [8/18] MODDIY VA MA'NAVIY HAYOT - 29 ta
    [9/18] OLIYJANOBLIK - 30 ta
    [10/18] O'TDA YONMAYDIGAN MEROS - 30 ta
    [11/18] O'ZBEKISTON – BUYUK ALLOMALAR YURTI - 30 ta
    [13/18] UMUMBASHARIY QADRIYATLAR - 30 ta
    [14/18] BIZ – O'ZBEKISTON FUQAROSIMIZ - 30 ta
    [12/18] MILLIY QADRIYATLARIMIZ - 30 ta
    [15/18] VATANPARVARLIK - 30 ta
    [16/18] O'ZBEKISTONNING FIDOYI FARZANDLARI - 30 ta
    [18/18] TA'LIM VA TARBIYA UYG'UNLIGI - 30 ta
    [17/18] VATANNI ULUG'LASH - 30 ta
[53/135] 7-sinf/7-sinf 7-Sinf Adabiyot.pdf
  25 ta mavzu (model: sonnet)
    [3/25] SHUХRAT - 30 ta
    [1/25] BADIIY SO'Z QUDRATI - 30 ta
    [2/25] HAMZA HAKIMZODA NIYOZIY - 30 ta
    [4/25] MARDLIK AFSONASI - 29 ta
    [5/25] BALLADA - 30 ta
    [6/25] ASQAD MUХTOR - 29 ta
    [7/25] SHE'RIY TUZUMI - 30 ta
    [8/25] MIRMUHSIN MIRSAIDOV - 30 ta
    [9/25] Prose excerpt - 30 ta
    [11/25] YOZUVCHI O'ZI HAQIDA - 30 ta
    [10/25] O'LMAS UMARBEKOV - 30 ta
    [12/25] RAVSHAN - 30 ta
    [14/25] ALISHER NAVOI - 30 ta
    [13/25] OBRAZ - 30 ta
    [16/25] TASHBIH, TANOSUB, IRSOLI MASAL SAN'ATLARI - 30 ta
    [15/25] SAB'AI SAYYOR DOSTONI - 30 ta
    [17/25] TAHALLUS VA TAVSIF - 30 ta
    [18/25] ZAVQIY - 30 ta
    [20/25] ABDULLA QAHHOR - 29 ta
    [19/25] MAXTUMQULI - 30 ta
    [21/25] Prose narrative - 29 ta
    [22/25] CHO'LPON - 30 ta
    [23/25] MIRTEMIR - 30 ta
    [24/25] XAYRIDDIN SALOH - 30 ta
    [25/25] ERNEST SETON-THOMPSON - 30 ta
[54/135] 7-sinf/7-sinf 7-Sinf Algebra.pdf
  22 ta mavzu (model: sonnet)
    [3/22] Algebraik ifodalar - 30 ta
    [1/22] 5—6- sinflarda o'rganilgan mavzularni takrorlash - 30 ta
    [2/22] Sonli ifodalar - 30 ta
    [4/22] Arifmetik amallarning xossalari - 30 ta
    [5/22] Tenglama va uning yechimlari - 30 ta
    [6/22] Bir noma'lumli birinchi darajali tenglamalarni yechish - 30 ta
    [8/22] Natural ko'rsatkichli daraja - 30 ta
    [7/22] Masalalarni tenglamalar yordamida yechish - 30 ta
    [9/22] Natural ko'rsatkichli darajaning xossalari - 30 ta
    [10/22] Birhadlar - 30 ta
    [11/22] Birhadlarni ko'paytirish - 30 ta
    [12/22] Ko'phadlar - 30 ta
    [13/22] Ko'phadlarni qo'shish va ayirish - 30 ta
    [14/22] Ko'phadni birhadga ko'paytirish - 30 ta
    [17/22] Umumiy ko'paytuvchini qavsdan tashqariga chiqarish - 30 ta
    [16/22] Ko'phadni birhadga bo'lish - 30 ta
    [15/22] Ko'phadlarni ko'paytirish - 30 ta
    [19/22] Qisqa ko'paytirish formulalari - 30 ta
    [18/22] Guruhlash usuli - 30 ta
    [20/22] Ko'phadni ko'paytuvchilarga ajratishning bir nechta usulini qo'llash - 30 ta
    [21/22] Algebraik kasrlar - 30 ta
    [22/22] Kombinatorika elementlari - 30 ta
[55/135] 7-sinf/7-sinf 7-Sinf Fizika.pdf
  7 ta mavzu (model: sonnet)
    [1/7] I BOB. MEXANIK HARAKAT HAQIDA UMUMIY MA'LUMOTLAR - 30 ta
    [3/7] III BOB. TEKIS AYLANMA HARAKAT - 30 ta
    [2/7] II BOB. TO'G'RI CHIZIQLI HARAKAT - 30 ta
    [4/7] IV BOB. HARAKAT QONUNLARI - 30 ta
    [5/7] V BOB. TASHQI KUCHLAR TA'SIRIDA JISMLARNING HARAKATI - 30 ta
    [6/7] VI BOB. IMPULSNING SAQLANISH QONUNI - 30 ta
    [7/7] VII BOB. ISH VA ENERGIYA. ENERGIYANING SAQLANISH QONUNI - 30 ta
[56/135] 7-sinf/7-sinf 7-Sinf Geografiya.pdf
  30 ta mavzu (model: sonnet)
    [2/30] O'rta Osiyoning geografik o'rganilish tarixi - 29 ta
    [3/30] Geografik xaritalar va ularning shartli belgilari - 29 ta
    [1/30] Kirish - 30 ta
    [5/30] O'rta Osiyoning geologik tuzilishi - 30 ta
    [6/30] O'rta Osiyoning iqlimi va havo massalari - 30 ta
    [4/30] Vaqt o'lchovi va soat mintakalari - 30 ta
    [7/30] O'rta Osiyoning daryolari - 29 ta
    [9/30] O'rta Osiyoning tuproqlari - 30 ta
    [8/30] O'rta Osiyoning ko'llari va suv omborlari - 30 ta
    [10/30] O'rta Osiyo o'simliklari - 30 ta
    [11/30] O'rta Osiyo tabiiy o'lkasi - 30 ta
    [12/30] O'rta Osiyoning ekologik muammolari - 30 ta
    [13/30] O'zbekiston - 30 ta
    [15/30] O'zbekistonning iqlimi - 30 ta
    [16/30] O'zbekistonning yil fasllari - 29 ta
    [14/30] O'zbekistonning yer yuzasi, geologik tuzilishi - 30 ta
    [17/30] O'zbekistonning ichki suvlari - 30 ta
    [19/30] O'zbekistonning tabiiy geografik okruglari - 30 ta
    [18/30] O'zbekistonning tuproqlari, o'simliklari - 30 ta
    [20/30] Chirchiq-Ohangaron tabiiy geografik okrugi - 30 ta
    [21/30] Farg'ona tabiiy geografik okrugi - 30 ta
    [22/30] Mirzacho'l tabiiy geografik okrugi - 29 ta
    [23/30] O'rta va Quyi Zarafshon tabiiy geografik okruglari - 30 ta
    [25/30] Surxondaryo tabiiy geografik okrugi - 30 ta
    [24/30] Qashqadaryo tabiiy geografik okrugi - 29 ta
    [26/30] Quyi Zarafshon tabiiy geografik okrugi - 30 ta
    [28/30] Quyi Amudaryo tabiiy geografik okrugi - 30 ta
    [27/30] Qizilqum tabiiy geografik okrugi - 30 ta
    [29/30] Ustyurt tabiiy geografik okrugi - 30 ta
    [30/30] Orolbo'yi tabiiy geografik okrugi - 29 ta
[57/135] 7-sinf/7-sinf 7-Sinf Geometriya.pdf
  27 ta mavzu (model: sonnet)
    [1/27] 1. Geometriya fani va predmeti - 29 ta
    [2/27] 2. Eng sodda geometrik shakllar: nuqta, to'g'ri chiziq va tekislik - 30 ta
    [4/27] Aylana va doira - 30 ta
